Abbreviation	SMILES
im	c1c[nH+]c[nH]1
im-1	Cn1cc[nH+]c1
im-2	CCn1cc[nH+]c1
im-3	CCCn1cc[nH+]c1
im-4	CCCCn1cc[nH+]c1
im-5	CCCCCn1cc[nH+]c1
im-6	CCCCCCn1cc[nH+]c1
im-7	CCCCCCCn1cc[nH+]c1
im-8	CCCCCCCCn1cc[nH+]c1
im-9	CCCCCCCCCn1cc[nH+]c1
im-10	CCCCCCCCCCn1cc[nH+]c1
im-11	CCCCCCCCCCCn1cc[nH+]c1
im-12	CCCCCCCCCCCCn1cc[nH+]c1
im-1o4	CCCCOCn1cc[nH+]c1
im-1o5	CCCCCOCn1cc[nH+]c1
im-1o6	CCCCCCOCn1cc[nH+]c1
im-1o7	CCCCCCCOCn1cc[nH+]c1
im-1o8	CCCCCCCCOCn1cc[nH+]c1
im-1o9	CCCCCCCCCOCn1cc[nH+]c1
im-1o10	CCCCCCCCCCOCn1cc[nH+]c1
im-1o11	CCCCCCCCCCCOCn1cc[nH+]c1
im-1o12	CCCCCCCCCCCCOCn1cc[nH+]c1
im-6oh	OCCCCCCn1cc[nH+]c1
im-2cn	N#CCCn1cc[nH+]c1
im-1,1[2]	Cc1[nH]cc[n+]1C
im-1,s2[2]	CCSc1[nH+]ccn1C
im-1,s4[2]	CCCCSc1[nH+]ccn1C
im-3so3h,1[2]	Cc1[nH]cc[n+]1CCCS(O)(=O)=O
im-3so3h,2[2]	CCc1[nH]cc[n+]1CCCS(O)(=O)=O
im-3so3h,ph[2]	OS(=O)(=O)CCC[n+]1cc[nH]c1-c1ccccc1
im-1,1	Cn1cc[n+](C)c1
im-2,1	CCn1cc[n+](C)c1
im-2,1,1	CCn1cc[n+](C)c1C
im-2,2	CCn1cc[n+](CC)c1
im-2,1,1[5]	CCn1c[n+](C)cc1C
im-2,2,1[5]	CCn1c[n+](CC)cc1C
im-3,1	CCC[n+]1ccn(C)c1
im-3i,1	CC(C)[n+]1ccn(C)c1
im-3,2	CCC[n+]1ccn(CC)c1
im-3,3	CCCn1cc[n+](CCC)c1
im-3,1,1	CCC[n+]1ccn(C)c1C
im-4,1	CCCCn1cc[n+](C)c1
im-4,2	CCCC[n+]1ccn(CC)c1
im-4,4	CCCCn1cc[n+](CCCC)c1
im-4,1,1	CCCCn1cc[n+](C)c1C
im-4i,1	CC(C)Cn1cc[n+](C)c1
im-5,1	CCCCCn1cc[n+](C)c1
im-5i,1	CC(C)CCn1cc[n+](C)c1
im-5,2	CCCCCn1cc[n+](CC)c1
im-5,4	CCCCCn1cc[n+](CCCC)c1
im-5i,4	CCCC[n+]1ccn(CCC(C)C)c1
im-5n,4	CCC(CC)n1cc[n+](C)c1
im-5,5	CCCCCn1cc[n+](CCCCC)c1
im-5,1,1	CCCCC[n+]1ccn(C)c1C
im-6,1	CCCCCC[n+]1ccn(C)c1
im-6i,1	CC(C)CCC[n+]1ccn(C)c1
im-6,2	CCCCCCn1cc[n+](CC)c1
im-6,4	CCCCCCn1cc[n+](CCCC)c1
im-6,6	CCCCCCn1cc[n+](CCCCCC)c1
im-6,1,1	CCCCCC[n+]1ccn(C)c1C
im-7,1	CCCCCCC[n+]1ccn(C)c1
im-7i,1	CC(C)CCCC[n+]1ccn(C)c1
im-7,1,1	CCCCCCC[n+]1ccn(C)c1C
im-7,7	CCCCCCCn1cc[n+](CCCCCCC)c1
im-8,1	CCCCCCCCn1cc[n+](C)c1
im-8,2	CCCCCCCCn1cc[n+](CC)c1
im-8,3	CCCCCCCCn1cc[n+](CCC)c1
im-8,4	CCCCCCCCn1cc[n+](CCCC)c1
im-8,8	CCCCCCCCn1cc[n+](CCCCCCCC)c1
im-8,1,1	CCCCCCCC[n+]1ccn(C)c1C
im-9,1	CCCCCCCCCn1cc[n+](C)c1
im-9,9	CCCCCCCCCn1cc[n+](CCCCCCCCC)c1
im-10,1	CCCCCCCCCCn1cc[n+](C)c1
im-10,1,1	CCCCCCCCCCn1cc[n+](C)c1C
im-10,10	CCCCCCCCCCn1cc[n+](CCCCCCCCCC)c1
im-11,1	CCCCCCCCCCCn1cc[n+](C)c1
im-12,1	CCCCCCCCCCCCn1cc[n+](C)c1
im-12,12	CCCCCCCCCCCCn1cc[n+](CCCCCCCCCCCC)c1
im-14,1	CCCCCCCCCCCCCCn1cc[n+](C)c1
im-16,1	CCCCCCCCCCCCCCCCn1cc[n+](C)c1
im-18,1	CCCCCCCCCCCCCCCCCCn1cc[n+](C)c1
im-cp,1	C[n+]1ccn(c1)C1CCCC1
im-cp,4	CCCC[n+]1ccn(c1)C1CCCC1
im-1cp,1	C[n+]1ccn(CC2CCCC2)c1
im-2cp,1	C[n+]1ccn(CCC2CCCC2)c1
im-ch,1	C[n+]1ccn(c1)C1CCCCC1
im-ch,2	CC[n+]1ccn(c1)C1CCCCC1
im-1ch,1	C[n+]1ccn(CC2CCCCC2)c1
im-2ch,1	C[n+]1ccn(CCC2CCCCC2)c1
im-3ch,1	C[n+]1ccn(CCCC2CCCCC2)c1
im-c7,1	C[n+]1ccn(c1)C1CCCCCC1
im-a,1	C[n+]1ccn(CC=C)c1
im-a,4	CCCC[n+]1ccn(CC=C)c1
im-a,6	CCCCCC[n+]1ccn(CC=C)c1
im-a,8	CCCCCCCC[n+]1ccn(CC=C)c1
im-a,10	CCCCCCCCCC[n+]1ccn(CC=C)c1
im-a,12	CCCCCCCCCCCC[n+]1ccn(CC=C)c1
im-a,14	CCCCCCCCCCCCCC[n+]1ccn(CC=C)c1
im-a,1,1	Cc1n(CC=C)cc[n+]1C
im-2v,1,1	Cc1n(CCC=C)cc[n+]1C
im-c,1,1	C\C=C\C[n+]1ccn(C)c1C
im-8chch(E)8,1	CCCCCCCC\C=C\CCCCCCCC[n+]1ccn(C)c1
im-8chch(Z)8,1	CCCCCCCC\C=C/CCCCCCCC[n+]1ccn(C)c1
im-8chch(Z)1chch(Z)5,1	CCCCC\C=C/C\C=C/CCCCCCCC[n+]1ccn(C)c1
im-v,8	CCCCCCCC[n+]1ccn(C=C)c1
im-v,10	CCCCCCCCCC[n+]1ccn(C=C)c1
im-v,a	C=CCn1cc[n+](C=C)c1
im-1cch,1	C[n+]1ccn(CC#C)c1
im-1ph,1	C[n+]1ccn(Cc2ccccc2)c1
im-2ph,1	C[n+]1ccn(CCc2ccccc2)c1
im-3ph,1	C[n+]1ccn(CCCc2ccccc2)c1
im-1ph,1ph	C(c1ccccc1)n1cc[n+](Cc2ccccc2)c1
im-2oh,1	C[n+]1ccn(CCO)c1
im-2oh,1,1	Cc1n(CCO)cc[n+]1C
im-3oh,1	C[n+]1ccn(CCCO)c1
im-3oh,2	CC[n+]1ccn(CCCO)c1
im-3oh[2],1	C[C@H](O)Cn1cc[n+](C)c1
im-6oh,1	C[n+]1ccn(CCCCCCO)c1
im-6oh,2	CC[n+]1ccn(CCCCCCO)c1
im-6oh,4	CCCC[n+]1ccn(CCCCCCO)c1
im-8oh,1	C[n+]1ccn(CCCCCCCCO)c1
im-1o6,1	CCCCCCOC[n+]1ccn(C)c1
im-1o3,1o3	CCCOCn1cc[n+](COCCC)c1
im-1o4,1o4	CCCCOCn1cc[n+](COCCCC)c1
im-1o5,1o5	CCCCCOCn1cc[n+](COCCCCC)c1
im-1o6,1o6	CCCCCCOCn1cc[n+](COCCCCCC)c1
im-1o7,1o7	CCCCCCCOCn1cc[n+](COCCCCCCC)c1
im-1o8,1o8	CCCCCCCCOCn1cc[n+](COCCCCCCCC)c1
im-1o1,1	COCn1cc[n+](C)c1
im-1o1,2	CC[n+]1ccn(COC)c1
im-1o1,3	CCC[n+]1ccn(COC)c1
im-1o1,4	CCCC[n+]1ccn(COC)c1
im-1o2,1	CCOCn1cc[n+](C)c1
im-1o2,2	CCOCn1cc[n+](CC)c1
im-1o2,3	CCC[n+]1ccn(COCC)c1
im-1o2,4	CCCC[n+]1ccn(COCC)c1
im-2o1,1	COCC[n+]1ccn(C)c1
im-2o1,2	CC[n+]1ccn(CCOC)c1
im-2o1,3	CCC[n+]1ccn(CCOC)c1
im-2o1,4	CCCC[n+]1ccn(CCOC)c1
im-2o2,1	CCOCCn1cc[n+](C)c1
im-2o2,2	CCOCCn1cc[n+](CC)c1
im-2o2,3	CCC[n+]1ccn(CCOCC)c1
im-2o2,4	CCCC[n+]1ccn(CCOCC)c1
im-[2o]21,1	COCCOCCn1cc[n+](C)c1
im-[2o]31,1	COCCOCCOCCn1cc[n+](C)c1
im-2o1,1o1	COCCn1cc[n+](COC)c1
im-2o1,2o1	COCCn1cc[n+](CCOC)c1
im-2o1,1o2	CCOCn1cc[n+](CCOC)c1
im-2o2,1o1	CCOCC[n+]1ccn(COC)c1
im-2o2,1o2	CCOCC[n+]1ccn(COCC)c1
im-2o2,2o1	CCOCC[n+]1ccn(CCOC)c1
im-2o2,2o2	CCOCCn1cc[n+](CCOCC)c1
im-2o1,1,1	COCC[n+]1ccn(C)c1C
im-2o1,1,2	CCc1n(C)cc[n+]1CCOC
im-2o1,2,1	CCn1cc[n+](CCOC)c1C
im-2o1,2,2	CCc1n(CC)cc[n+]1CCOC
im-2o1,3,1	CCCn1cc[n+](CCOC)c1C
im-2o1,3,2	CCCn1cc[n+](CCOC)c1CC
im-2o1,4,1	CCCCn1cc[n+](CCOC)c1C
im-2o1,4,2	CCCCn1cc[n+](CCOC)c1CC
im-2o1,5,1	CCCCCn1cc[n+](CCOC)c1C
im-2o1,5,2	CCCCCn1cc[n+](CCOC)c1CC
im-2o2,1,1	CCOCC[n+]1ccn(C)c1C
im-2o2,1,2	CCOCC[n+]1ccn(C)c1CC
im-2o2,2,1	CCOCC[n+]1ccn(CC)c1C
im-2o2,2,2	CCOCC[n+]1ccn(CC)c1CC
im-2o2,3,1	CCCn1cc[n+](CCOCC)c1C
im-2o2,3,2	CCCn1cc[n+](CCOCC)c1CC
im-2o2,4,1	CCCCn1cc[n+](CCOCC)c1C
im-2o2,4,2	CCCCn1cc[n+](CCOCC)c1CC
im-2o2,5,1	CCCCCn1cc[n+](CCOCC)c1C
im-2o2,5,2	CCCCCn1cc[n+](CCOCC)c1CC
im-2o1,2o1,2	CCc1n(CCOC)cc[n+]1CCOC
im-2o2,2o1,1	CCOCC[n+]1ccn(CCOC)c1C
im-2o2,2o1,2	CCOCC[n+]1ccn(CCOC)c1CC
im-2o2,2o2,1	CCOCCn1cc[n+](CCOCC)c1C
im-2o2,2o2,2	CCOCCn1cc[n+](CCOCC)c1CC
im-3o1,2o1,1	COCCCn1cc[n+](CCOC)c1C
im-3o1,2o1,2	CCc1n(CCCOC)cc[n+]1CCOC
im-3o1,2o2,1	CCOCC[n+]1ccn(CCCOC)c1C
im-3o1,2o2,2	CCOCC[n+]1ccn(CCCOC)c1CC
im-2o2oh,1	C[n+]1ccn(CCOCCO)c1
im-3,1,1o4	CCCCOCc1n(C)cc[n+]1CCC
im-1,1,1o2	CCOCc1n(C)cc[n+]1C
im-1,1,1o3	CCCOCc1n(C)cc[n+]1C
im-2,1,1o2	CCOCc1n(C)cc[n+]1CC
im-2,1,1o3	CCCOCc1n(CC)cc[n+]1C
im-2,2,1o2	CCOCc1n(CC)cc[n+]1CC
im-2,2,1o3	CCCOCc1n(CC)cc[n+]1CC
im-2o1,1,1o2	CCOCc1n(C)cc[n+]1CCOC
im-2o1,1,1o3	CCCOCc1n(C)cc[n+]1CCOC
im-2o1,2,1o2	CCOCc1n(CC)cc[n+]1CCOC
im-2o1,2,1o3	CCCOCc1n(CC)cc[n+]1CCOC
im-2o2,1,1o2	CCOCC[n+]1ccn(C)c1COCC
im-2o2,1,1o3	CCCOCc1n(C)cc[n+]1CCOCC
im-2o2,2,1o2	CCOCC[n+]1ccn(CC)c1COCC
im-2o2,2,1o3	CCCOCc1n(CC)cc[n+]1CCOCC
im-3,1,1o2	CCC[n+]1ccn(C)c1COCC
im-3,1,1o3	CCCOCc1n(C)cc[n+]1CCC
im-3,2,1o2	CCC[n+]1ccn(CC)c1COCC
im-3,2,1o3	CCCOCc1n(CC)cc[n+]1CCC
im-4,1,1o2	CCCC[n+]1ccn(C)c1COCC
im-4,1,1o3	CCCC[n+]1ccn(C)c1COCCC
im-4,2,1o2	CCCC[n+]1ccn(CC)c1COCC
im-4,2,1o3	CCCC[n+]1ccn(CC)c1COCCC
im-5,1,1o2	CCCCC[n+]1ccn(C)c1COCC
im-5,1,1o3	CCCCC[n+]1ccn(C)c1COCCC
im-5,2,1o2	CCCCC[n+]1ccn(CC)c1COCC
im-5,2,1o3	CCCCC[n+]1ccn(CC)c1COCCC
im-moxm,1	CC(C)[C@@H]1CC[C@@H](C)C[C@H]1OC[n+]1ccn(C)c1
im-moxm,2	CCn1cc[n+](CO[C@@H]2C[C@H](C)CC[C@H]2C(C)C)c1
im-moxm,3	CCCn1cc[n+](CO[C@@H]2C[C@H](C)CC[C@H]2C(C)C)c1
im-moxm,4	CCCCn1cc[n+](CO[C@@H]2C[C@H](C)CC[C@H]2C(C)C)c1
im-moxm,5	CCCCCn1cc[n+](CO[C@@H]2C[C@H](C)CC[C@H]2C(C)C)c1
im-moxm,6	CCCCCCn1cc[n+](CO[C@@H]2C[C@H](C)CC[C@H]2C(C)C)c1
im-moxm,7	CCCCCCCn1cc[n+](CO[C@@H]2C[C@H](C)CC[C@H]2C(C)C)c1
im-moxm,8	CCCCCCCCn1cc[n+](CO[C@@H]2C[C@H](C)CC[C@H]2C(C)C)c1
im-moxm,9	CCCCCCCCCn1cc[n+](CO[C@@H]2C[C@H](C)CC[C@H]2C(C)C)c1
im-moxm,10	CCCCCCCCCCn1cc[n+](CO[C@@H]2C[C@H](C)CC[C@H]2C(C)C)c1
im-moxm,11	CCCCCCCCCCCn1cc[n+](CO[C@@H]2C[C@H](C)CC[C@H]2C(C)C)c1
im-moxm,12	CCCCCCCCCCCCn1cc[n+](CO[C@@H]2C[C@H](C)CC[C@H]2C(C)C)c1
im-pho1,1	COc1ccc(cc1)-[n+]1ccn(C)c1
im-3nhconh4,1	CCCCNC(=O)NCCCn1cc[n+](C)c1
im-1(1[f]),1	C[n+]1ccn(CC(F)(F)F)c1
im-2(1[f]),1	C[n+]1ccn(CCC(F)(F)F)c1
im-2(2[f]),1	C[n+]1ccn(CCC(F)(F)C(F)(F)F)c1
im-2(4[f]),1	C[n+]1ccn(CCC(F)(F)C(F)(F)C(F)(F)C(F)(F)F)c1
im-2(6[f]),1	C[n+]1ccn(CCC(F)(F)C(F)(F)C(F)(F)C(F)(F)C(F)(F)C(F)(F)F)c1
im-2cl,1	Cn1cc[n+](CCCl)c1
im-1(chbr,ch2br),(chbr,ch2br)	BrC[C@@H](Br)Cn1cc[n+](c1)[C@H](Br)CBr
im-1(chbr,ch2br),1(chbr,ch2br)	BrC[C@@H](Br)Cn1cc[n+](C[C@@H](Br)CBr)c1
im-2(cfbr,cf2br),1	C[n+]1ccn(CC[C@](F)(Br)C(F)(F)Br)c1
im-2(cfbr,cf2br),1(chbr,ch2br)	FC(F)(Br)[C@@](F)(Br)CCn1cc[n+](C[C@H](Br)CBr)c1
im-1(chbr,ch2br),1,br[4],br[5]	Cn1c[n+](C[C@H](Br)CBr)c(Br)c1Br
im-1(chbr,ch2br),1,i[4],i[5]	Cn1c[n+](C[C@H](Br)CBr)c(I)c1I
im-1(chbr,ch2br),1(chbr,ch2br),i[4],i[5]	BrC[C@@H](Br)Cn1c[n+](C[C@@H](Br)CBr)c(I)c1I
im-11[br]1n3,1	Cn1cc[n+](C[C@@H](Br)CN=[N+]=[N-])c1
im-11[n3]1br,1	Cn1cc[n+](C[C@H](CBr)N=[N+]=[N-])c1
im-1cn,1	Cn1cc[n+](CC#N)c1
im-2cn,1	Cn1cc[n+](CCC#N)c1
im-3cn,1	Cn1cc[n+](CCCC#N)c1
im-3cn,1,1	Cc1n(C)cc[n+]1CCCC#N
im-4cn,1	Cn1cc[n+](CCCCC#N)c1
im-2cn,4	CCCC[n+]1ccn(CCC#N)c1
im-2cn,6	CCCCCC[n+]1ccn(CCC#N)c1
im-2cn,8	CCCCCCCC[n+]1ccn(CCC#N)c1
im-2cn,10	CCCCCCCCCC[n+]1ccn(CCC#N)c1
im-2cn,1ph	N#CCCn1cc[n+](Cc2ccccc2)c1
im-2cn,a	C=CC[n+]1ccn(CCC#N)c1
im-2cn,2oh	OCC[n+]1ccn(CCC#N)c1
im-2cn,2o2	CCOCC[n+]1ccn(CCC#N)c1
im-3,1,cn	CCC[n+]1ccn(C)c1C#N
im-2nh2,1	C[n+]1ccn(CCN)c1
im-3nh2,1	C[n+]1ccn(CCCN)c1
im-1cooh,1	C[n+]1ccn(CC(O)=O)c1
im-1cooh,1,1	Cc1n(C)cc[n+]1CC(O)=O
im-1cooh,4	CCCCn1cc[n+](CC(O)=O)c1
im-1coo2,1	CCOC(=O)C[n+]1ccn(C)c1
im-2,1,s1	CCn1cc[n+](C)c1SC
im-2,1,s3	CCCSc1n(CC)cc[n+]1C
im-2,1,s3i	CCn1cc[n+](C)c1SC(C)C
im-2,1,s8	CCCCCCCCSc1n(CC)cc[n+]1C
im-6,1,s1	CCCCCCn1cc[n+](C)c1SC
im-3so3h	OS(=O)(=O)CCC[n+]1cc[nH]c1
im-3so3h,1	Cn1cc[n+](CCCS(O)(=O)=O)c1
im-3so3h,2	CCn1cc[n+](CCCS(O)(=O)=O)c1
im-3so3h,4	CCCCn1cc[n+](CCCS(O)(=O)=O)c1
im-4so3h,1	Cn1cc[n+](CCCCS(O)(=O)=O)c1
im-4so31	COS(=O)(=O)CCCCn1cc[n+](C)c1
im-4so32	CCOS(=O)(=O)CCCCn1cc[n+](C)c1
im-2dp,4	CCCCn1cc[n+](CCP(=O)(OCC)OCC)c1
im-3dp,4	CCCCn1cc[n+](CCCP(=O)(OCC)OCC)c1
im-2dp,6	CCCCCCn1cc[n+](CCP(=O)(OCC)OCC)c1
im-3dp,6	CCCCCCn1cc[n+](CCCP(=O)(OCC)OCC)c1
im-2dp,8	CCCCCCCCn1cc[n+](CCP(=O)(OCC)OCC)c1
im-3dp,8	CCCCCCCCn1cc[n+](CCCP(=O)(OCC)OCC)c1
im-1tms,1	C[n+]1ccn(C[Si](C)(C)C)c1
im-1tms,1,1	Cc1n(C)cc[n+]1C[Si](C)(C)C
im-1dmsph,1	C[n+]1ccn(C[Si](C)(C)c2ccccc2)c1
im-1dmsotms,1	C[n+]1ccn(C[Si](C)(C)O[Si](C)(C)C)c1
im-1tms,1,1o4	CCCCOCc1n(C)cc[n+]1C[Si](C)(C)C
im-1dmsodmsph,1	Cn1cc[n+](C[Si](C)(C)O[Si](C)(C)c2ccccc2)c1
im-1dmsodphs1,1	Cn1cc[n+](C[Si](C)(C)O[Si](C)(c2ccccc2)c2ccccc2)c1
im-1conh4,2	CCCCNC(=O)C[n+]1ccn(CC)c1
im-2ono2,1	C[n+]1ccn(CCO[N+]([O-])=O)c1
im-2,1D	[2H]C([2H])([2H])n1cc[n+](CC)c1
im-2D,1	[2H]C([2H])([2H])C([2H])([2H])[n+]1ccn(C)c1
im-2D,1D	[2H]C([2H])([2H])n1cc[n+](c1)C([2H])([2H])C([2H])([2H])[2H]
pz-2,1	CC[n+]1cccn1C
pz-4,1	CCCC[n+]1cccn1C
pz-1,1,1[4]	Cc1cn(C)[n+](C)c1
pz-2,1,1[3],1[5]	CC[n+]1c(C)cc(C)n1C
pz-3,1,1[3],1[5]	CCC[n+]1c(C)cc(C)n1C
pz-4,1,1[3],1[5]	CCCC[n+]1c(C)cc(C)n1C
pz-ph,1,1[3],1[5]	Cc1cc(C)[n+](C)n1-c1ccccc1
pz-ph,4,1[3],1[5]	CCCC[n+]1c(C)cc(C)n1-c1ccccc1
pz-ph,5,1[3],1[5]	CCCCC[n+]1c(C)cc(C)n1-c1ccccc1
pz-ph,6,1[3],1[5]	CCCCCC[n+]1c(C)cc(C)n1-c1ccccc1
pz-ph,7,1[3],1[5]	CCCCCCC[n+]1c(C)cc(C)n1-c1ccccc1
pz-2o1,1	COCC[n+]1cccn1C
pz-2o1,2	CCn1ccc[n+]1CCOC
pz-2o2,1	CCOCC[n+]1cccn1C
pz-2o2,2	CCOCC[n+]1cccn1CC
pz-2o1,1,1[3],1[5]	COCC[n+]1c(C)cc(C)n1C
pz-2o1,2,1[3],1[5]	CCn1c(C)cc(C)[n+]1CCOC
trz123-4,1	CCCCn1cc[n+](C)n1
trz123-6,1	CCCCCCn1cc[n+](C)n1
trz123-8,1	CCCCCCCCn1cc[n+](C)n1
trz123-10,1	CCCCCCCCCCn1cc[n+](C)n1
trz123-12,1	CCCCCCCCCCCCn1cc[n+](C)n1
trz123-3,3,3[4]	CCCc1cn(CCC)n[n+]1CCC
trz123-3,3,3i[4]	CCCn1cc(C(C)C)[n+](CCC)n1
trz123-3i,3,3i[4]	CCC[n+]1nn(cc1C(C)C)C(C)C
trz123-3i,3i,3i[4]	CC(C)c1cn(n[n+]1C(C)C)C(C)C
trz123-6,1,3[4]	CCCCCCn1cc(CCC)[n+](C)n1
trz123-1ph,1,3[4]	CCCc1cn(Cc2ccccc2)n[n+]1C
trz123-1ph,1,ph[4]	C[n+]1nn(Cc2ccccc2)cc1-c1ccccc1
trz123-6,1,ph[4]	CCCCCCn1cc(-c2ccccc2)[n+](C)n1
trz123-8,1,ph[4]	CCCCCCCCn1cc(-c2ccccc2)[n+](C)n1
trz123-ph,1,6[4]	CCCCCCc1cn(n[n+]1C)-c1ccccc1
trz123-[2o]31,1,3[4]	CCCc1cn(CCOCCOCCOC)n[n+]1C
trz123-[2o]31,1,ph[4]	COCCOCCOCCn1cc(-c2ccccc2)[n+](C)n1
trz123-1tms,1,3[4]	CCCc1cn(C[Si](C)(C)C)n[n+]1C
trz123-1tms,1,ph[4]	C[n+]1nn(C[Si](C)(C)C)cc1-c1ccccc1
trz124-4,1	CCCCn1c[n+](C)cn1
trz124-4so3h,5	CCCCCn1c[n+](CCCCS(O)(=O)=O)cn1
trz124-nh2,1	Cn1c[n+](N)cn1
trz124-2f,7	CCCCCCCn1c[n+](CCF)cn1
trz124-2f,10	CCCCCCCCCCn1c[n+](CCF)cn1
trz124-2(1[f]),1	Cn1c[n+](CCC(F)(F)F)cn1
trz124-2(1[f]),3	CCCn1c[n+](CCC(F)(F)F)cn1
trz124-2(1[f]),4	CCCCn1c[n+](CCC(F)(F)F)cn1
trz124-2(1[f]),7	CCCCCCCn1c[n+](CCC(F)(F)F)cn1
trz124-2(1[f]),10	CCCCCCCCCCn1c[n+](CCC(F)(F)F)cn1
tetraz-1,s2[5]	CCSc1[nH+]nnn1C
bthz-s2[2]	CCSc1[nH+]c2ccccc2s1
dc[im-1]2-2	Cn1cc[n+](CCn2cc[n+](C)c2)c1
dc[im-1]2-3	C[n+]1ccn(CCCn2cc[n+](C)c2)c1
dc[im-1]2-4	C[n+]1ccn(CCCCn2cc[n+](C)c2)c1
dc[im-1]2-5	C[n+]1ccn(CCCCCn2cc[n+](C)c2)c1
dc[im-1]2-6	C[n+]1ccn(CCCCCCn2cc[n+](C)c2)c1
dc[im-1]2-8	C[n+]1ccn(CCCCCCCCn2cc[n+](C)c2)c1
dc[im-1]2-9	C[n+]1ccn(CCCCCCCCCn2cc[n+](C)c2)c1
dc[im-1]2-10	C[n+]1ccn(CCCCCCCCCCn2cc[n+](C)c2)c1
dc[im-1]2-12	C[n+]1ccn(CCCCCCCCCCCCn2cc[n+](C)c2)c1
dc[im-2]2-4	CCn1cc[n+](CCCC[n+]2ccn(CC)c2)c1
dc[im-4]2-5	CCCC[n+]1ccn(CCCCCn2cc[n+](CCCC)c2)c1
dc[im-4]2-9	CCCC[n+]1ccn(CCCCCCCCCn2cc[n+](CCCC)c2)c1
dc[im-1,1]2-3	Cc1n(C)cc[n+]1CCC[n+]1ccn(C)c1C
dc[im-1,1]2-4	Cc1n(C)cc[n+]1CCCC[n+]1ccn(C)c1C
dc[im-1,1]2-5	Cc1n(CCCCCn2cc[n+](C)c2C)cc[n+]1C
dc[im-1,1]2-7	Cc1n(C)cc[n+]1CCCCCCC[n+]1ccn(C)c1C
dc[im-1,1]2-9	Cc1n(CCCCCCCCCn2cc[n+](C)c2C)cc[n+]1C
dc[im-1,1]2-3[1i]	C[C@H](CC[n+]1ccn(C)c1C)[n+]1ccn(C)c1C
dc[im-1,1]2-3[2i]	CC(C[n+]1ccn(C)c1C)C[n+]1ccn(C)c1C
dc[im-1,1]2-3[2ichch]	Cc1n(C)cc[n+]1CC(=C)C[n+]1ccn(C)c1C
dc[im-1,1]2-4[1i]	C[C@@H](CCC[n+]1ccn(C)c1C)[n+]1ccn(C)c1C
dc[im-1,1]2-4[1i,4i]	C[C@H](CC[C@@H](C)[n+]1ccn(C)c1C)[n+]1ccn(C)c1C
dc[im-1,1]2-4[2chch]	Cc1n(C)cc[n+]1C\C=C/C[n+]1ccn(C)c1C
dc[im-1,1]2-5[3i]	CC(CC[n+]1ccn(C)c1C)CC[n+]1ccn(C)c1C
dc[im-1,1]2-5[3i,3i]	Cc1n(C)cc[n+]1CCC(C)(C)CC[n+]1ccn(C)c1C
dc[im-1,1]2-5[3t]	Cc1n(C)cc[n+]1CCC(CC[n+]1ccn(C)c1C)C(C)(C)C
dc[im-v]2-4	C=Cn1cc[n+](CCCC[n+]2ccn(C=C)c2)c1
dc[im-1ph]2-5	C(CCn1cc[n+](Cc2ccccc2)c1)CCn1cc[n+](Cc2ccccc2)c1
dc[im-1ph]2-12	C(CCCCCCn1cc[n+](Cc2ccccc2)c1)CCCCCn1cc[n+](Cc2ccccc2)c1
dc[im-2oh]2-4	OCCn1cc[n+](CCCC[n+]2ccn(CCO)c2)c1
dc[im-2oh]2-5	OCC[n+]1ccn(CCCCCn2cc[n+](CCO)c2)c1
dc[im-1cooh]2-4	OC(=O)Cn1cc[n+](CCCC[n+]2ccn(CC(O)=O)c2)c1
dc[im-1cn]2-4	N#CCn1cc[n+](CCCC[n+]2ccn(CC#N)c2)c1
dc[im-1]2-1[1o1]1	C[n+]1ccn(CCOCCn2cc[n+](C)c2)c1
dc[im-1]2-1[1o1]21	C[n+]1ccn(CCOCCOCCn2cc[n+](C)c2)c1
dc[im-1]2-1[1o1]31	C[n+]1ccn(CCOCCOCCOCCn2cc[n+](C)c2)c1
dc[im-1]2-1[1o1]41	C[n+]1ccn(CCOCCOCCOCCOCCn2cc[n+](C)c2)c1
dc[im-4]2-1[1o1]1	CCCC[n+]1ccn(CCOCCn2cc[n+](CCCC)c2)c1
dc[im-3]2-1[1o1]31	CCC[n+]1ccn(CCOCCOCCOCCn2cc[n+](CCC)c2)c1
dc[im-6]2-1[1o1]31	CCCCCC[n+]1ccn(CCOCCOCCOCCn2cc[n+](CCCCCC)c2)c1
dc[im-1,1]2-1[1o1]31	Cc1n(CCOCCOCCOCCn2cc[n+](C)c2C)cc[n+]1C
dc[im-1]-11[n3]1-im-v	C[n+]1ccn(C[C@H](Cn2cc[n+](C=C)c2)N=[N+]=[N-])c1
dc[im-2(1[f])]2-1[1o1]31	FC(F)(F)CC[n+]1ccn(CCOCCOCCOCCn2cc[n+](CCC(F)(F)F)c2)c1
dc[im-3(1[f])]2-1[1o1]31	FC(F)(F)CCC[n+]1ccn(CCOCCOCCOCCn2cc[n+](CCCC(F)(F)F)c2)c1
dc[im-2(4[f])]2-1[1o1]31	FC(F)(F)C(F)(F)C(F)(F)C(F)(F)CC[n+]1ccn(CCOCCOCCOCCn2cc[n+](CCC(F)(F)C(F)(F)C(F)(F)C(F)(F)F)c2)c1
dc[im-1conh2]2-4	NC(=O)C[n+]1ccn(CCCCn2cc[n+](CC(N)=O)c2)c1
dc[trz124-4]2-1[1o1]1	CCCC[n+]1cn(CCOCCn2cn[n+](CCCC)c2)cn1
dc[trz124-4]2-1[1o1]21	CCCC[n+]1cn(CCOCCOCCn2cn[n+](CCCC)c2)cn1
dc[trz124-4]2-1[1o1]31	CCCC[n+]1cn(CCOCCOCCOCCn2cn[n+](CCCC)c2)cn1
dc[trz124-4]2-1[1o1]41	CCCC[n+]1cn(CCOCCOCCOCCOCCn2cn[n+](CCCC)c2)cn1
dc[im-1]-2-n-1,1,1	Cn1cc[n+](CC[N+](C)(C)C)c1
dc[im-1]-5-n-1,1,1	C[n+]1ccn(CCCCC[N+](C)(C)C)c1
dc[im-4]-5-n-1,1,1	CCCC[n+]1ccn(CCCCC[N+](C)(C)C)c1
dc[im-1,1]-5-n-1,1,1	Cc1n(CCCCC[N+](C)(C)C)cc[n+]1C
dc[im-1]-2-n-a,1,1	Cn1cc[n+](CC[N+](C)(C)CC=C)c1
dc[im-v]-2-n-1,1,1	C[N+](C)(C)CC[n+]1ccn(C=C)c1
dc[im-v]-2-n-a,1,1	C[N+](C)(CC[n+]1ccn(C=C)c1)CC=C
dc[im-1ph]-5-n-1,1,1	C[N+](C)(C)CCCCCn1cc[n+](Cc2ccccc2)c1
dc[im-2oh]-5-n-1,1,1	C[N+](C)(C)CCCCCn1cc[n+](CCO)c1
tc[im-1]im-3,3[im-1]	C[n+]1ccn(CCCn2cc[n+](CCCn3cc[n+](C)c3)c2)c1
tc[im-1]im-6,6[im-1]	C[n+]1ccn(CCCCCCn2cc[n+](CCCCCCn3cc[n+](C)c3)c2)c1
tc[im-1]im-10,10[im-1]	C[n+]1ccn(CCCCCCCCCCn2cc[n+](CCCCCCCCCCn3cc[n+](C)c3)c2)c1
tc[im-4]im-3,3[im-4]	CCCC[n+]1ccn(CCCn2cc[n+](CCCn3cc[n+](CCCC)c3)c2)c1
tc[im-4]im-6,6[im-4]	CCCC[n+]1ccn(CCCCCCn2cc[n+](CCCCCCn3cc[n+](CCCC)c3)c2)c1
tc[im-4]im-10,10[im-4]	CCCC[n+]1ccn(CCCCCCCCCCn2cc[n+](CCCCCCCCCCn3cc[n+](CCCC)c3)c2)c1
tc[im-1ph]im-3,3[im-1ph]	C(Cn1cc[n+](CCCn2cc[n+](Cc3ccccc3)c2)c1)Cn1cc[n+](Cc2ccccc2)c1
tc[im-1ph]im-6,6[im-1ph]	C(CCCn1cc[n+](Cc2ccccc2)c1)CCn1cc[n+](CCCCCCn2cc[n+](Cc3ccccc3)c2)c1
tc[im-1ph]im-10,10[im-1ph]	C(CCCCCn1cc[n+](Cc2ccccc2)c1)CCCCn1cc[n+](CCCCCCCCCCn2cc[n+](Cc3ccccc3)c2)c1
tc[p-3,3,3]im-3,3[p-3,3,3]	CCC[P+](CCC)(CCC)CCCn1cc[n+](CCC[P+](CCC)(CCC)CCC)c1
tc[p-3,3,3]im-6,6[p-3,3,3]	CCC[P+](CCC)(CCC)CCCCCCn1cc[n+](CCCCCC[P+](CCC)(CCC)CCC)c1
tc[p-3,3,3]im-10,10[p-3,3,3]	CCC[P+](CCC)(CCC)CCCCCCCCCCn1cc[n+](CCCCCCCCCC[P+](CCC)(CCC)CCC)c1
py	c1cc[nH+]cc1
py-1[4]	Cc1cc[nH+]cc1
py-1	C[n+]1ccccc1
py-2	CC[n+]1ccccc1
py-3	CCC[n+]1ccccc1
py-4	CCCC[n+]1ccccc1
py-5	CCCCC[n+]1ccccc1
py-6	CCCCCC[n+]1ccccc1
py-7	CCCCCCC[n+]1ccccc1
py-8	CCCCCCCC[n+]1ccccc1
py-10	CCCCCCCCCC[n+]1ccccc1
py-12	CCCCCCCCCCCC[n+]1ccccc1
py-1ph	C(c1ccccc1)[n+]1ccccc1
py-[2o]21	COCCOCC[n+]1ccccc1
py-[2o]31	COCCOCCOCC[n+]1ccccc1
py-[2o]41	COCCOCCOCCOCC[n+]1ccccc1
py-2ono2	[O-][N+](=O)OCC[n+]1ccccc1
py-1,1[3]	Cc1ccc[n+](C)c1
py-1,2[2]	CCc1cccc[n+]1C
py-2,1[2]	CC[n+]1ccccc1C
py-2,1[3]	CC[n+]1cccc(C)c1
py-2,1[4]	CC[n+]1ccc(C)cc1
py-2,2[2]	CCc1cccc[n+]1CC
py-2,3[2]	CCCc1cccc[n+]1CC
py-2,4[2]	CCCCc1cccc[n+]1CC
py-2,5[2]	CCCCCc1cccc[n+]1CC
py-2,6[2]	CCCCCCc1cccc[n+]1CC
py-2,7[2]	CCCCCCCc1cccc[n+]1CC
py-2,8[2]	CCCCCCCCc1cccc[n+]1CC
py-3,1[2]	CCC[n+]1ccccc1C
py-3,1[3]	CCC[n+]1cccc(C)c1
py-3,1[4]	CCC[n+]1ccc(C)cc1
py-4,1[2]	CCCC[n+]1ccccc1C
py-4,1[3]	CCCC[n+]1cccc(C)c1
py-4i,1[3]	CC(C)C[n+]1cccc(C)c1
py-4,1[4]	CCCC[n+]1ccc(C)cc1
py-4,1[2],1[3]	CCCC[n+]1cccc(C)c1C
py-4,1[3],1[5]	CCCC[n+]1cc(C)cc(C)c1
py-4,1[2],2[5]	CCCC[n+]1cc(CC)ccc1C
py-4,1[2],1[3],1[5]	CCCC[n+]1cc(C)cc(C)c1C
py-6,1[3]	CCCCCC[n+]1cccc(C)c1
py-6,1[4]	CCCCCC[n+]1ccc(C)cc1
py-6,1[2],1[4]	CCCCCC[n+]1ccc(C)cc1C
py-6,1[3],1[5]	CCCCCC[n+]1cc(C)cc(C)c1
py-8,1[3]	CCCCCCCC[n+]1cccc(C)c1
py-8,1[4]	CCCCCCCC[n+]1ccc(C)cc1
py-8,1[2],1[3]	CCCCCCCC[n+]1cccc(C)c1C
py-8,1[3],1[5]	CCCCCCCC[n+]1cc(C)cc(C)c1
py-8,1[2],2[5]	CCCCCCCC[n+]1cc(CC)ccc1C
py-8,1[2],1[3],1[5]	CCCCCCCC[n+]1cc(C)cc(C)c1C
py-1ph,1[2]	Cc1cccc[n+]1Cc1ccccc1
py-1ph,1[3]	Cc1ccc[n+](Cc2ccccc2)c1
py-1ph,1[4]	Cc1cc[n+](Cc2ccccc2)cc1
py-2o1	COCC[n+]1ccccc1
py-2oh	OCC[n+]1ccccc1
py-3oh	OCCC[n+]1ccccc1
py-moxm	CC(C)[C@@H]1CC[C@@H](C)C[C@H]1OC[n+]1ccccc1
py-moxm,1[2]	CC(C)[C@@H]1CC[C@@H](C)C[C@H]1OC[n+]1ccccc1C
py-moxm,4t[3]	CC(C)[C@@H]1CC[C@@H](C)C[C@H]1OC[n+]1ccc(cc1)C(C)(C)C
py-1coo2	CCC(=O)OC[n+]1ccccc1
py-1cn	N#CC[n+]1ccccc1
py-2cn	N#CCC[n+]1ccccc1
py-3cn	N#CCCC[n+]1ccccc1
py-5cn	N#CCCCCC[n+]1ccccc1
py-10cn	N#CCCCCCCCCCC[n+]1ccccc1
py-1cn,1[3]	Cc1ccc[n+](CC#N)c1
py-1cn,1[4]	Cc1cc[n+](CC#N)cc1
py-1cn,1[2],1[5]	Cc1ccc(C)[n+](CC#N)c1
py-3cn,1[2]	Cc1cccc[n+]1CCCC#N
py-3cn,1[3]	Cc1ccc[n+](CCCC#N)c1
py-3cn,1[4]	Cc1cc[n+](CCCC#N)cc1
py-3cn,2[2]	CCc1cccc[n+]1CCCC#N
py-3cn,2[4]	CCc1cc[n+](CCCC#N)cc1
py-3cn,1[2],1[5]	Cc1ccc(C)[n+](CCCC#N)c1
py-5cn,1[2]	Cc1cccc[n+]1CCCCCC#N
py-5cn,1[3]	Cc1ccc[n+](CCCCCC#N)c1
py-5cn,1[4]	Cc1cc[n+](CCCCCC#N)cc1
py-2,cn[2]	CC[n+]1ccccc1C#N
py-2,cn[3]	CC[n+]1cccc(c1)C#N
py-2,cn[4]	CC[n+]1ccc(cc1)C#N
py-4,cn[4]	CCCC[n+]1ccc(cc1)C#N
py-4,cn[3]	CCCC[n+]1cccc(c1)C#N
py-6,cn[3]	CCCCCC[n+]1cccc(c1)C#N
py-6,cn[4]	CCCCCC[n+]1ccc(cc1)C#N
py-8,cn[3]	CCCCCCCC[n+]1cccc(c1)C#N
py-8,cn[4]	CCCCCCCC[n+]1ccc(cc1)C#N
py-3cn,coo1[3]	COC(=O)c1ccc[n+](CCCC#N)c1
py-4,dma[4]	CCCC[n+]1ccc(cc1)N(C)C
py-6,dma[4]	CCCCCC[n+]1ccc(cc1)N(C)C
py-6,1[3],dma[4]	CCCCCC[n+]1ccc(N(C)C)c(C)c1
py-1o1,dma[4]	COC[n+]1ccc(cc1)N(C)C
py-1o2,dma[4]	CCOC[n+]1ccc(cc1)N(C)C
py-1o3,dma[4]	CCCOC[n+]1ccc(cc1)N(C)C
py-1o4,dma[4]	CCCCOC[n+]1ccc(cc1)N(C)C
py-1o5,dma[4]	CCCCCOC[n+]1ccc(cc1)N(C)C
py-1o6,dma[4]	CCCCCCOC[n+]1ccc(cc1)N(C)C
py-1o7,dma[4]	CCCCCCCOC[n+]1ccc(cc1)N(C)C
py-1o8,dma[4]	CCCCCCCCOC[n+]1ccc(cc1)N(C)C
py-1o9,dma[4]	CCCCCCCCCOC[n+]1ccc(cc1)N(C)C
py-4so3h	OS(=O)(=O)CCCC[n+]1ccccc1
py-10,py[4]	CCCCCCCCCC[n+]1ccc(cc1)-c1ccncc1
dc[py]2-5	C(CC[n+]1ccccc1)CC[n+]1ccccc1
dc[py]-5-n-1,1,1	C[N+](C)(C)CCCCC[n+]1ccccc1
dc[py]-3-n-1,1,1	C[N+](C)(C)CCC[n+]1ccccc1
pdz-2(1[f])	FC(F)(F)CC[n+]1ccccn1
pdz-2(6[f])	FC(F)(F)C(F)(F)C(F)(F)C(F)(F)C(F)(F)C(F)(F)CC[n+]1ccccn1
py(D)-2D	[2H]c1c([2H])c([2H])[n+](c([2H])c1[2H])C([2H])([2H])C([2H])([2H])[2H]
quin-4	CCCC[n+]1cccc2ccccc12
quin-6	CCCCCC[n+]1cccc2ccccc12
quini-4	CCCC[n+]1ccc2ccccc2c1
quini-6	CCCCCC[n+]1ccc2ccccc2c1
quini-8	CCCCCCCC[n+]1ccc2ccccc2c1
quini-18	CCCCCCCCCCCCCCCCCC[n+]1ccc2ccccc2c1
qu-1,1	Cc1cc2cccc[n+]2cc1C
qu-2,2	CCc1cc2cccc[n+]2cc1CC
quinuc-6	CCCCCC[N@@+]12CC[C@@H](CC1)CC2
quinuc-8	CCCCCCCC[N@@+]12CC[C@@H](CC1)CC2
pyrro	O=C1CCC[NH2+]1
pyrro-1	C[N@H+]1CCCC1=O
pyrro-1,1	C[N+]1(C)CCCC1=O
pyrro-1epoxy,1	C[N@@+]1(C[C@@H]2CO2)CCCC1=O
pyrl-3	CCC[N+]1=C(C)CCC1
pyrl-4	CCCC[N+]1=C(C)CCC1
pyrl-2,o1	CC[N+]1=C(CCC1)OC
pyrl-2,o2	CCOC1=[N+](CC)CCC1
epslac	O=C1CCCCC[NH2+]1
n-1	C[NH3+]
n-2	CC[NH3+]
n-3	CCC[NH3+]
n-4	CCCC[NH3+]
n-4i	CC(C)C[NH3+]
n-5	CCCCC[NH3+]
n-5i	CC[C@@H](C)C[NH3+]
n-8	CCCCCCCC[NH3+]
n-1,1	C[NH2+]C
n-1,1,1	C[NH+](C)C
n-1,1,1,1	C[N+](C)(C)C
n-2,2	CC[NH2+]CC
n-2,2,2	CC[NH+](CC)CC
n-2,1,1	CC[NH+](C)C
n-2,2,1	CC[NH+](C)CC
n-2,1,1,1	CC[N+](C)(C)C
n-2,2,2,1	CC[N+](C)(CC)CC
n-2,2,2,2	CC[N+](CC)(CC)CC
n-3,1,1,1	CCC[N+](C)(C)C
n-3,2,1,1	CCC[N+](C)(C)CC
n-3,2,2,1	CCC[N+](C)(CC)CC
n-3,3,2,1	CCC[N+](C)(CC)CCC
n-3,3	CCC[NH2+]CCC
n-3i,3i,1	CC(C)[NH+](C)C(C)C
n-3i,1,1,1	CC(C)[N+](C)(C)C
n-3i,3i,2	CC[NH+](C(C)C)C(C)C
n-3,3i,1,1	CCC[N+](C)(C)C(C)C
n-3,3,3,3	CCC[N+](CCC)(CCC)CCC
n-4,1,1,1	CCCC[N+](C)(C)C
n-4,2,1,1	CCCC[N+](C)(C)CC
n-4,2,2,1	CCCC[N+](C)(CC)CC
n-4,2,2,2	CCCC[N+](CC)(CC)CC
n-4,4	CCCC[NH2+]CCCC
n-4,4,4	CCCC[NH+](CCCC)CCCC
n-4,3,1,1	CCCC[N+](C)(C)CCC
n-4,3i,1,1	CCCC[N+](C)(C)C(C)C
n-4,4,4,1	CCCC[N+](C)(CCCC)CCCC
n-4,4,4,4	CCCC[N+](CCCC)(CCCC)CCCC
n-5,2,1,1	CCCCC[N+](C)(C)CC
n-5,2,2,2	CCCCC[N+](CC)(CC)CC
n-5,5,5,5	CCCCC[N+](CCCCC)(CCCCC)CCCCC
n-6,1,1,1	CCCCCC[N+](C)(C)C
n-6,2,2,2	CCCCCC[N+](CC)(CC)CC
n-6,3,1,1	CCCCCC[N+](C)(C)CCC
n-6,3i,1,1	CCCCCC[N+](C)(C)C(C)C
n-6,4,4,4	CCCCCC[N+](CCCC)(CCCC)CCCC
n-6,6,6,1	CCCCCC[N+](C)(CCCCCC)CCCCCC
n-6,6,6,6	CCCCCC[N+](CCCCCC)(CCCCCC)CCCCCC
n-7,1,1,1	CCCCCCC[N+](C)(C)C
n-7,2,1,1	CCCCCCC[N+](C)(C)CC
n-7,2,2,2	CCCCCCC[N+](CC)(CC)CC
n-7,3i,2,2	CCCCCCC[N+](CC)(CC)C(C)C
n-7,3i,3i,2	CCCCCCC[N+](CC)(C(C)C)C(C)C
n-7,4,4,4	CCCCCCC[N+](CCCC)(CCCC)CCCC
n-7,7,7,7	CCCCCCC[N+](CCCCCCC)(CCCCCCC)CCCCCCC
n-8,1,1,1	CCCCCCCC[N+](C)(C)C
n-8,2,2,2	CCCCCCCC[N+](CC)(CC)CC
n-8,4,4,4	CCCCCCCC[N+](CCCC)(CCCC)CCCC
n-2eh,2eh,1,1	CCCC[C@H](CC)C[N+](C)(C)C[C@@H](CC)CCCC
n-8,8,8,1	CCCCCCCC[N+](C)(CCCCCCCC)CCCCCCCC
n-8,8,8,4	CCCCCCCC[N+](CCCC)(CCCCCCCC)CCCCCCCC
n-8,8,8,8	CCCCCCCC[N+](CCCCCCCC)(CCCCCCCC)CCCCCCCC
n-10,1,1,1	CCCCCCCCCC[N+](C)(C)C
n-10,2,2,2	CCCCCCCCCC[N+](CC)(CC)CC
n-10,3,1,1	CCCCCCCCCC[N+](C)(C)CCC
n-10,3i,1,1	CCCCCCCCCC[N+](C)(C)C(C)C
n-10,10,1,1	CCCCCCCCCC[N+](C)(C)CCCCCCCCCC
n-10,10,10,10	CCCCCCCCCC[N+](CCCCCCCCCC)(CCCCCCCCCC)CCCCCCCCCC
n-12,1,1,1	CCCCCCCCCCCC[N+](C)(C)C
n-12,2,2,2	CCCCCCCCCCCC[N+](CC)(CC)CC
n-8,8,8	CCCCCCCC[NH+](CCCCCCCC)CCCCCCCC
n-12,8,8,8	CCCCCCCCCCCC[N+](CCCCCCCC)(CCCCCCCC)CCCCCCCC
n-14,1,1,1	CCCCCCCCCCCCCC[N+](C)(C)C
n-14,2,2,2	CCCCCCCCCCCCCC[N+](CC)(CC)CC
n-16,8,8,8	CCCCCCCCCCCCCCCC[N+](CCCCCCCC)(CCCCCCCC)CCCCCCCC
n-18,1,1,1	CCCCCCCCCCCCCCCCCC[N+](C)(C)C
n-a,1,1,1	C[N+](C)(C)CC=C
n-a,a	C=CC[NH2+]CC=C
n-ch,1	C[NH2+]C1CCCCC1
n-ch,4,1,1	CCCC[N+](C)(C)C1CCCCC1
n-ch,6,1,1	CCCCCC[N+](C)(C)C1CCCCC1
n-ch,8,1,1	CCCCCCCC[N+](C)(C)C1CCCCC1
n-ch,10,1,1	CCCCCCCCCC[N+](C)(C)C1CCCCC1
n-ch,12,1,1	CCCCCCCCCCCC[N+](C)(C)C1CCCCC1
n-ph,1,1,1	C[N+](C)(C)c1ccccc1
n-1ph,2,2,2	CC[N+](CC)(CC)Cc1ccccc1
n-2oh	[NH3+]CCO
n-3oh[2]	C[C@@H](O)C[NH3+]
n-2oh,1	C[NH2+]CCO
n-2oh,3,1,1	CCC[N+](C)(C)CCO
n-2oh,3i,1,1	CC(C)[N+](C)(C)CCO
n-2oh,6,1,1	CCCCCC[N+](C)(C)CCO
n-2oh,8i,1,1	CCCC[C@H](CC)C[N+](C)(C)CCO
n-2oh,ph	OCC[NH2+]c1ccccc1
n-2oh,2oh	OCC[NH2+]CCO
n-2oh,2oh,2oh	OCC[NH+](CCO)CCO
n-2oh,2oh,2oh,1	C[N+](CCO)(CCO)CCO
n-2o2oh	[NH3+]CCOCCO
n-2oh,2oh,1	C[NH+](CCO)CCO
n-2oh,1,1	C[NH+](C)CCO
n-2oh,2,2	CC[NH+](CC)CCO
n-2oh,1,1,1	C[N+](C)(C)CCO
n-2oh,2,1,1	CC[N+](C)(C)CCO
n-2oh,5,1,1	CCCCC[N+](C)(C)CCO
n-3,2oh,1,1	CCC[N+](C)(C)CCO
n-2oh,4,1,1	CCCC[N+](C)(C)CCO
n-3oh	[NH3+]CCCO
n-4ohi,1,1,1	CC[C@H](CO)[N+](C)(C)C
n-2oh,8,1,1	CCCCCCCC[N+](C)(C)CCO
n-[2o]21,1,1,1	COCCOCC[N+](C)(C)C
n-[2o]21,2,1,1	CC[N+](C)(C)CCOCCOC
n-[2o]21,[2o]21,[2o]21,2	CC[N+](CCOCCOC)(CCOCCOC)CCOCCOC
n-2o1	COCC[NH3+]
n-3o1	COCCC[NH3+]
n-1o1,1,1,1	COC[N+](C)(C)C
n-2o1,1,1,1	COCC[N+](C)(C)C
n-2o1,2,1,1	CC[N+](C)(C)CCOC
n-2o1,2,2,1	CC[N+](C)(CC)CCOC
n-2o1,2,2,2	CC[N+](CC)(CC)CCOC
n-2o2,2,1,1	CCOCC[N+](C)(C)CC
n-1o1,2,1,1	CC[N+](C)(C)COC
n-1o1,2,2,2	CC[N+](CC)(CC)COC
n-1o2,2,1,1	CCOC[N+](C)(C)CC
n-2o1,1o1,1,1	COCC[N+](C)(C)COC
n-2o1,2o1,1,1	COCC[N+](C)(C)CCOC
n-2o2,1o1,1,1	CCOCC[N+](C)(C)COC
n-2o2,2o1,1,1	CCOCC[N+](C)(C)CCOC
n-2o2,2o2,1,1	CCOCC[N+](C)(C)CCOCC
n-2o2oh,2o2oh	OCCOCC[NH2+]CCOCCO
n-[2o]22oh	[NH3+]CCOCCOCCO
n-1o2,2oac,1,1	CCOC[N+](C)(C)CCOC(C)=O
n-1o3,2oac,1,1	CCCOC[N+](C)(C)CCOC(C)=O
n-1o4,2oac,1,1	CCCCOC[N+](C)(C)CCOC(C)=O
n-1o5,2oac,1,1	CCCCCOC[N+](C)(C)CCOC(C)=O
n-1o6,2oac,1,1	CCCCCCOC[N+](C)(C)CCOC(C)=O
n-1o7,2oac,1,1	CCCCCCCOC[N+](C)(C)CCOC(C)=O
n-1o8,2oac,1,1	CCCCCCCCOC[N+](C)(C)CCOC(C)=O
n-1o9,2oac,1,1	CCCCCCCCCOC[N+](C)(C)CCOC(C)=O
n-1o[10],2oac,1,1	CCCCCCCCCCOC[N+](C)(C)CCOC(C)=O
n-1o[11],2oac,1,1	CCCCCCCCCCCOC[N+](C)(C)CCOC(C)=O
n-1o[12],2oac,1,1	CCCCCCCCCCCCOC[N+](C)(C)CCOC(C)=O
n-1o2,2odoe,1,1	CCCCCCCCCC(=O)OCC[N+](C)(C)COCC
n-1o3,2odoe,1,1	CCCCCCCCCC(=O)OCC[N+](C)(C)COCCC
n-1o4,2odoe,1,1	CCCCCCCCCC(=O)OCC[N+](C)(C)COCCCC
n-1o5,2odoe,1,1	CCCCCCCCCC(=O)OCC[N+](C)(C)COCCCCC
n-1o6,2odoe,1,1	CCCCCCCCCC(=O)OCC[N+](C)(C)COCCCCCC
n-1o7,2odoe,1,1	CCCCCCCCCC(=O)OCC[N+](C)(C)COCCCCCCC
n-1o8,2odoe,1,1	CCCCCCCCCC(=O)OCC[N+](C)(C)COCCCCCCCC
n-1o9,2odoe,1,1	CCCCCCCCCOC[N+](C)(C)CCOC(=O)CCCCCCCCC
n-1o[10],2odoe,1,1	CCCCCCCCCCOC[N+](C)(C)CCOC(=O)CCCCCCCCC
n-1o[11],2odoe,1,1	CCCCCCCCCCCOC[N+](C)(C)CCOC(=O)CCCCCCCCC
n-1o[c12],2odoe,1,1	CCCCCCCCCC(=O)OCC[N+](C)(C)COC1CCCCCCCCCCC1
n-1o[12],2odoe,1,1	CCCCCCCCCCCCOC[N+](C)(C)CCOC(=O)CCCCCCCCC
n-1o2,2oh,1,1	CCOC[N+](C)(C)CCO
n-1o3,2oh,1,1	CCCOC[N+](C)(C)CCO
n-1o4,2oh,1,1	CCCCOC[N+](C)(C)CCO
n-1o5,2oh,1,1	CCCCCOC[N+](C)(C)CCO
n-1o6,2oh,1,1	CCCCCCOC[N+](C)(C)CCO
n-1o7,2oh,1,1	CCCCCCOC[N+](C)(C)CCO
n-1o8,2oh,1,1	CCCCCCCCOC[N+](C)(C)CCO
n-1o9,2oh,1,1	CCCCCCCCCOC[N+](C)(C)CCO
n-1o[10],2oh,1,1	CCCCCCCCCCOC[N+](C)(C)CCO
n-1coo2,2,1,1	CCOC(=O)C[N+](C)(C)CC
n-1coo1,2,2,1	CC[N+](C)(CC)CC(=O)OC
n-1coo1,2,2,2	CC[N+](CC)(CC)CC(=O)OC
n-1coo2,2,2,2	CCOC(=O)C[N+](CC)(CC)CC
n-1coo2,3,3,3	CCC[N+](CCC)(CCC)CC(=O)OCC
n-1coo1,4,2,2	CCCC[N+](CC)(CC)CC(=O)OC
n-1coo2,4,1,1	CCCC[N+](C)(C)CC(=O)OCC
n-1coo2,4,4,4	CCCC[N+](CCCC)(CCCC)CC(=O)OCC
n-1coo2,5,1,1	CCCCC[N+](C)(C)CC(=O)OCC
n-1coo2,6,1,1	CCCCCC[N+](C)(C)CC(=O)OCC
n-2coo1,1,1,1	CC(=O)OCC[N+](C)(C)C
n-2coo1,2,1,1	CC[N+](C)(C)CCOC(C)=O
n-1coo2,a,1,1	CCOC(=O)C[N+](C)(C)CC=C
n-1coo1,a,2,2	CC[N+](CC)(CC=C)CC(=O)OC
n-1cooh,1,1,1	C[N+](C)(C)CC(O)=O
n-3cooh,1,1,1	C[N+](C)(C)CCCC(O)=O
n-cooh,1,1	C[NH+](C)C(O)=O
n-2dma,1,1	CN(C)CC[NH+](C)C
n-3so3h,4i	CC(C)C[NH2+]CCCS(O)(=O)=O
n-4so3h,4i	CC(C)C[NH2+]CCCCS(O)(=O)=O
n-2oso3h,1,1,1	C[N+](C)(C)CCOS(O)(=O)=O
n-2oso3h,2,2,2	CC[N+](CC)(CC)CCOS(O)(=O)=O
n-2oso3h,6,6,6	CCCCCC[N+](CCCCCC)(CCCCCC)CCOS(O)(=O)=O
n-2oso3h,8,8,8	CCCCCCCC[N+](CCCCCCCC)(CCCCCCCC)CCOS(O)(=O)=O
n-3oso3h,1,1,1	C[N+](C)(C)CCCOS(O)(=O)=O
n-4oso3h,1,1,1	C[N+](C)(C)CCCCOS(O)(=O)=O
n-co1,1,1	C[NH+](C)C(C)=O
n-moxm,2,1,1	CC[N+](C)(C)CO[C@@H]1C[C@H](C)CC[C@H]1C(C)C
n-moxm,2,2,1	CC[N+](C)(CC)CO[C@@H]1C[C@H](C)CC[C@H]1C(C)C
n-moxm,2,2,2	CC[N+](CC)(CC)CO[C@@H]1C[C@H](C)CC[C@H]1C(C)C
n-moxm,4,1,1	CCCC[N+](C)(C)CO[C@@H]1C[C@H](C)CC[C@H]1C(C)C
n-moxm,6,1,1	CCCCCC[N+](C)(C)CO[C@@H]1C[C@H](C)CC[C@H]1C(C)C
n-moxm,7,1,1	CCCCCCC[N+](C)(C)CO[C@@H]1C[C@H](C)CC[C@H]1C(C)C
n-moxm,8,1,1	CCCCCCCC[N+](C)(C)CO[C@@H]1C[C@H](C)CC[C@H]1C(C)C
n-moxm,9,1,1	CCCCCCCCC[N+](C)(C)CO[C@@H]1C[C@H](C)CC[C@H]1C(C)C
n-moxm,10,1,1	CCCCCCCCCC[N+](C)(C)CO[C@@H]1C[C@H](C)CC[C@H]1C(C)C
n-moxm,11,1,1	CCCCCCCCCCC[N+](C)(C)CO[C@@H]1C[C@H](C)CC[C@H]1C(C)C
n-3(1[f]),2,2,1	CC[N+](C)(CC)CCCC(F)(F)F
n-1cn,3i,1,1	CC(C)[N+](C)(C)CC#N
n-2nh2	NCC[NH3+]
n-nh2,2,1,1	CC[N+](C)(C)N
n-nh2,4,1,1	CCCC[N+](C)(C)N
n-nh2,a,1,1	C[N+](C)(N)CC=C
n-nh2,2oh,1,1	C[N+](C)(N)CCO
n-nh2,1cn,1,1	C[N+](C)(N)CC#N
n-2n3,1,1,1	C[N+](C)(C)CCN=[N+]=[N-]
n-2n3,2,1,1	CC[N+](C)(C)CCN=[N+]=[N-]
n-2n3,4,1,1	CCCC[N+](C)(C)CCN=[N+]=[N-]
n-2n3,a,1,1	C[N+](C)(CCN=[N+]=[N-])CC=C
n-2ono2,1,1,1	C[N+](C)(C)CCO[N+]([O-])=O
n-1coo3i	CC(C)OC(=O)C[NH3+]
n-1coo4i	CC(C)COC(=O)C[NH3+]
n-1(1[1])coo1	COC(=O)[C@@H](C)[NH3+]
n-1(1[1])coo2	CCOC(=O)[C@@H](C)[NH3+]
n-1(1[1])coo3i	CC(C)OC(=O)[C@H](C)[NH3+]
n-1(1[1])coo4i	CC(C)COC(=O)[C@H](C)[NH3+]
n-1(2coo3i[1])coo3i	CC(C)OC(=O)CC[C@@H]([NH3+])C(=O)OC(C)C
n-1(2coo4i[1])coo4i	CC(C)COC(=O)CC[C@@H]([NH3+])C(=O)OCC(C)C
n-1(4i[1])coo1	COC(=O)[C@H]([NH3+])CC(C)C
n-1(4s[1])coo1	CC[C@H](C)[C@@H]([NH3+])C(=O)OC
n-1(2oh[2][1])coo1	COC(=O)[C@H]([NH3+])[C@@H](C)O
n-1(3i[1])coo1	COC(=O)[C@H]([NH3+])C(C)C
n-1(3i[1])coo3i	CC(C)OC(=O)[C@H]([NH3+])C(C)C
n-1(3i[1])coo4i	CC(C)COC(=O)[C@H]([NH3+])C(C)C
n-1dmsodmsph,1,1,1	C[N+](C)(C)C[Si](C)(C)O[Si](C)(C)c1ccccc1
dc[n-1,1,1]2-5	C[N+](C)(C)CCCCC[N+](C)(C)C
dc[n-8,1,1]2-6	CCCCCCCC[N+](C)(C)CCCCCC[N+](C)(C)CCCCCCCC
dc[n-2,2,2]2-9	CC[N+](CC)(CC)CCCCCCCCC[N+](CC)(CC)CC
dc[n-2,2,2]2-12	CCC[N+](CC)(CC)CCCCCCCCCCCC[N+](CC)(CC)CC
dc[n-3i,1,1]2-9	CC(C)[N+](C)(C)CCCCCCCCC[N+](C)(C)C(C)C
n=c-o1,1,1	COC=[N+](C)C
n=c-o2,1,1	CCOC=[N+](C)C
n=c1-o1,2,2	CC[N+](CC)=C(C)OC
n=c1-o2,1,1	CCOC(C)=[N+](C)C
pyr	C1CC[NH2+]C1
pyr-1	C[NH+]1CCCC1
pyr-4	CCCC[NH+]1CCCC1
pyr-1,1	C[N+]1(C)CCCC1
pyr-2,1	CC[N+]1(C)CCCC1
pyr-3,1	CCC[N+]1(C)CCCC1
pyr-4,1	CCCC[N+]1(C)CCCC1
pyr-4i,1	CC(C)C[N+]1(C)CCCC1
pyr-4,2	CCCC[N+]1(CC)CCCC1
pyr-5,1	CCCCC[N+]1(C)CCCC1
pyr-6,1	CCCCCC[N+]1(C)CCCC1
pyr-7,1	CCCCCCC[N+]1(C)CCCC1
pyr-8,1	CCCCCCCC[N+]1(C)CCCC1
pyr-10,1	CCCCCCCCCC[N+]1(C)CCCC1
pyr-a,1	C[N+]1(CC=C)CCCC1
pyr-a,a	C=CC[N+]1(CC=C)CCCC1
pyr-1ph,1	C[N+]1(Cc2ccccc2)CCCC1
pyr-1ch,1	C[N+]1(CC2CCCCC2)CCCC1
pyr-1o1,1	COC[N+]1(C)CCCC1
pyr-2o1,1	COCC[N+]1(C)CCCC1
pyr-2o2,1	CCOCC[N+]1(C)CCCC1
pyr-[2o]21,1	COCCOCC[N+]1(C)CCCC1
pyr-2o1,2o1	COCC[N+]1(CCOC)CCCC1
pyr-2o1,2o2	CCOCC[N+]1(CCOC)CCCC1
pyr-[2o]21,[2o]21	COCCOCC[N+]1(CCOCCOC)CCCC1
pyr-2oh,1	C[N+]1(CCO)CCCC1
pyr-3oh,1	C[N+]1(CCCO)CCCC1
pyr-3[oh]2,1	C[N+]1(C[C@H](O)CO)CCCC1
pyr-1(o)pyr	O=C(N1CCCC1)[NH+]1CCCC1
pyr-1dmsodmsph,1	C[N+]1(C[Si](C)(C)O[Si](C)(C)c2ccccc2)CCCC1
pyr-6nh2,1	C[N+]1(CCCCCCN)CCCC1
pyr-1cn,1	C[N+]1(CC#N)CCCC1
pyr-3cn,1	C[N+]1(CCCC#N)CCCC1
pyr-3(1[f]),1	C[N+]1(CCCC(F)(F)F)CCCC1
pyr-2ono2,1	C[N+]1(CCO[N+]([O-])=O)CCCC1
dc[pyr-1]2-5	C[N+]1(CCCCC[N+]2(C)CCCC2)CCCC1
dc[pyr-1]2-7	C[N+]1(CCCCCCC[N+]2(C)CCCC2)CCCC1
dc[pyr-1]2-9	C[N+]1(CCCCCCCCC[N+]2(C)CCCC2)CCCC1
dc[pyr-4]2-5	CCCC[N+]1(CCCCC[N+]2(CCCC)CCCC2)CCCC1
dc[pyr-1]2-3[2i]	CC(C[N+]1(C)CCCC1)C[N+]1(C)CCCC1
dc[pyr-1]2-5[3i]	CC(CC[N+]1(C)CCCC1)CC[N+]1(C)CCCC1
dc[pyr-1]2-4[1i]	C[C@@H](CCC[N+]1(C)CCCC1)[N+]1(C)CCCC1
dc[pyr-1]2-4[1i,4i]	C[C@@H](CC[C@H](C)[N+]1(C)CCCC1)[N+]1(C)CCCC1
dc[pyr-1]2-5[3i,3i]	CC(C)(CC[N+]1(C)CCCC1)CC[N+]1(C)CCCC1
dc[pyr-1]2-3[2ichch]	C[N+]1(CC(=C)C[N+]2(C)CCCC2)CCCC1
dc[pyr-1]-6-py	C[N+]1(CCCCCC[n+]2ccccc2)CCCC1
dc[pyr-4]-5-n-1,1,1	CCCC[N+]1(CCCCC[N+](C)(C)C)CCCC1
pip	C1CC[NH2+]CC1
pip-1	C[NH+]1CCCCC1
pip-2,1	CC[N+]1(C)CCCCC1
pip-3,1	CCC[N+]1(C)CCCCC1
pip-4,1	CCCC[N+]1(C)CCCCC1
pip-4i,1	CC(C)C[N+]1(C)CCCCC1
pip-4,2	CCCC[N+]1(CC)CCCCC1
pip-5,1	CCCCC[N+]1(C)CCCCC1
pip-5,2	CCCCC[N+]1(CC)CCCCC1
pip-6,1	CCCCCC[N+]1(C)CCCCC1
pip-7,1	CCCCCCC[N+]1(C)CCCCC1
pip-8,1	CCCCCCCC[N+]1(C)CCCCC1
pip-a,1	C[N+]1(CC=C)CCCCC1
pip-a,a	C=CC[N+]1(CC=C)CCCCC1
pip-1o1,1	COC[N+]1(C)CCCCC1
pip-1o1,2	CC[N+]1(COC)CCCCC1
pip-2o1,1	COCC[N+]1(C)CCCCC1
pip-2o1,2	CC[N+]1(CCOC)CCCCC1
pip-2o1,2o1	COCC[N+]1(CCOC)CCCCC1
pip-2o1,2o2	CCOCC[N+]1(CCOC)CCCCC1
pip-[2o]21,1	COCCOCC[N+]1(C)CCCCC1
pip-[2o]21,[2o]21	COCCOCC[N+]1(CCOCCOC)CCCCC1
pip-2oh,1	C[N+]1(CCO)CCCCC1
pip-2oh,2	CC[N+]1(CCO)CCCCC1
pip-3oh,1	C[N+]1(CCCO)CCCCC1
pip-3oh,2	CC[N+]1(CCCO)CCCCC1
pip-1coo1,2	CC[N+]1(CC(=O)OC)CCCCC1
pip-1cn,1	C[N+]1(CC#N)CCCCC1
pip-3cn,1	C[N+]1(CCCC#N)CCCCC1
pip-3(1[f]),1	C[N+]1(CCCC(F)(F)F)CCCCC1
pip-4,1,1[3]	CCCC[N@+]1(C)CCC[C@@H](C)C1
pip-6,1,1[3]	CCCCCC[N@+]1(C)CCC[C@@H](C)C1
pip-2o1,1,1[3]	COCC[N@+]1(C)CCC[C@@H](C)C1
pip-[2o]21,1,1[3]	COCCOCC[N@+]1(C)CCC[C@@H](C)C1
dc[pip-1]-3-n-1,1,1	C[N+](C)(C)CCC[N+]1(C)CCCCC1
pipz-2	CCN1CC[NH2+]CC1
dabco-6	CCCCCC[N@@+]12CC[N@@](CC1)CC2
dbu	C1C[NH+]=C2CCCCCN2C1
dbu-2	CC[N+]1=C2CCCCCN2CCC1
dbu-4	CCCC[N+]1=C2CCCCCN2CCC1
dbu-6	CCCCCC[N+]1=C2CCCCCN2CCC1
dbu-8	CCCCCCCC[N+]1=C2CCCCCN2CCC1
dbu-10	CCCCCCCCCC[N+]1=C2CCCCCN2CCC1
dbu-14	CCCCCCCCCCCCCC[N+]1=C2CCCCCN2CCC1
azp-4,1	CCCC[N+]1(C)CCCCCC1
azp-6,1	CCCCCC[N+]1(C)CCCCCC1
azp-2o1,1	COCC[N+]1(C)CCCCCC1
azp-[2o]21,1	COCCOCC[N+]1(C)CCCCCC1
azp-2o1,2o1	COCC[N+]1(CCOC)CCCCCC1
azp-[2o]21,[2o]21	COCCOCC[N+]1(CCOCCOC)CCCCCC1
tbdh-1	C[N+]1=C2NCCCN2CCC1
ox-3,1	CCC[N@+]1(C)CCOC1
ox-4,1	CCCC[N@+]1(C)CCOC1
ox-2o1,1	COCC[N@+]1(C)CCOC1
ox-3f,1	C[N@@+]1(CCCF)CCOC1
mo	C1COCC[NH2+]1
mo-1	C[NH+]1CCOCC1
mo-2	CC[NH+]1CCOCC1
mo-2,1	CC[N+]1(C)CCOCC1
mo-3,1	CCC[N+]1(C)CCOCC1
mo-4,1	CCCC[N+]1(C)CCOCC1
mo-5,1	CCCCC[N+]1(C)CCOCC1
mo-6,1	CCCCCC[N+]1(C)CCOCC1
mo-7,1	CCCCCCC[N+]1(C)CCOCC1
mo-8,1	CCCCCCCC[N+]1(C)CCOCC1
mo-9,1	CCCCCCCCC[N+]1(C)CCOCC1
mo-10,1	CCCCCCCCCC[N+]1(C)CCOCC1
mo-a,1	C[N+]1(CC=C)CCOCC1
mo-a,2	CC[N+]1(CC=C)CCOCC1
mo-3oh,1	C[N+]1(CCCO)CCOCC1
mo-2o1,1	COCC[N+]1(C)CCOCC1
mo-2o2,1	CCOCC[N+]1(C)CCOCC1
mo-2o4,1	CCCCOCC[N+]1(C)CCOCC1
mo-3f,1	C[N+]1(CCCF)CCOCC1
mo-2o1(1[f]),1	C[N+]1(CCOCC(F)(F)F)CCOCC1
mo-2o1(3[f]chf2),1	C[N+]1(CCOCC(F)(F)C(F)(F)C(F)(F)C(F)F)CCOCC1
guad-(1,1),(1,1)	CN(C)C(=[NH2+])N(C)C
guad-(1,1),(1,1),2	CC[NH+]=C(N(C)C)N(C)C
guad-(1,1),(1,1),(1,1)	CN(C)C(N(C)C)=[N+](C)C
guad-(2,1),(1,1),(1,1)	CCN(C)C(N(C)C)=[N+](C)C
guad-(2,2),(1,1),(1,1)	CCN(CC)C(N(C)C)=[N+](C)C
guad-(3,1),(1,1),(1,1)	CCCN(C)C(N(C)C)=[N+](C)C
guad-(3,2),(1,1),(1,1)	CCCN(CC)C(N(C)C)=[N+](C)C
guad-(3,3),(1,1),(1,1)	CCCN(CCC)C(N(C)C)=[N+](C)C
guad-(4,1),(1,1),(1,1)	CCCCN(C)C(N(C)C)=[N+](C)C
guad-(4,2),(1,1),(1,1)	CCCCN(CC)C(N(C)C)=[N+](C)C
guad-(4,3),(1,1),(1,1)	CCCCN(CCC)C(N(C)C)=[N+](C)C
guad-(4,4),(1,1),(1,1)	CCCCN(CCCC)C(N(C)C)=[N+](C)C
guad-(4,2),(4,2),(1,1)	CCCCN(CC)C(N(CC)CCCC)=[N+](C)C
guad-(6,6),(6,6),(1,1)	CCCCCCN(CCCCCC)C(N(CCCCCC)CCCCCC)=[N+](C)C
guad-(8,8),(8,8),(1,1)	CCCCCCN(CCCCCC)C(N(CCCCCC)CCCCCC)=[N+](C)C
guad-(2o1,2o1),(1,1),(1,1)	COCCN(C)C(N(C)CCOC)=[N+](C)C
guad-(2o2,2o1),(1,1),(1,1)	CCOCCN(C)C(N(C)CCOC)=[N+](C)C
cguad-(2,1),1,1	CC[N+](C)=C1N(C)CCN1C
cguad-(2,2),1,1	CC[N+](CC)=C1N(C)CCN1C
cguad-(3,1),1,1	CCC[N+](C)=C1N(C)CCN1C
p-3,1,1,1	CCC[P+](C)(C)C
p-4i,1,1,1	CC(C)C[P+](C)(C)C
p-4,2,2,2	CCCC[P+](CC)(CC)CC
p-4,4,4,1	CCCC[P+](C)(CCCC)CCCC
p-4,4,4,2	CCCC[P+](CC)(CCCC)CCCC
p-4i,4i,4i,1	CC[P+](CC(C)C)(CC(C)C)CC(C)C
p-a,1,1,1	C[P+](C)(C)CC=C
p-a,4,4,4	CCCC[P+](CCCC)(CCCC)CC=C
p-3chch2,2,2,2	CC[P+](CC)(CC)CCCC=C
p-4,4,4,4	CCCC[P+](CCCC)(CCCC)CCCC
p-5,2,2,2	CCCCC[P+](CC)(CC)CC
p-8,1,1,1	CCCCCCCC[P+](C)(C)C
p-8,2,2,2	CCCCCCCC[P+](CC)(CC)CC
p-12,2,2,2	CCCCCCCCCCCC[P+](CC)(CC)CC
p-14,4,4,4	CCCCCCCCCCCCCC[P+](CCCC)(CCCC)CCCC
p-6,1,1,1	CCCCCC[P+](C)(C)C
p-6,2,2,2	CCCCCC[P+](CC)(CC)CC
p-6,4,4,4	CCCCCC[P+](CCCC)(CCCC)CCCC
p-6,6,6,2	CCCCCC[P+](CC)(CCCCCC)CCCCCC
p-6,6,6,3	CCCCCC[P+](CCC)(CCCCCC)CCCCCC
p-6,6,6,4	CCCCCC[P+](CCCC)(CCCCCC)CCCCCC
p-6,6,6,6	CCCCCC[P+](CCCCCC)(CCCCCC)CCCCCC
p-7,2,2,2	CCCCCCC[P+](CC)(CC)CC
p-7,6,6,6	CCCCCCC[P+](CCCCCC)(CCCCCC)CCCCCC
p-8,4,4,4	CCCCCCCC[P+](CCCC)(CCCC)CCCC
p-8,6,6,6	CCCCCCCC[P+](CCCCCC)(CCCCCC)CCCCCC
p-8,8,8,3	CCCCCCCC[P+](CCC)(CCCCCCCC)CCCCCCCC
p-8,8,8,4	CCCCCCCC[P+](CCCC)(CCCCCCCC)CCCCCCCC
p-8,8,8,5	CCCCCCCC[P+](CCCCC)(CCCCCCCC)CCCCCCCC
p-8,8,8,6	CCCCCCCC[P+](CCCCCC)(CCCCCCCC)CCCCCCCC
p-8,8,8,7	CCCCCCCC[P+](CCCCCCC)(CCCCCCCC)CCCCCCCC
p-8,8,8,8	CCCCCCCC[P+](CCCCCCCC)(CCCCCCCC)CCCCCCCC
p-9,2,2,2	CCCCCCCCC[P+](CC)(CC)CC
p-9,8,8,8	CCCCCCCCC[P+](CCCCCCCC)(CCCCCCCC)CCCCCCCC
p-10,2,2,2	CCCCCCCCCC[P+](CC)(CC)CC
p-10,4,4,4	CCCCCCCCCC[P+](CCCC)(CCCC)CCCC
p-10,6,6,6	CCCCCCCCCC[P+](CCCCCC)(CCCCCC)CCCCCC
p-10,8,8,8	CCCCCCCCCC[P+](CCCCCCCC)(CCCCCCCC)CCCCCCCC
p-12,4,4,4	CCCCCCCCCCCC[P+](CCCC)(CCCC)CCCC
p-12,6,6,6	CCCCCCCCCCCC[P+](CCCCCC)(CCCCCC)CCCCCC
p-12,8,8,8	CCCCCCCCCCCC[P+](CCCCCCCC)(CCCCCCCC)CCCCCCCC
p-14,6,6,6	CCCCCCCCCCCCCC[P+](CCCCCC)(CCCCCC)CCCCCC
p-14,8,8,8	CCCCCCCCCCCCCC[P+](CCCCCCCC)(CCCCCCCC)CCCCCCCC
p-16,6,6,6	CCCCCCCCCCCCCCCC[P+](CCCCCC)(CCCCCC)CCCCCC
p-18,4,4,4	CCCCCCCCCCCCCCCCCC[P+](CCCC)(CCCC)CCCC
p-1ph,2,2,2	CC[P+](CC)(CC)Cc1ccccc1
p-2oh,4,4,4	CCCC[P+](CCO)(CCCC)CCCC
p-1o1,1,1,1	COC[P+](C)(C)C
p-1o1,2,2,2	CC[P+](CC)(CC)COC
p-1o2o1,2,2,2	CC[P+](CC)(CC)COCCOC
p-2o1,2,2,2	CC[P+](CC)(CC)CCOC
p-3nh2,4,4,4	CCCC[P+](CCCC)(CCCC)CCCN
p-2oso3h,4,4,4	CCCC[P+](CCCC)(CCCC)CCOS(O)(=O)=O
p-2oso3h,8,8,8	CCCCCCCC[P+](CCCCCCCC)(CCCCCCCC)CCOS(O)(=O)=O
dc[p-3,3,3]2-5	CCC[P+](CCC)(CCC)CCCCC[P+](CCC)(CCC)CCC
dc[p-3,3,3]2-7	CCC[P+](CCC)(CCC)CCCCCCC[P+](CCC)(CCC)CCC
dc[p-3,3,3]2-12	CCC[P+](CCC)(CCC)CCCCCCCCCCCC[P+](CCC)(CCC)CCC
dc[p-3,3,3]2-3[2i]	CCC[P+](CCC)(CCC)CC(C)C[P+](CCC)(CCC)CCC
dc[p-3,3,3]2-3[2ichch]	CCC[P+](CCC)(CCC)CC(=C)C[P+](CCC)(CCC)CCC
dc[p-3,3,3]2-5[3i]	CCC[P+](CCC)(CCC)CCC(C)CC[P+](CCC)(CCC)CCC
dc[p-3,3,3]2-5[3i,3i]	CCC[P+](CCC)(CCC)CCC(C)(C)CC[P+](CCC)(CCC)CCC
dc[p-8,8,8]2-6	CCCCCCCC[P+](CCCCCCCC)(CCCCCCCC)CCCCCC[P+](CCCCCCCC)(CCCCCCCC)CCCCCCCC
dc[p-8,8,8]2-10	CCCCCCCC[P+](CCCCCCCC)(CCCCCCCC)CCCCCCCCCC[P+](CCCCCCCC)(CCCCCCCC)CCCCCCCC
dc[p-3,3,3]-5-n-1,1,1	CCC[P+](CCC)(CCC)CCCCC[N+](C)(C)C
dc[p-3,3,3]2-1[1o1]31	CCC[P+](CCC)(CCC)CCOCCOCCOCC[P+](CCC)(CCC)CCC
s-1,1,1	C[S+](C)C
s-2,1,1	CC[S+](C)C
s-2,2,1	CC[S+](C)CC
s-2,2,2	CC[S+](CC)CC
s-3,1,1	CCC[S+](C)C
s-3,2,1	CCC[S@+](C)CC
s-3,2,2	CCC[S+](CC)CC
s-4,1,1	CCCC[S+](C)C
s-4,2,1	CCCC[S@+](C)CC
s-4,2,2	CCCC[S+](CC)CC
s-4,4,4	CCCC[S+](CCCC)CCCC
s-5,1,1	CCCCC[S+](C)C
s-5,2,1	CCCCC[S@+](C)CC
s-5,2,2	CCCCC[S+](CC)CC
s-6,1,1	CCCCCC[S+](C)C
tht-1	C[S+]1CCCC1
tht-2	CC[S+]1CCCC1
tht-3	CCC[S+]1CCCC1
tht-4	CCCC[S+]1CCCC1
tht-5	CCCCC[S+]1CCCC1
thtp-3	CCC[S+]1CCCCC1
thtp-4	CCCC[S+]1CCCCC1
thtp-5	CCCCC[S+]1CCCCC1
turea-2	CC[S+]=C(N)N
turea-2,(1,0),(1,0)	CC[S+]=C(NC)NC
turea-2,(1,1),(1,1)	CC[S+]=C(N(C)C)N(C)C
turea-2,(2,0),(2,0)	CCNC(NCC)=[S+]CC
turea-4	CCCC[S+]=C(N)N
turea-4,(1,0),(1,0)	CCCC[S+]=C(NC)NC
turea-4,(2,0),(2,0)	CCCC[S+]=C(NCC)NCC
turea-4,(1,1),(1,1)	CCCC[S+]=C(N(C)C)N(C)C
turea-6	CCCCCC[S+]=C(N)N
turea-6,(1,0),(1,0)	CCCCCC[S+]=C(NC)NC
turea-6,(1,1),(1,1)	CCCCCC[S+]=C(N(C)C)N(C)C
turea-6,(2,0),(2,0)	CCCCCC[S+]=C(NCC)NCC
turea-8,(1,0),(1,0)	CCCCCCCC[S+]=C(NC)NC
turea-8,(2,0),(2,0)	CCCCCCCC[S+]=C(NCC)NCC
turea-8,(1,1),(1,1)	CCCCCCCC[S+]=C(N(C)C)N(C)C
cprop-(n-2,1),(n-2,1),(n-2,1)	CCN(C)c1c(N(C)CC)[c+]1N(C)CC
cprop-(n-2,2),(n-2,2),(n-1,1)	CCN(CC)c1c(N(CC)CC)[c+]1N(C)C
cprop-(n-2,2),(n-2,2),(n-2,2)	CCN(CC)c1c(N(CC)CC)[c+]1N(CC)CC
cprop-(n-3,1),(n-1,1),(n-1,1)	CCCN(C)c1c(N(C)C)[c+]1N(C)C
cprop-(n-3,3),(n-1,1),(n-1,1)	CCCN(CCC)c1c(N(C)C)[c+]1N(C)C
cprop-(n-3,3),(n-3,3),(n-3,3)	CCCN(CCC)c1c(N(CCC)CCC)[c+]1N(CCC)CCC
cprop-(n-4,1),(n-1,1),(n-1,1)	CCCCN(C)c1c(N(C)C)[c+]1N(C)C
cprop-(n-4,1),(n-2,2),(n-2,2)	CCCCN(C)c1c(N(CC)CC)[c+]1N(CC)CC
cprop-(n-4,1),(n-4,1),(n-4,1)	CCCCN(C)c1c(N(C)CCCC)[c+]1N(C)CCCC
cprop-(n-4,4),(n-1,1),(n-1,1)	CCCCN(CCCC)c1c(N(C)C)[c+]1N(C)C
cprop-(n-4,4),(n-2,2),(n-2,2)	CCCCN(CCCC)c1c(N(CC)CC)[c+]1N(CC)CC
cprop-(n-4,4),(n-4,4),(n-4,4)	CCCCN(CCCC)c1c(N(CCCC)CCCC)[c+]1N(CCCC)CCCC
cprop-(n-5,5),(n-5,5),(n-5,5)	CCCCCN(CCCCC)c1c(N(CCCCC)CCCCC)[c+]1N(CCCCC)CCCCC
cprop-(n-6,1),(n-1,1),(n-1,1)	CCCCCCN(C)c1c(N(C)C)[c+]1N(C)C
cprop-(n-6,1),(n-2,2),(n-2,2)	CCCCCCN(C)c1c(N(CC)CC)[c+]1N(CC)CC
cprop-(n-6,6),(n-1,1),(n-1,1)	CCCCCCN(CCCCCC)c1c(N(C)C)[c+]1N(C)C
cprop-(n-6,6),(n-2,2),(n-2,2)	CCCCCCN(CCCCCC)c1c(N(CC)CC)[c+]1N(CC)CC
cprop-(n-6,6),(n-6,6),(n-6,6)	CCCCCCN(CCCCCC)c1c(N(CCCCCC)CCCCCC)[c+]1N(CCCCCC)CCCCCC
cprop-(n-10,10),(n-10,10),(n-10,10)	CCCCCCCCCCN(CCCCCCCCCC)c1c(N(CCCCCCCCCC)CCCCCCCCCC)[c+]1N(CCCCCCCCCC)CCCCCCCCCC
nms2	CS(=O)(=O)[N-]S(C)(=O)=O
fsa	FS(=O)(=O)[N-]S(F)(=O)=O
npfso2f	FC(F)(F)C(F)(F)S(=O)(=O)[N-]S(F)(=O)=O
ntf2	FC(F)(F)S(=O)(=O)[N-]S(=O)(=O)C(F)(F)F
c1c2	FC(F)(F)C(F)(F)S(=O)(=O)[N-]S(=O)(=O)C(F)(F)F
npf2	FC(F)(F)C(F)(F)S(=O)(=O)[N-]S(=O)(=O)C(F)(F)C(F)(F)F
im41	FC(F)(F)C(F)(F)C(F)(F)C(F)(F)S(=O)(=O)[N-]S(=O)(=O)C(F)(F)F
im44	FC(F)(F)C(F)(F)C(F)(F)C(F)(F)S(=O)(=O)[N-]S(=O)(=O)C(F)(F)C(F)(F)C(F)(F)C(F)(F)F
ctf3	FC(F)(F)S(=O)(=O)[C-](S(=O)(=O)C(F)(F)F)S(=O)(=O)C(F)(F)F
tsac	FC(F)(F)C(=O)[N-]S(=O)(=O)C(F)(F)F
ntffc	[Fe++].c1cc[cH-]c1.FC(F)(F)S(=O)(=O)[N-]S(=O)(=O)c1cc[cH-]c1
dca	N#C[N-]C#N
ncnno2	[O-][N+](=O)[N-]C#N
ccn3	N#C[C-](C#N)C#N
bf4	F[B-](F)(F)F
bf3-1	C[B-](F)(F)F
bf3-2	CC[B-](F)(F)F
bf3-3	CCC[B-](F)(F)F
bf3-4	CCCC[B-](F)(F)F
bf3-5	CCCCC[B-](F)(F)F
bf3-v	F[B-](F)(F)C=C
bf3-1[f]	F[B-](F)(F)C(F)(F)F
bf3-2[f]	F[B-](F)(F)C(F)(F)C(F)(F)F
bf3-3[f]	F[B-](F)(F)C(F)(F)C(F)(F)C(F)(F)F
bf3-4[f]	F[B-](F)(F)C(F)(F)C(F)(F)C(F)(F)C(F)(F)F
bf3-2[f]o1[f]	F[B-](F)(F)C(F)(F)C(F)(F)OC(F)(F)F
bf3-ph	F[B-](F)(F)c1ccccc1
bf3-ph-o1[2]	COc1ccccc1[B-](F)(F)F
bf3-ph-o1[3]	COc1cccc(c1)[B-](F)(F)F
bf3-ph-o1[4]	COc1ccc(cc1)[B-](F)(F)F
bf3-ph-cn[3]	F[B-](F)(F)c1cccc(c1)C#N
bf3-ph-cn[4]	F[B-](F)(F)c1ccc(cc1)C#N
bf3-ph-1[f][3]	F[B-](F)(F)c1cccc(c1)C(F)(F)F
bf3-ph-1[f][4]	F[B-](F)(F)c1ccc(cc1)C(F)(F)F
bf3-ph-f[2]	Fc1ccccc1[B-](F)(F)F
bf3-ph-f[3]	Fc1cccc(c1)[B-](F)(F)F
bf3-ph-f[4]	Fc1ccc(cc1)[B-](F)(F)F
bmb	O=C1O[B-]2(O[C@H]1c1ccccc1)O[C@H](C(=O)O2)c1ccccc1
bmlb	O=C1CC(=O)O[B-]2(O1)OC(=O)CC(=O)O2
bob	O=C1O[B-]2(OC1=O)OC(=O)C(=O)O2
bscb	O=C1O[B-]2(OC(=O)c3ccccc3O2)Oc2ccccc12
tcb	N#C[B-](C#N)(C#N)C#N
bfcn3	F[B-](C#N)(C#N)C#N
bf2cn2	F[B-](F)(C#N)C#N
bf3cn	F[B-](F)(F)C#N
bcn3-1[f]	FC(F)(F)[B-](C#N)(C#N)C#N
bcn3-2[f]	FC(F)(F)C(F)(F)[B-](C#N)(C#N)C#N
bf2cn-1[f]	F[B-](F)(C#N)C(F)(F)F
bf2cn-2[f]	F[B-](F)(C#N)C(F)(F)C(F)(F)F
bf2cn-3[f]	F[B-](F)(C#N)C(F)(F)C(F)(F)C(F)(F)F
bf2cn-4[f]	F[B-](F)(C#N)C(F)(F)C(F)(F)C(F)(F)C(F)(F)F
bfcn2-1[f]	F[B-](C#N)(C#N)C(F)(F)F
bfcn2-2[f]	F[B-](C#N)(C#N)C(F)(F)C(F)(F)F
tfpb	FC(F)(F)c1cc(cc(c1)C(F)(F)F)[B-](c1cc(cc(c1)C(F)(F)F)C(F)(F)F)(c1cc(cc(c1)C(F)(F)F)C(F)(F)F)c1cc(cc(c1)C(F)(F)F)C(F)(F)F
tb	Fc1c(F)c(F)c(c(F)c1F)[B-](c1c(F)c(F)c(F)c(F)c1F)(c1c(F)c(F)c(F)c(F)c1F)c1c(F)c(F)c(F)c(F)c1F
pf6	F[P-](F)(F)(F)(F)F
fap	FC(F)(F)C(F)(F)[P-](F)(F)(F)(C(F)(F)C(F)(F)F)C(F)(F)C(F)(F)F
fap3	FC(F)(F)C(F)(F)C(F)(F)[P-](F)(F)(F)(C(F)(F)C(F)(F)C(F)(F)F)C(F)(F)C(F)(F)C(F)(F)F
fap4	FC(F)(F)C(F)(F)C(F)(F)C(F)(F)[P-](F)(F)(F)(C(F)(F)C(F)(F)C(F)(F)C(F)(F)F)C(F)(F)C(F)(F)C(F)(F)C(F)(F)F
fpi	FC(F)(F)C(F)(F)P(=O)([N-]P(=O)(C(F)(F)C(F)(F)F)C(F)(F)C(F)(F)F)C(F)(F)C(F)(F)F
so3-1	CS([O-])(=O)=O
so3-2	CCS([O-])(=O)=O
so3-4	CCCCS([O-])(=O)=O
mopso	O[C@H](CN1CCOCC1)CS([O-])(=O)=O
capso	O[C@H](CNC1CCCCC1)CS([O-])(=O)=O
bes	OCCN(CCO)CCS([O-])(=O)=O
behss	CCCC[C@H](CC)COC(=O)C[C@@H](C(=O)OC[C@@H](CC)CCCC)S([O-])(=O)=O
tehss	CCCCCCOC(=O)C[C@H]([C@@H](C(=O)OCCCCCC)S([O-])(=O)=O)C(=O)OCCCCCC
dbs	CCCCCCCCCCCCc1ccccc1S([O-])(=O)=O
bs	[O-]S(=O)(=O)c1ccccc1
so3-ph1	Cc1ccc(cc1)S([O-])(=O)=O
sba	OC(=O)c1cccc(c1)S([O-])(=O)=O
so3-ph-coo1[3],coo1[5]	COC(=O)c1cc(cc(c1)S([O-])(=O)=O)C(=O)OC
so3-nh2	NS([O-])(=O)=O
tau	NCCS([O-])(=O)=O
fso3	[O-]S(F)(=O)=O
hso4	OS([O-])(=O)=O
camphorsulfonate	CC1(C)[C@H]2CC[C@@H]1C(=O)[C@@H]2S([O-])(=O)=O
so4-1	COS([O-])(=O)=O
so4-2	CCOS([O-])(=O)=O
so4-4	CCCCOS([O-])(=O)=O
so4-6	CCCCCCOS([O-])(=O)=O
so4-8	CCCCCCCCOS([O-])(=O)=O
so4-12	CCCCCCCCCCCCOS([O-])(=O)=O
so4-2o1	COCCOS([O-])(=O)=O
so4-2o2	CCOCCOS([O-])(=O)=O
so4-[2o]21	COCCOCCOS([O-])(=O)=O
so4-[2o]22	CCOCCOCCOS([O-])(=O)=O
so4-tempo	CC1(C)CC(CC(C)(C)N1[O])OS([O-])(=O)=O
so4-1D	[2H]C([2H])([2H])OS([O-])(=O)=O
hco3	OC([O-])=O
po4	[O-]P([O-])([O-])=O
h2po4	OP(O)([O-])=O
h3p2o7	OP(O)(=O)OP(O)([O-])=O
po2-o1,o1	COP([O-])(=O)OC
po2-o2,o2	CCOP([O-])(=O)OCC
po2-o4,o4	CCCCOP([O-])(=O)OCCCC
po2-o8i,o8i	CCCC[C@H](CC)COP([O-])(=O)OC[C@H](CC)CCCC
po2-1,o1	CP(O)([O-])=O
po3h-1	COP([O-])=O
po3h-2	CCOP([O-])=O
po3h-4	CCCCOP([O-])=O
po3h-6	CCCCCCOP([O-])=O
po3h-8	CCCCCCCCOP([O-])=O
po2-8i,8i	C[C@H](CC(C)(C)C)CP([O-])(=O)C[C@H](C)CC(C)(C)C
po2-cf3,cf3	[O-]P(=O)(C(F)(F)F)C(F)(F)F
ps2-o2,o2	CCOP([S-])(=S)OCC
otf	[O-]S(=O)(=O)C(F)(F)F
so3-4[f]	[O-]S(=O)(=O)C(F)(F)C(F)(F)C(F)(F)C(F)(F)F
so3-8[f]	[O-]S(=O)(=O)C(F)(F)C(F)(F)C(F)(F)C(F)(F)C(F)(F)C(F)(F)C(F)(F)C(F)(F)F
tfes	[O-]S(=O)(=O)C(F)(F)C(F)F
tpes	[O-]S(=O)(=O)C(F)(F)[C@H](F)OC(F)(F)C(F)(F)F
ttes	[O-]S(=O)(=O)C(F)(F)[C@@H](F)OC(F)(F)F
hfps	[O-]S(=O)(=O)C(F)(F)[C@@H](F)C(F)(F)F
fs	[O-]S(=O)(=O)C(F)(F)C(F)(F)O[C@@H](F)C(F)(F)F
alcl4	Cl[Al-](Cl)(Cl)Cl
al2cl7	Cl[Al](Cl)Cl.Cl[Al-](Cl)(Cl)Cl
albr4	Br[Al-](Br)(Br)Br
al2br7	Br[Al](Br)Br.Br[Al-](Br)(Br)Br
gacl4	Cl[Ga-](Cl)(Cl)Cl
incl4	Cl[In-](Cl)(Cl)Cl
fecl4	Cl[Fe-](Cl)(Cl)Cl
febr4	Br[Fe-](Br)(Br)Br
cocl4	Cl[Co--](Cl)(Cl)Cl
gdcl6	Cl[Gd-3](Cl)(Cl)(Cl)(Cl)Cl
mncl4	Cl[Mn--](Cl)(Cl)Cl
zncl3	Cl[Zn-](Cl)Cl
zn3cl7	Cl[Zn]Cl.Cl[Zn]Cl.Cl[Zn-](Cl)Cl
asf6	F[As-](F)(F)(F)(F)F
sbf6	F[Sb-](F)(F)(F)(F)F
taf6	F[Ta-](F)(F)(F)(F)F
nbf6	F[Nb-](F)(F)(F)(F)F
wf7	F[W-](F)(F)(F)(F)(F)F
uf6	F[U-](F)(F)(F)(F)F
wof5	F[W-](F)(F)(F)(F)=O
moof5	F[Mo-](F)(F)(F)(F)=O
coscn4	S=C=N[Co--](N=C=S)(N=C=S)N=C=S
conco4	O=C=N[Co--](N=C=O)(N=C=O)N=C=O
reo4	[O-][Re](=O)(=O)=O
aucn2	N#C[Au+]C#N
hf2	F[H][F-]
oh	[OH-]
cl	[Cl-]
br	[Br-]
hbr2	Br[H][Br-]
i	[I-]
no3	[O-][N+]([O-])=O
clo4	[O-][Cl](=O)(=O)=O
scn	[S-]C#N
for	[O-]C=O
ac	CC([O-])=O
1ac	CCC([O-])=O
2ac	CCCC([O-])=O
2aci	CC(C)C([O-])=O
3ac	CCCCC([O-])=O
4ac	CCCCCC([O-])=O
5ac	CCCCCCC([O-])=O
6ac	CCCCCCCC([O-])=O
7ac	CCCCCCCCC([O-])=O
8ac	CCCCCCCCCC([O-])=O
8ac-6[2]	CCCCCCCC[C@@H](CCCCCC)C([O-])=O
oleate	CCCCCCCC\C=C/CCCCCCCC([O-])=O
ac-ph	[O-]C(=O)Cc1ccccc1
ac-2ph	[O-]C(=O)CCCc1ccccc1
ac-o1	COCC([O-])=O
ac-o2o1	COCCOCC([O-])=O
ac-[o2]2o1	COCCOCCOCC([O-])=O
ac-nh1	CNCC([O-])=O
tig	C\C=C(/C)C([O-])=O
mal	OC(=O)CCC([O-])=O
glyc	OCC([O-])=O
man	O[C@H](C([O-])=O)c1ccccc1
ph-coo	[O-]C(=O)c1ccccc1
ph-coo[1],oh[2]	Oc1ccccc1C([O-])=O
ph-coo[1],sh[2]	[O-]C(=O)c1ccccc1S
ph-coo[1],s1[2]	CSc1ccccc1C([O-])=O
ph-coo[1],4t[4]	CC(C)(C)c1ccc(cc1)C([O-])=O
ibu	CC(C)Cc1ccc(cc1)[C@@H](C)C([O-])=O
herbicide-2,4-DP	C[C@@H](Oc1ccc(Cl)cc1Cl)C([O-])=O
pic	[O-]C(=O)c1ccccn1
ox	[O-]C(=O)C([O-])=O
tfe	[O-]CC(F)(F)F
tfa	[O-]C(=O)C(F)(F)F
tfa-2[f]	[O-]C(=O)C(F)(F)C(F)(F)C(F)(F)F
tfa-3[f]	[O-]C(=O)C(F)(F)C(F)(F)C(F)(F)C(F)(F)F
tfa-4[f]	[O-]C(=O)C(F)(F)C(F)(F)C(F)(F)C(F)(F)C(F)(F)F
tfa-6[f]	[O-]C(=O)C(F)(F)C(F)(F)C(F)(F)C(F)(F)C(F)(F)C(F)(F)C(F)(F)F
gly	NCC([O-])=O
ala	C[C@H](N)C([O-])=O
bala	NCCC([O-])=O
la	C[C@H](O)C([O-])=O
val	CC(C)[C@H](N)C([O-])=O
glu	N[C@@H](CCC([O-])=O)C(O)=O
ser	N[C@@H](CO)C([O-])=O
lys	NCCCC[C@H](N)C([O-])=O
pro	[O-]C(=O)[C@@H]1CCCN1
thr	C[C@H](O)[C@H](N)C([O-])=O
cys	N[C@@H](CS)C([O-])=O
leu	CC(C)C[C@H](N)C([O-])=O
arg	N[C@@H](CCCNC(N)=N)C([O-])=O
asn	N[C@@H](CC([O-])=O)C(O)=O
asp	N[C@@H](CC(O)=O)C([O-])=O
gln	N[C@@H](CCC(N)=O)C([O-])=O
his	N[C@@H](Cc1c[nH]cn1)C([O-])=O
ile	CC[C@@H](C)[C@H](N)C([O-])=O
met	CSCC[C@H](N)C([O-])=O
phe	N[C@@H](Cc1ccccc1)C([O-])=O
trp	N[C@@H](Cc1c[nH]c2ccccc12)C([O-])=O
tyr	N[C@@H](Cc1ccc(O)cc1)C([O-])=O
vitaminC	OC[C@H](O)[C@H]1OC(=O)C(O)=C1[O-]
biot	[O-]C(=O)CCCC[C@@H]1SC[C@@H]2NC(=O)N[C@H]12
acsul	CC1=CC(=O)[N-]S(=O)(=O)O1
sac	O=C1[N-]S(=O)(=O)c2ccccc12
phen	[O-]c1ccccc1
phen-1[2]	Cc1ccccc1[O-]
phen-1[3]	Cc1cccc([O-])c1
phen-1[4]	Cc1ccc([O-])cc1
phen-3i[4]	CC(C)c1ccc([O-])cc1
phen-4t[4]	CC(C)(C)c1ccc([O-])cc1
phen-1[2],1[4]	Cc1ccc([O-])c(C)c1
phen-1[2],1[6]	Cc1cccc(C)c1[O-]
phen-1[f][4]	[O-]c1ccc(cc1)C(F)(F)F
phen-o1[3]	COc1cccc([O-])c1
phen-o1[4]	COc1ccc([O-])cc1
phen-cl[2]	[O-]c1ccccc1Cl
phen-cl[3]	[O-]c1cccc(Cl)c1
phen-cl[4]	[O-]c1ccc(Cl)cc1
phen-cl[2],cl[4]	[O-]c1ccc(Cl)cc1Cl
phen-cl[2],cl[4],cl[6]	[O-]c1c(Cl)cc(Cl)cc1Cl
phen-f[2]	[O-]c1ccccc1F
phen-f[3]	[O-]c1cccc(F)c1
phen-f[4]	[O-]c1ccc(F)cc1
phen-no2[4]	[O-]c1ccc(cc1)[N+]([O-])=O
imidazolide	c1c[n-]cn1
triazolide	c1nc[n-]n1
tetrazolide	c1nn[n-]n1
tdi	FC(F)(F)c1nc(C#N)c([n-]1)C#N
pyrrolide-cn[2]	N#Cc1ccc[n-]1
pyrazolide-no2[4]	[O-][N+](=O)c1cn[n-]c1
pyrazolide-cf3[3]	FC(F)(F)c1ccn[n-]1
pyrazolide-1[3],cf3[5]	Cc1cc([n-]n1)C(F)(F)F
indazolide	c1n[n-]c2ccccc12
benzimidazolide	c1nc2ccccc2[n-]1
benzimidazolide-br[6]	Brc1ccc2[n-]cnc2c1
benzimidazolide-s1[2]	CSc1nc2ccccc2[n-]1
naphthoate2	[O-]C(=O)c1ccc2ccccc2c1
triazolide123	c1c[n-]nn1
triazolide-no2[2]	[O-][N+](=O)c1nnc[n-]1
imidazolide-no2[4]	[O-][N+](=O)c1c[n-]cn1
imidazolide-cl[4],cl[5]	Clc1nc[n-]c1Cl
imidazolide-cn[4],cn[5]	N#Cc1nc[n-]c1C#N
imidazolide-1[2],no2[5]	Cc1nc(c[n-]1)[N+]([O-])=O
im	c1c[nH+]c[nH]1
im-1	Cn1cc[nH+]c1
im-2	CCn1cc[nH+]c1
im-4	CCCCn1cc[nH+]c1
im-6oh	OCCCCCCn1cc[nH+]c1
im-2cn	N#CCCn1cc[nH+]c1
im-1,1[2]	Cc1[nH]cc[n+]1C
im-2,1[2]	CCn1cc[nH+]c1C
im-1,s2[2]	CCSc1[nH+]ccn1C
im-1,s4[2]	CCCCSc1[nH+]ccn1C
im-3so3h,1[2]	Cc1[nH]cc[n+]1CCCS(O)(=O)=O
im-3so3h,2[2]	CCc1[nH]cc[n+]1CCCS(O)(=O)=O
im-3so3h,ph[2]	OS(=O)(=O)CCC[n+]1cc[nH]c1-c1ccccc1
im-1,1	Cn1cc[n+](C)c1
im-2,1	CCn1cc[n+](C)c1
im-2,1,1	CCn1cc[n+](C)c1C
im-2,2	CCn1cc[n+](CC)c1
im-2,2,1	CCn1cc[n+](CC)c1C
im-2,1,1[5]	CCn1c[n+](C)cc1C
im-2,2,1[5]	CCn1c[n+](CC)cc1C
im-3,1	CCC[n+]1ccn(C)c1
im-3i,1	CC(C)[n+]1ccn(C)c1
im-3,2	CCC[n+]1ccn(CC)c1
im-3,3	CCCn1cc[n+](CCC)c1
im-3,1,1	CCC[n+]1ccn(C)c1C
im-4,1	CCCCn1cc[n+](C)c1
im-4,2	CCCC[n+]1ccn(CC)c1
im-4,4	CCCCn1cc[n+](CCCC)c1
im-4i,4i	CC(C)Cn1cc[n+](CC(C)C)c1
im-4,1,1	CCCCn1cc[n+](C)c1C
im-4i,1	CC(C)Cn1cc[n+](C)c1
im-5,1	CCCCCn1cc[n+](C)c1
im-5i,1	CC(C)CCn1cc[n+](C)c1
im-5,4	CCCCCn1cc[n+](CCCC)c1
im-5i,4	CCCC[n+]1ccn(CCC(C)C)c1
im-5,5	CCCCCn1cc[n+](CCCCC)c1
im-5,1,1	CCCCC[n+]1ccn(C)c1C
im-6,1	CCCCCC[n+]1ccn(C)c1
im-6i,1	CC(C)CCC[n+]1ccn(C)c1
im-6,2	CCCCCCn1cc[n+](CC)c1
im-6,4	CCCCCCn1cc[n+](CCCC)c1
im-6,6	CCCCCCn1cc[n+](CCCCCC)c1
im-6,1,1	CCCCCC[n+]1ccn(C)c1C
im-7,1	CCCCCCC[n+]1ccn(C)c1
im-7i,1	CC(C)CCCC[n+]1ccn(C)c1
im-7,1,1	CCCCCCC[n+]1ccn(C)c1C
im-7,7	CCCCCCCn1cc[n+](CCCCCCC)c1
im-8,1	CCCCCCCCn1cc[n+](C)c1
im-8,2	CCCCCCCCn1cc[n+](CC)c1
im-8,4	CCCCCCCCn1cc[n+](CCCC)c1
im-8,8	CCCCCCCCn1cc[n+](CCCCCCCC)c1
im-8i,8i	CCCC[C@H](CC)Cn1cc[n+](C[C@H](CC)CCCC)c1
im-8,1,1	CCCCCCCC[n+]1ccn(C)c1C
im-9,1	CCCCCCCCCn1cc[n+](C)c1
im-9,9	CCCCCCCCCn1cc[n+](CCCCCCCCC)c1
im-10,1	CCCCCCCCCCn1cc[n+](C)c1
im-10,1,1	CCCCCCCCCCn1cc[n+](C)c1C
im-10,10	CCCCCCCCCCn1cc[n+](CCCCCCCCCC)c1
im-11,1	CCCCCCCCCCCn1cc[n+](C)c1
im-12,1	CCCCCCCCCCCCn1cc[n+](C)c1
im-12,12	CCCCCCCCCCCCn1cc[n+](CCCCCCCCCCCC)c1
im-14,1	CCCCCCCCCCCCCCn1cc[n+](C)c1
im-16,1	CCCCCCCCCCCCCCCCn1cc[n+](C)c1
im-18,1	CCCCCCCCCCCCCCCCCCn1cc[n+](C)c1
im-cp,1	C[n+]1ccn(c1)C1CCCC1
im-cp,4	CCCC[n+]1ccn(c1)C1CCCC1
im-1cp,1	C[n+]1ccn(CC2CCCC2)c1
im-2cp,1	C[n+]1ccn(CCC2CCCC2)c1
im-ch,1	C[n+]1ccn(c1)C1CCCCC1
im-1ch,1	C[n+]1ccn(CC2CCCCC2)c1
im-2ch,1	C[n+]1ccn(CCC2CCCCC2)c1
im-3ch,1	C[n+]1ccn(CCCC2CCCCC2)c1
im-c7,1	C[n+]1ccn(c1)C1CCCCCC1
im-a,1	C[n+]1ccn(CC=C)c1
im-a,2	CC[n+]1ccn(CC=C)c1
im-a,3	CCC[n+]1ccn(CC=C)c1
im-a,4	CCCC[n+]1ccn(CC=C)c1
im-a,6	CCCCCC[n+]1ccn(CC=C)c1
im-a,8	CCCCCCCC[n+]1ccn(CC=C)c1
im-a,10	CCCCCCCCCC[n+]1ccn(CC=C)c1
im-a,12	CCCCCCCCCCCC[n+]1ccn(CC=C)c1
im-a,14	CCCCCCCCCCCCCC[n+]1ccn(CC=C)c1
im-a,1,1	Cc1n(CC=C)cc[n+]1C
im-2v,1,1	Cc1n(CCC=C)cc[n+]1C
im-chc(ch3)2,1	CC(C)=C[n+]1ccn(C)c1
im-c,1,1	C\C=C\C[n+]1ccn(C)c1C
im-8chch(E)8,1	CCCCCCCC\C=C\CCCCCCCC[n+]1ccn(C)c1
im-8chch(Z)8,1	CCCCCCCC\C=C/CCCCCCCC[n+]1ccn(C)c1
im-8chch(Z)1chch(Z)5,1	CCCCC\C=C/C\C=C/CCCCCCCC[n+]1ccn(C)c1
im-v,1	C[n+]1ccn(C=C)c1
im-v,2	CC[n+]1ccn(C=C)c1
im-v,3	CCC[n+]1ccn(C=C)c1
im-v,4	CCCC[n+]1ccn(C=C)c1
im-v,8	CCCCCCCC[n+]1ccn(C=C)c1
im-v,10	CCCCCCCCCC[n+]1ccn(C=C)c1
im-v,a	C=CCn1cc[n+](C=C)c1
im-a,a	C=CCn1cc[n+](CC=C)c1
im-1cch,1	C[n+]1ccn(CC#C)c1
im-1cch,1cch	C#CCn1cc[n+](CC#C)c1
im-1ph,1	C[n+]1ccn(Cc2ccccc2)c1
im-1ph,1[2]	Cc1[nH+]ccn1Cc1ccccc1
im-2ph,1	C[n+]1ccn(CCc2ccccc2)c1
im-3ph,1	C[n+]1ccn(CCCc2ccccc2)c1
im-1ph,1ph	C(c1ccccc1)n1cc[n+](Cc2ccccc2)c1
im-2oh,1	C[n+]1ccn(CCO)c1
im-3oh,1	C[n+]1ccn(CCCO)c1
im-3oh,2	CC[n+]1ccn(CCCO)c1
im-3oh[2],1	C[C@H](O)Cn1cc[n+](C)c1
im-6oh,1	C[n+]1ccn(CCCCCCO)c1
im-6oh,2	CC[n+]1ccn(CCCCCCO)c1
im-6oh,4	CCCC[n+]1ccn(CCCCCCO)c1
im-1o3,1o3	CCCOCn1cc[n+](COCCC)c1
im-1o4,1o4	CCCCOCn1cc[n+](COCCCC)c1
im-1o5,1o5	CCCCCOCn1cc[n+](COCCCCC)c1
im-1o6,1o6	CCCCCCOCn1cc[n+](COCCCCCC)c1
im-1o7,1o7	CCCCCCCOCn1cc[n+](COCCCCCCC)c1
im-1o8,1o8	CCCCCCCCOCn1cc[n+](COCCCCCCCC)c1
im-1o1,1	COCn1cc[n+](C)c1
im-1o1,2	CC[n+]1ccn(COC)c1
im-1o1,3	CCC[n+]1ccn(COC)c1
im-1o1,4	CCCC[n+]1ccn(COC)c1
im-1o2,1	CCOCn1cc[n+](C)c1
im-1o2,2	CCOCn1cc[n+](CC)c1
im-1o2,3	CCC[n+]1ccn(COCC)c1
im-1o2,4	CCCC[n+]1ccn(COCC)c1
im-2o1,1	COCC[n+]1ccn(C)c1
im-2o1,2	CC[n+]1ccn(CCOC)c1
im-2o1,3	CCC[n+]1ccn(CCOC)c1
im-2o1,4	CCCC[n+]1ccn(CCOC)c1
im-2o2,1	CCOCCn1cc[n+](C)c1
im-2o2,2	CCOCCn1cc[n+](CC)c1
im-2o2,3	CCC[n+]1ccn(CCOCC)c1
im-2o2,4	CCCC[n+]1ccn(CCOCC)c1
im-[2o]21,1	COCCOCCn1cc[n+](C)c1
im-[2o]31,1	COCCOCCOCCn1cc[n+](C)c1
im-2o1,1o1	COCCn1cc[n+](COC)c1
im-2o1,2o1	COCCn1cc[n+](CCOC)c1
im-2o1,1o2	CCOCn1cc[n+](CCOC)c1
im-2o2,1o1	CCOCC[n+]1ccn(COC)c1
im-2o2,1o2	CCOCC[n+]1ccn(COCC)c1
im-2o2,2o1	CCOCC[n+]1ccn(CCOC)c1
im-2o2,2o2	CCOCCn1cc[n+](CCOCC)c1
im-2o1,1,1	COCC[n+]1ccn(C)c1C
im-2o1,1,2	CCc1n(C)cc[n+]1CCOC
im-2o1,2,1	CCn1cc[n+](CCOC)c1C
im-2o1,2,2	CCc1n(CC)cc[n+]1CCOC
im-2o1,3,1	CCCn1cc[n+](CCOC)c1C
im-2o1,3,2	CCCn1cc[n+](CCOC)c1CC
im-2o1,4,1	CCCCn1cc[n+](CCOC)c1C
im-2o1,4,2	CCCCn1cc[n+](CCOC)c1CC
im-2o1,5,1	CCCCCn1cc[n+](CCOC)c1C
im-2o1,5,2	CCCCCn1cc[n+](CCOC)c1CC
im-2o2,1,1	CCOCC[n+]1ccn(C)c1C
im-2o2,1,2	CCOCC[n+]1ccn(C)c1CC
im-2o2,2,1	CCOCC[n+]1ccn(CC)c1C
im-2o2,2,2	CCOCC[n+]1ccn(CC)c1CC
im-2o2,3,1	CCCn1cc[n+](CCOCC)c1C
im-2o2,3,2	CCCn1cc[n+](CCOCC)c1CC
im-2o2,4,1	CCCCn1cc[n+](CCOCC)c1C
im-2o2,4,2	CCCCn1cc[n+](CCOCC)c1CC
im-2o2,5,1	CCCCCn1cc[n+](CCOCC)c1C
im-2o2,5,2	CCCCCn1cc[n+](CCOCC)c1CC
im-2o1,2o1,2	CCc1n(CCOC)cc[n+]1CCOC
im-2o2,2o1,1	CCOCC[n+]1ccn(CCOC)c1C
im-2o2,2o1,2	CCOCC[n+]1ccn(CCOC)c1CC
im-2o2,2o2,1	CCOCCn1cc[n+](CCOCC)c1C
im-2o2,2o2,2	CCOCCn1cc[n+](CCOCC)c1CC
im-3o1,1	COCCCn1cc[n+](C)c1
im-3o1,2o1,1	COCCCn1cc[n+](CCOC)c1C
im-3o1,2o1,2	CCc1n(CCCOC)cc[n+]1CCOC
im-3o1,2o2,1	CCOCC[n+]1ccn(CCCOC)c1C
im-3o1,2o2,2	CCOCC[n+]1ccn(CCCOC)c1CC
im-2o2oh,1	C[n+]1ccn(CCOCCO)c1
im-3,1,1o4	CCCCOCc1n(C)cc[n+]1CCC
im-1,1,1o2	CCOCc1n(C)cc[n+]1C
im-1,1,1o3	CCCOCc1n(C)cc[n+]1C
im-2,1,1o2	CCOCc1n(C)cc[n+]1CC
im-2,1,1o3	CCCOCc1n(CC)cc[n+]1C
im-2,2,1o2	CCOCc1n(CC)cc[n+]1CC
im-2,2,1o3	CCCOCc1n(CC)cc[n+]1CC
im-2o1,1,1o2	CCOCc1n(C)cc[n+]1CCOC
im-2o1,1,1o3	CCCOCc1n(C)cc[n+]1CCOC
im-2o1,2,1o2	CCOCc1n(CC)cc[n+]1CCOC
im-2o1,2,1o3	CCCOCc1n(CC)cc[n+]1CCOC
im-2o2,1,1o2	CCOCC[n+]1ccn(C)c1COCC
im-2o2,1,1o3	CCCOCc1n(C)cc[n+]1CCOCC
im-2o2,2,1o2	CCOCC[n+]1ccn(CC)c1COCC
im-2o2,2,1o3	CCCOCc1n(CC)cc[n+]1CCOCC
im-3,1,1o2	CCC[n+]1ccn(C)c1COCC
im-3,1,1o3	CCCOCc1n(C)cc[n+]1CCC
im-3,2,1o2	CCC[n+]1ccn(CC)c1COCC
im-3,2,1o3	CCCOCc1n(CC)cc[n+]1CCC
im-4,1,1o2	CCCC[n+]1ccn(C)c1COCC
im-4,1,1o3	CCCC[n+]1ccn(C)c1COCCC
im-4,2,1o2	CCCC[n+]1ccn(CC)c1COCC
im-4,2,1o3	CCCC[n+]1ccn(CC)c1COCCC
im-5,1,1o2	CCCCC[n+]1ccn(C)c1COCC
im-5,1,1o3	CCCCC[n+]1ccn(C)c1COCCC
im-5,2,1o2	CCCCC[n+]1ccn(CC)c1COCC
im-5,2,1o3	CCCCC[n+]1ccn(CC)c1COCCC
im-1o1,1,1	COC[n+]1ccn(C)c1C
im-1o1,1,2	CCc1n(C)cc[n+]1COC
im-1o1,2,2	CCc1n(CC)cc[n+]1COC
im-1o1,3,1	CCCn1cc[n+](COC)c1C
im-1o1,3,2	CCCn1cc[n+](COC)c1CC
im-1o1,4,1	CCCCn1cc[n+](COC)c1C
im-1o1,4,2	CCCCn1cc[n+](COC)c1CC
im-2o1,1o1,1	COCCn1cc[n+](COC)c1C
im-2o1,1o1,2	CCc1n(CCOC)cc[n+]1COC
im-2o2,1o1,1	CCOCCn1cc[n+](COC)c1C
im-2o2,1o1,2	CCOCCn1cc[n+](COC)c1CC
im-2,1o2,1	CCOCc1n(C)cc[n+]1CC
im-moxm,1	CC(C)[C@@H]1CC[C@@H](C)C[C@H]1OC[n+]1ccn(C)c1
im-moxm,2	CCn1cc[n+](CO[C@@H]2C[C@H](C)CC[C@H]2C(C)C)c1
im-moxm,3	CCCn1cc[n+](CO[C@@H]2C[C@H](C)CC[C@H]2C(C)C)c1
im-moxm,4	CCCCn1cc[n+](CO[C@@H]2C[C@H](C)CC[C@H]2C(C)C)c1
im-moxm,5	CCCCCn1cc[n+](CO[C@@H]2C[C@H](C)CC[C@H]2C(C)C)c1
im-moxm,6	CCCCCCn1cc[n+](CO[C@@H]2C[C@H](C)CC[C@H]2C(C)C)c1
im-moxm,7	CCCCCCCn1cc[n+](CO[C@@H]2C[C@H](C)CC[C@H]2C(C)C)c1
im-moxm,8	CCCCCCCCn1cc[n+](CO[C@@H]2C[C@H](C)CC[C@H]2C(C)C)c1
im-moxm,9	CCCCCCCCCn1cc[n+](CO[C@@H]2C[C@H](C)CC[C@H]2C(C)C)c1
im-moxm,10	CCCCCCCCCCn1cc[n+](CO[C@@H]2C[C@H](C)CC[C@H]2C(C)C)c1
im-moxm,11	CCCCCCCCCCCn1cc[n+](CO[C@@H]2C[C@H](C)CC[C@H]2C(C)C)c1
im-moxm,12	CCCCCCCCCCCCn1cc[n+](CO[C@@H]2C[C@H](C)CC[C@H]2C(C)C)c1
im-1(1[f]),1	C[n+]1ccn(CC(F)(F)F)c1
im-2(2[f]),1	C[n+]1ccn(CCC(F)(F)C(F)(F)F)c1
im-2(4[f]),1	C[n+]1ccn(CCC(F)(F)C(F)(F)C(F)(F)C(F)(F)F)c1
im-2(6[f]),1	C[n+]1ccn(CCC(F)(F)C(F)(F)C(F)(F)C(F)(F)C(F)(F)C(F)(F)F)c1
im-2cl,1	Cn1cc[n+](CCCl)c1
im-1(chbr,ch2br),1	C[n+]1ccn(C[C@@H](Br)CBr)c1
im-1(chbr,ch2br),(chbr,ch2br)	BrC[C@@H](Br)Cn1cc[n+](c1)[C@H](Br)CBr
im-1(chbr,ch2br),1(chbr,ch2br)	BrC[C@@H](Br)Cn1cc[n+](C[C@@H](Br)CBr)c1
im-2(cfbr,cf2br),1	C[n+]1ccn(CC[C@](F)(Br)C(F)(F)Br)c1
im-2(cfbr,cf2br),1(chbr,ch2br)	FC(F)(Br)[C@@](F)(Br)CCn1cc[n+](C[C@H](Br)CBr)c1
im-1(chbr,ch2br),1,br[4],br[5]	Cn1c[n+](C[C@H](Br)CBr)c(Br)c1Br
im-1cn,1	Cn1cc[n+](CC#N)c1
im-2cn,1	Cn1cc[n+](CCC#N)c1
im-3cn,1	Cn1cc[n+](CCCC#N)c1
im-3cn,1,1	Cc1n(C)cc[n+]1CCCC#N
im-4cn,1	Cn1cc[n+](CCCCC#N)c1
im-2cn,4	CCCC[n+]1ccn(CCC#N)c1
im-2cn,6	CCCCCC[n+]1ccn(CCC#N)c1
im-2cn,8	CCCCCCCC[n+]1ccn(CCC#N)c1
im-2cn,10	CCCCCCCCCC[n+]1ccn(CCC#N)c1
im-2cn,1ph	N#CCCn1cc[n+](Cc2ccccc2)c1
im-2cn,a	C=CC[n+]1ccn(CCC#N)c1
im-2cn,2oh	OCC[n+]1ccn(CCC#N)c1
im-2cn,2o2	CCOCC[n+]1ccn(CCC#N)c1
im-3cn,3cn	N#CCCCn1cc[n+](CCCC#N)c1
im-3,1,cn	CCC[n+]1ccn(C)c1C#N
im-2nh2,1	C[n+]1ccn(CCN)c1
im-3nh2,1	C[n+]1ccn(CCCN)c1
im-1cooh,1	C[n+]1ccn(CC(O)=O)c1
im-3cooh,1	C[n+]1ccn(CCCC(O)=O)c1
im-1coo2,1	CCOC(=O)C[n+]1ccn(C)c1
im-3nh1phen,4	CCCC[n+]1ccn(CCCNCc2ccccc2O)c1
im-2,1,s1	CCn1cc[n+](C)c1SC
im-2,1,s3	CCCSc1n(CC)cc[n+]1C
im-2,1,s3i	CCn1cc[n+](C)c1SC(C)C
im-2,1,s8	CCCCCCCCSc1n(CC)cc[n+]1C
im-6,1,s1	CCCCCCn1cc[n+](C)c1SC
im-3so3h	OS(=O)(=O)CCC[n+]1cc[nH]c1
im-3so3h,1	Cn1cc[n+](CCCS(O)(=O)=O)c1
im-3so3h,2	CCn1cc[n+](CCCS(O)(=O)=O)c1
im-3so3h,4	CCCCn1cc[n+](CCCS(O)(=O)=O)c1
im-4so3h,1	Cn1cc[n+](CCCCS(O)(=O)=O)c1
im-4so31	COS(=O)(=O)CCCCn1cc[n+](C)c1
im-4so32	CCOS(=O)(=O)CCCCn1cc[n+](C)c1
im-2dp,4	CCCCn1cc[n+](CCP(=O)(OCC)OCC)c1
im-3dp,4	CCCCn1cc[n+](CCCP(=O)(OCC)OCC)c1
im-2dp,6	CCCCCCn1cc[n+](CCP(=O)(OCC)OCC)c1
im-3dp,6	CCCCCCn1cc[n+](CCCP(=O)(OCC)OCC)c1
im-2dp,8	CCCCCCCCn1cc[n+](CCP(=O)(OCC)OCC)c1
im-3dp,8	CCCCCCCCn1cc[n+](CCCP(=O)(OCC)OCC)c1
im-1tms,1	C[n+]1ccn(C[Si](C)(C)C)c1
im-1tms,1,1	Cc1n(C)cc[n+]1C[Si](C)(C)C
im-1dmsph,1	C[n+]1ccn(C[Si](C)(C)c2ccccc2)c1
im-1dmsotms,1	C[n+]1ccn(C[Si](C)(C)O[Si](C)(C)C)c1
im-1tms,1,1o4	CCCCOCc1n(C)cc[n+]1C[Si](C)(C)C
im-1dmsodmsph,1	Cn1cc[n+](C[Si](C)(C)O[Si](C)(C)c2ccccc2)c1
im-1dmsodphs1,1	Cn1cc[n+](C[Si](C)(C)O[Si](C)(c2ccccc2)c2ccccc2)c1
im-1conh4,2	CCCCNC(=O)C[n+]1ccn(CC)c1
im-2ono2,1	C[n+]1ccn(CCO[N+]([O-])=O)c1
im-2,1D	[2H]C([2H])([2H])n1cc[n+](CC)c1
im-2D,1	[2H]C([2H])([2H])C([2H])([2H])[n+]1ccn(C)c1
im-2D,1D	[2H]C([2H])([2H])n1cc[n+](c1)C([2H])([2H])C([2H])([2H])[2H]
pz-2,1	CC[n+]1cccn1C
pz-4,1	CCCC[n+]1cccn1C
pz-3,1,1[3],1[5]	CCC[n+]1c(C)cc(C)n1C
pz-4,1,1[3],1[5]	CCCC[n+]1c(C)cc(C)n1C
pz-ph,1,1[3],1[5]	Cc1cc(C)[n+](C)n1-c1ccccc1
pz-ph,4,1[3],1[5]	CCCC[n+]1c(C)cc(C)n1-c1ccccc1
pz-ph,5,1[3],1[5]	CCCCC[n+]1c(C)cc(C)n1-c1ccccc1
pz-ph,6,1[3],1[5]	CCCCCC[n+]1c(C)cc(C)n1-c1ccccc1
pz-ph,7,1[3],1[5]	CCCCCCC[n+]1c(C)cc(C)n1-c1ccccc1
pz-2o1,1	COCC[n+]1cccn1C
pz-2o1,2	CCn1ccc[n+]1CCOC
pz-2o2,1	CCOCC[n+]1cccn1C
pz-2o2,2	CCOCC[n+]1cccn1CC
pz-2o1,1,1[3],1[5]	COCC[n+]1c(C)cc(C)n1C
pz-2o1,2,1[3],1[5]	CCn1c(C)cc(C)[n+]1CCOC
trz123-4,1	CCCCn1cc[n+](C)n1
trz123-6,1	CCCCCCn1cc[n+](C)n1
trz123-8,1	CCCCCCCCn1cc[n+](C)n1
trz123-10,1	CCCCCCCCCCn1cc[n+](C)n1
trz123-12,1	CCCCCCCCCCCCn1cc[n+](C)n1
trz124-2,1	CCn1c[n+](C)cn1
trz124-3,1	CCCn1c[n+](C)cn1
trz124-4,1	CCCCn1c[n+](C)cn1
trz124-6,1	CCCCCCn1c[n+](C)cn1
trz124-8,1	CCCCCCCCn1c[n+](C)cn1
trz124-10,1	CCCCCCCCCCn1c[n+](C)cn1
trz124-12,1	CCCCCCCCCCCCn1c[n+](C)cn1
trz124-4so3h,5	CCCCCn1c[n+](CCCCS(O)(=O)=O)cn1
tetraz-1,s2[5]	CCSc1[nH+]nnn1C
bim-4,2	CCCCn1c[n+](CC)c2ccccc12
thz-4,1[4]	CCCC[n+]1cscc1C
thz-1ph,1[4]	Cc1csc[n+]1Cc1ccccc1
thz-2oh,1[4]	Cc1csc[n+]1CCO
thz-2,2oh[5],1[4]	CC[n+]1csc(CCO)c1C
thz-1ph,2oh[5],1[4]	Cc1c(CCO)sc[n+]1Cc1ccccc1
thz-1coo2,1[4]	CCOC(=O)C[n+]1cscc1C
bthz-s2[2]	CCSc1[nH+]c2ccccc2s1
py	c1cc[nH+]cc1
py-1[4]	Cc1cc[nH+]cc1
py-1	C[n+]1ccccc1
py-2	CC[n+]1ccccc1
py-3	CCC[n+]1ccccc1
py-4	CCCC[n+]1ccccc1
py-5	CCCCC[n+]1ccccc1
py-6	CCCCCC[n+]1ccccc1
py-7	CCCCCCC[n+]1ccccc1
py-8	CCCCCCCC[n+]1ccccc1
py-10	CCCCCCCCCC[n+]1ccccc1
py-12	CCCCCCCCCCCC[n+]1ccccc1
py-16	CCCCCCCCCCCCCCCC[n+]1ccccc1
py-1ph	C(c1ccccc1)[n+]1ccccc1
py-1ch	C(C1CCCCC1)[n+]1ccccc1
py-[2o]21	COCCOCC[n+]1ccccc1
py-[2o]31	COCCOCCOCC[n+]1ccccc1
py-[2o]41	COCCOCCOCCOCC[n+]1ccccc1
py-1,1[3]	Cc1ccc[n+](C)c1
py-1,2[2]	CCc1cccc[n+]1C
py-2,1[2]	CC[n+]1ccccc1C
py-2,1[3]	CC[n+]1cccc(C)c1
py-2,1[4]	CC[n+]1ccc(C)cc1
py-2,2[2]	CCc1cccc[n+]1CC
py-2,3[2]	CCCc1cccc[n+]1CC
py-2,4[2]	CCCCc1cccc[n+]1CC
py-2,5[2]	CCCCCc1cccc[n+]1CC
py-2,6[2]	CCCCCCc1cccc[n+]1CC
py-2,7[2]	CCCCCCCc1cccc[n+]1CC
py-2,8[2]	CCCCCCCCc1cccc[n+]1CC
py-3,1[3]	CCC[n+]1cccc(C)c1
py-4,1[2]	CCCC[n+]1ccccc1C
py-4,1[3]	CCCC[n+]1cccc(C)c1
py-4i,1[3]	CC(C)C[n+]1cccc(C)c1
py-4,1[4]	CCCC[n+]1ccc(C)cc1
py-4,1[2],1[3]	CCCC[n+]1cccc(C)c1C
py-4,1[3],1[5]	CCCC[n+]1cc(C)cc(C)c1
py-6,1[3]	CCCCCC[n+]1cccc(C)c1
py-6,1[4]	CCCCCC[n+]1ccc(C)cc1
py-6,1[3],1[5]	CCCCCC[n+]1cc(C)cc(C)c1
py-6,2[2],1[3],1[5]	CCCCCC[n+]1cc(C)cc(C)c1CC
py-6,3[2],2[3],2[5]	CCCCCC[n+]1cc(CC)cc(CC)c1CCC
py-8,1[2]	CCCCCCCC[n+]1ccccc1C
py-8,1[3]	CCCCCCCC[n+]1cccc(C)c1
py-8,1[4]	CCCCCCCC[n+]1ccc(C)cc1
py-8,1[2],1[3]	CCCCCCCC[n+]1cccc(C)c1C
py-8,1[3],1[5]	CCCCCCCC[n+]1cc(C)cc(C)c1
py-1ph,1[2]	Cc1cccc[n+]1Cc1ccccc1
py-1ph,1[3]	Cc1ccc[n+](Cc2ccccc2)c1
py-1ph,1[4]	Cc1cc[n+](Cc2ccccc2)cc1
py-2o1	COCC[n+]1ccccc1
py-2oh	OCC[n+]1ccccc1
py-3oh	OCCC[n+]1ccccc1
py-moxm	CC(C)[C@@H]1CC[C@@H](C)C[C@H]1OC[n+]1ccccc1
py-moxm,1[2]	CC(C)[C@@H]1CC[C@@H](C)C[C@H]1OC[n+]1ccccc1C
py-moxm,4t[3]	CC(C)[C@@H]1CC[C@@H](C)C[C@H]1OC[n+]1ccc(cc1)C(C)(C)C
py-1coo2	CCC(=O)OC[n+]1ccccc1
py-2,coo2[3]	CCOC(=O)c1ccc[n+](CC)c1
py-4,coo4[3]	CCCCOC(=O)c1ccc[n+](CCCC)c1
py-2cn	N#CCC[n+]1ccccc1
py-3cn	N#CCCC[n+]1ccccc1
py-5cn	N#CCCCCC[n+]1ccccc1
py-10cn	N#CCCCCCCCCCC[n+]1ccccc1
py-1cn,1[3]	Cc1ccc[n+](CC#N)c1
py-1cn,1[4]	Cc1cc[n+](CC#N)cc1
py-1cn,1[2],1[5]	Cc1ccc(C)[n+](CC#N)c1
py-3cn,1[2]	Cc1cccc[n+]1CCCC#N
py-3cn,1[3]	Cc1ccc[n+](CCCC#N)c1
py-3cn,1[4]	Cc1cc[n+](CCCC#N)cc1
py-3cn,2[2]	CCc1cccc[n+]1CCCC#N
py-3cn,2[4]	CCc1cc[n+](CCCC#N)cc1
py-3cn,1[2],1[5]	Cc1ccc(C)[n+](CCCC#N)c1
py-5cn,1[2]	Cc1cccc[n+]1CCCCCC#N
py-5cn,1[3]	Cc1ccc[n+](CCCCCC#N)c1
py-5cn,1[4]	Cc1cc[n+](CCCCCC#N)cc1
py-2,cn[2]	CC[n+]1ccccc1C#N
py-2,cn[3]	CC[n+]1cccc(c1)C#N
py-2,cn[4]	CC[n+]1ccc(cc1)C#N
py-4,cn[4]	CCCC[n+]1ccc(cc1)C#N
py-4,cn[3]	CCCC[n+]1cccc(c1)C#N
py-6,cn[3]	CCCCCC[n+]1cccc(c1)C#N
py-6,cn[4]	CCCCCC[n+]1ccc(cc1)C#N
py-8,cn[3]	CCCCCCCC[n+]1cccc(c1)C#N
py-8,cn[4]	CCCCCCCC[n+]1ccc(cc1)C#N
py-3cn,coo1[3]	COC(=O)c1ccc[n+](CCCC#N)c1
py-4,dma[4]	CCCC[n+]1ccc(cc1)N(C)C
py-6,dma[4]	CCCCCC[n+]1ccc(cc1)N(C)C
py-6,1[3],dma[4]	CCCCCC[n+]1ccc(N(C)C)c(C)c1
py-1o1,dma[4]	COC[n+]1ccc(cc1)N(C)C
py-1o2,dma[4]	CCOC[n+]1ccc(cc1)N(C)C
py-1o3,dma[4]	CCCOC[n+]1ccc(cc1)N(C)C
py-1o4,dma[4]	CCCCOC[n+]1ccc(cc1)N(C)C
py-1o5,dma[4]	CCCCCOC[n+]1ccc(cc1)N(C)C
py-1o6,dma[4]	CCCCCCOC[n+]1ccc(cc1)N(C)C
py-1o7,dma[4]	CCCCCCCOC[n+]1ccc(cc1)N(C)C
py-1o8,dma[4]	CCCCCCCCOC[n+]1ccc(cc1)N(C)C
py-1o9,dma[4]	CCCCCCCCCOC[n+]1ccc(cc1)N(C)C
py-4so3h	OS(=O)(=O)CCCC[n+]1ccccc1
py-2,1[f][3]	CC[n+]1cccc(c1)C(F)(F)F
py-2,1[f][4]	CC[n+]1ccc(cc1)C(F)(F)F
py-10,py[4]	CCCCCCCCCC[n+]1ccc(cc1)-c1ccncc1
py(D)-2D	[2H]c1c([2H])c([2H])[n+](c([2H])c1[2H])C([2H])([2H])C([2H])([2H])[2H]
quin-6	CCCCCC[n+]1cccc2ccccc12
quini-4	CCCC[n+]1ccc2ccccc2c1
quini-6	CCCCCC[n+]1ccc2ccccc2c1
quini-8	CCCCCCCC[n+]1ccc2ccccc2c1
quini-18	CCCCCCCCCCCCCCCCCC[n+]1ccc2ccccc2c1
qu-1,1	Cc1cc2cccc[n+]2cc1C
qu-2,2	CCc1cc2cccc[n+]2cc1CC
pyrro	O=C1CCC[NH2+]1
pyrro-1	C[N@H+]1CCCC1=O
pyrro-1,1	C[N+]1(C)CCCC1=O
pyrro-10,1	CCCCCCCCCC[N@+]1(C)CCCC1=O
pyrro-12,1	CCCCCCCCCCCC[N@+]1(C)CCCC1=O
pyrro-14,1	CCCCCCCCCCCCCC[N@+]1(C)CCCC1=O
pyrro-16,1	CCCCCCCCCCCCCCCC[N@+]1(C)CCCC1=O
pyrro-18,1	CCCCCCCCCCCCCCCCCC[N@+]1(C)CCCC1=O
pyrro-1epoxy,1	C[N@@+]1(C[C@@H]2CO2)CCCC1=O
pyrl-3	CCC[N+]1=C(C)CCC1
pyrl-4	CCCC[N+]1=C(C)CCC1
pyrl-1,o2	CCOC1=[N+](C)CCC1
pyrl-2,o1	CC[N+]1=C(CCC1)OC
pyrl-2,o2	CCOC1=[N+](CC)CCC1
epslac	O=C1CCCCC[NH2+]1
cap-1,o2	CCOC1=[N+](C)CCCCC1
n-1	C[NH3+]
n-2	CC[NH3+]
n-3	CCC[NH3+]
n-4	CCCC[NH3+]
n-4i	CC(C)C[NH3+]
n-4s	CC[C@@H](C)[NH3+]
n-5	CCCCC[NH3+]
n-5i	CC[C@@H](C)C[NH3+]
n-1,1	C[NH2+]C
n-1,1,1	C[NH+](C)C
n-1,1,1,1	C[N+](C)(C)C
n-2,2	CC[NH2+]CC
n-2,2,2	CC[NH+](CC)CC
n-2,1,1	CC[NH+](C)C
n-2,2,1	CC[NH+](C)CC
n-2,1,1,1	CC[N+](C)(C)C
n-2,2,2,1	CC[N+](C)(CC)CC
n-2,2,2,2	CC[N+](CC)(CC)CC
n-3,1,1,1	CCC[N+](C)(C)C
n-3,2,1,1	CCC[N+](C)(C)CC
n-3,2,2,1	CCC[N+](C)(CC)CC
n-3,3,2,1	CCC[N+](C)(CC)CCC
n-3,3	CCC[NH2+]CCC
n-3i,3i,1	CC(C)[NH+](C)C(C)C
n-3i,1,1,1	CC(C)[N+](C)(C)C
n-3i,3i,2	CC[NH+](C(C)C)C(C)C
n-3,3i,1,1	CCC[N+](C)(C)C(C)C
n-3,3,3,3	CCC[N+](CCC)(CCC)CCC
n-4,1,1,1	CCCC[N+](C)(C)C
n-4,2,1,1	CCCC[N+](C)(C)CC
n-4,2,2,1	CCCC[N+](C)(CC)CC
n-4,2,2,2	CCCC[N+](CC)(CC)CC
n-4,4	CCCC[NH2+]CCCC
n-4,4,4	CCCC[NH+](CCCC)CCCC
n-4,3,1,1	CCCC[N+](C)(C)CCC
n-4,3i,1,1	CCCC[N+](C)(C)C(C)C
n-4,4,4,1	CCCC[N+](C)(CCCC)CCCC
n-4,4,4,4	CCCC[N+](CCCC)(CCCC)CCCC
n-5,2,1,1	CCCCC[N+](C)(C)CC
n-5,2,2,2	CCCCC[N+](CC)(CC)CC
n-5,5,5,5	CCCCC[N+](CCCCC)(CCCCC)CCCCC
n-6,1,1,1	CCCCCC[N+](C)(C)C
n-6,2,2,2	CCCCCC[N+](CC)(CC)CC
n-6,3i,1,1	CCCCCC[N+](C)(C)C(C)C
n-6,4,4,4	CCCCCC[N+](CCCC)(CCCC)CCCC
n-6,6,6,2	CCCCCC[N+](CC)(CCCCCC)CCCCCC
n-6,6,6,6	CCCCCC[N+](CCCCCC)(CCCCCC)CCCCCC
n-7,1,1,1	CCCCCCC[N+](C)(C)C
n-7,2,1,1	CCCCCCC[N+](C)(C)CC
n-7,2,2,2	CCCCCCC[N+](CC)(CC)CC
n-7,3i,3i,2	CCCCCCC[N+](CC)(C(C)C)C(C)C
n-7,4,4,4	CCCCCCC[N+](CCCC)(CCCC)CCCC
n-7,7,7,7	CCCCCCC[N+](CCCCCCC)(CCCCCCC)CCCCCCC
n-8,1,1,1	CCCCCCCC[N+](C)(C)C
n-8,2,2,2	CCCCCCCC[N+](CC)(CC)CC
n-8,4,4,4	CCCCCCCC[N+](CCCC)(CCCC)CCCC
n-2eh,2eh,1,1	CCCC[C@H](CC)C[N+](C)(C)C[C@@H](CC)CCCC
n-8,8,8,1	CCCCCCCC[N+](C)(CCCCCCCC)CCCCCCCC
n-8,8,8,8	CCCCCCCC[N+](CCCCCCCC)(CCCCCCCC)CCCCCCCC
n-10,2,2,2	CCCCCCCCCC[N+](CC)(CC)CC
n-10,3i,1,1	CCCCCCCCCC[N+](C)(C)C(C)C
n-10,10,1,1	CCCCCCCCCC[N+](C)(C)CCCCCCCCCC
n-12,1,1,1	CCCCCCCCCCCC[N+](C)(C)C
n-12,2,2,2	CCCCCCCCCCCC[N+](CC)(CC)CC
n-8,8,8	CCCCCCCC[NH+](CCCCCCCC)CCCCCCCC
n-14,1,1,1	CCCCCCCCCCCCCC[N+](C)(C)C
n-14,2,2,2	CCCCCCCCCCCCCC[N+](CC)(CC)CC
n-18,1,1,1	CCCCCCCCCCCCCCCCCC[N+](C)(C)C
n-a,1,1,1	C[N+](C)(C)CC=C
n-a,a	C=CC[NH2+]CC=C
n-ch,2,1,1	CC[N+](C)(C)C1CCCCC1
n-ch,4,1,1	CCCC[N+](C)(C)C1CCCCC1
n-ch,6,1,1	CCCCCC[N+](C)(C)C1CCCCC1
n-ch,8,1,1	CCCCCCCC[N+](C)(C)C1CCCCC1
n-ch,10,1,1	CCCCCCCCCC[N+](C)(C)C1CCCCC1
n-ch,12,1,1	CCCCCCCCCCCC[N+](C)(C)C1CCCCC1
n-ph,1,1,1	C[N+](C)(C)c1ccccc1
n-1ph,2,2,2	CC[N+](CC)(CC)Cc1ccccc1
n-2oh	[NH3+]CCO
n-3oh[2]	C[C@@H](O)C[NH3+]
n-2oh,1	C[NH2+]CCO
n-2oh,3,1,1	CCC[N+](C)(C)CCO
n-2oh,3i,1,1	CC(C)[N+](C)(C)CCO
n-2oh,8i,1,1	CCCC[C@H](CC)C[N+](C)(C)CCO
n-2oh,ph	OCC[NH2+]c1ccccc1
n-2oh,1ph,1,1	C[N+](C)(CCO)Cc1ccccc1
n-2oh,2oh	OCC[NH2+]CCO
n-2oh,2oh,2oh	OCC[NH+](CCO)CCO
n-2oh,2oh,2oh,1	C[N+](CCO)(CCO)CCO
n-2o2oh	[NH3+]CCOCCO
n-2oh,2oh,1	C[NH+](CCO)CCO
n-2oh,2,2	CC[NH+](CC)CCO
n-2oh,1,1,1	C[N+](C)(C)CCO
n-2oh,2,1,1	CC[N+](C)(C)CCO
n-3oh	[NH3+]CCCO
n-2oh,8,1,1	CCCCCCCC[N+](C)(C)CCO
n-[2o]21,1,1,1	COCCOCC[N+](C)(C)C
n-[2o]21,2,1,1	CC[N+](C)(C)CCOCCOC
n-[2o]21,[2o]21,[2o]21,2	CC[N+](CCOCCOC)(CCOCCOC)CCOCCOC
n-2o1	COCC[NH3+]
n-3o1	COCCC[NH3+]
n-1o1,1,1,1	COC[N+](C)(C)C
n-2o1,1,1,1	COCC[N+](C)(C)C
n-2o1,2,1,1	CC[N+](C)(C)CCOC
n-2o1,2,2,1	CC[N+](C)(CC)CCOC
n-2o1,2,2,2	CC[N+](CC)(CC)CCOC
n-2o2,2,2,2	CCOCC[N+](CC)(CC)CC
n-2o2,4,4,4	CCCC[N+](CCCC)(CCCC)CCOCC
n-2o2,5,5,5	CCCCC[N+](CCCCC)(CCCCC)CCOCC
n-1o1,2,2,2	CC[N+](CC)(CC)COC
n-2o1,1o1,1,1	COCC[N+](C)(C)COC
n-2o1,2o1,1,1	COCC[N+](C)(C)CCOC
n-2o2,1o1,1,1	CCOCC[N+](C)(C)COC
n-2o2,2o1,1,1	CCOCC[N+](C)(C)CCOC
n-2o2,2o2,1,1	CCOCC[N+](C)(C)CCOCC
n-2o2oh,2o2oh	OCCOCC[NH2+]CCOCCO
n-1o2,2odoe,1,1	CCCCCCCCCC(=O)OCC[N+](C)(C)COCC
n-1o3,2odoe,1,1	CCCCCCCCCC(=O)OCC[N+](C)(C)COCCC
n-1o4,2odoe,1,1	CCCCCCCCCC(=O)OCC[N+](C)(C)COCCCC
n-1o5,2odoe,1,1	CCCCCCCCCC(=O)OCC[N+](C)(C)COCCCCC
n-1o6,2odoe,1,1	CCCCCCCCCC(=O)OCC[N+](C)(C)COCCCCCC
n-1o7,2odoe,1,1	CCCCCCCCCC(=O)OCC[N+](C)(C)COCCCCCCC
n-1o8,2odoe,1,1	CCCCCCCCCC(=O)OCC[N+](C)(C)COCCCCCCCC
n-1o9,2odoe,1,1	CCCCCCCCCOC[N+](C)(C)CCOC(=O)CCCCCCCCC
n-1o[10],2odoe,1,1	CCCCCCCCCCOC[N+](C)(C)CCOC(=O)CCCCCCCCC
n-1o[11],2odoe,1,1	CCCCCCCCCCCOC[N+](C)(C)CCOC(=O)CCCCCCCCC
n-1o[12],2odoe,1,1	CCCCCCCCCCCCOC[N+](C)(C)CCOC(=O)CCCCCCCCC
n-2o2oh,[2o]22oh,13,1	CCCCCCCCCCCCC[N@@+](C)(CCOCCO)CCOCCOCCO
n-1coo1	COC(=O)C[NH3+]
n-1coo6,1,1,1	CCCCCCOC(=O)C[N+](C)(C)C
n-1coo12,1,1,1	CCCCCCCCCCCCOC(=O)C[N+](C)(C)C
n-1coo14,1,1,1	CCCCCCCCCCCCCCOC(=O)C[N+](C)(C)C
n-1coo16,1,1,1	CCCCCCCCCCCCCCCCOC(=O)C[N+](C)(C)C
n-1coo2,2,1,1	CCOC(=O)C[N+](C)(C)CC
n-1coo1,2,2,1	CC[N+](C)(CC)CC(=O)OC
n-1coo2,2,2,2	CCOC(=O)C[N+](CC)(CC)CC
n-1coo2,3,3,3	CCC[N+](CCC)(CCC)CC(=O)OCC
n-1coo1,4,2,2	CCCC[N+](CC)(CC)CC(=O)OC
n-1coo2,4,1,1	CCCC[N+](C)(C)CC(=O)OCC
n-1coo2,4,4,4	CCCC[N+](CCCC)(CCCC)CC(=O)OCC
n-1coo2,5,1,1	CCCCC[N+](C)(C)CC(=O)OCC
n-1coo2,6,1,1	CCCCCC[N+](C)(C)CC(=O)OCC
n-2coo1,1,1,1	CC(=O)OCC[N+](C)(C)C
n-2coo1,2,1,1	CC[N+](C)(C)CCOC(C)=O
n-2coo1ph,1,1,1	C[N+](C)(C)CCOC(=O)Cc1ccccc1
n-1coo2,a,1,1	CCOC(=O)C[N+](C)(C)CC=C
n-1coo1,a,2,2	CC[N+](CC)(CC=C)CC(=O)OC
n-1cooh,1,1,1	C[N+](C)(C)CC(O)=O
n-3cooh,1,1,1	C[N+](C)(C)CCCC(O)=O
n-2dma,1,1	CN(C)CC[NH+](C)C
n-3so3h,4i	CC(C)C[NH2+]CCCS(O)(=O)=O
n-4so3h,4i	CC(C)C[NH2+]CCCCS(O)(=O)=O
n-2oso3h,1,1,1	C[N+](C)(C)CCOS(O)(=O)=O
n-2oso3h,2,2,2	CC[N+](CC)(CC)CCOS(O)(=O)=O
n-2oso3h,6,6,6	CCCCCC[N+](CCCCCC)(CCCCCC)CCOS(O)(=O)=O
n-2oso3h,8,8,8	CCCCCCCC[N+](CCCCCCCC)(CCCCCCCC)CCOS(O)(=O)=O
n-3oso3h,1,1,1	C[N+](C)(C)CCCOS(O)(=O)=O
n-4oso3h,1,1,1	C[N+](C)(C)CCCCOS(O)(=O)=O
n-moxm,2,1,1	CC[N+](C)(C)CO[C@@H]1C[C@H](C)CC[C@H]1C(C)C
n-moxm,2,2,1	CC[N+](C)(CC)CO[C@@H]1C[C@H](C)CC[C@H]1C(C)C
n-moxm,2,2,2	CC[N+](CC)(CC)CO[C@@H]1C[C@H](C)CC[C@H]1C(C)C
n-moxm,4,1,1	CCCC[N+](C)(C)CO[C@@H]1C[C@H](C)CC[C@H]1C(C)C
n-moxm,6,1,1	CCCCCC[N+](C)(C)CO[C@@H]1C[C@H](C)CC[C@H]1C(C)C
n-moxm,7,1,1	CCCCCCC[N+](C)(C)CO[C@@H]1C[C@H](C)CC[C@H]1C(C)C
n-moxm,8,1,1	CCCCCCCC[N+](C)(C)CO[C@@H]1C[C@H](C)CC[C@H]1C(C)C
n-moxm,9,1,1	CCCCCCCCC[N+](C)(C)CO[C@@H]1C[C@H](C)CC[C@H]1C(C)C
n-moxm,10,1,1	CCCCCCCCCC[N+](C)(C)CO[C@@H]1C[C@H](C)CC[C@H]1C(C)C
n-moxm,11,1,1	CCCCCCCCCCC[N+](C)(C)CO[C@@H]1C[C@H](C)CC[C@H]1C(C)C
n-3(1[f]),2,2,1	CC[N+](C)(CC)CCCC(F)(F)F
n-2nh2	NCC[NH3+]
n-nh2,2,1,1	CC[N+](C)(C)N
n-nh2,4,1,1	CCCC[N+](C)(C)N
n-nh2,a,1,1	C[N+](C)(N)CC=C
n-nh2,1cch,1,1	C[N+](C)(N)CC#C
n-nh2,2oh,1,1	C[N+](C)(N)CCO
n-nh2,1cn,1,1	C[N+](C)(N)CC#N
n-2n3,1,1,1	C[N+](C)(C)CCN=[N+]=[N-]
n-2n3,2,1,1	CC[N+](C)(C)CCN=[N+]=[N-]
n-2n3,4,1,1	CCCC[N+](C)(C)CCN=[N+]=[N-]
n-2n3,a,1,1	C[N+](C)(CCN=[N+]=[N-])CC=C
n-2ono2,1,1,1	C[N+](C)(C)CCO[N+]([O-])=O
n-1(1[1])coo1	COC(=O)[C@@H](C)[NH3+]
n-1(1[1])coo2	CCOC(=O)[C@@H](C)[NH3+]
n-1(4i[1])coo1	COC(=O)[C@H]([NH3+])CC(C)C
n-1dmsodmsph,1,1,1	C[N+](C)(C)C[Si](C)(C)O[Si](C)(C)c1ccccc1
n-3oh[2](cl),1,1,1	C[N+](C)(C)C[C@@H](O)CCl
n-2oh,2br,1,1	C[N+](C)(CCO)CCBr
n=c-o1,1,1	COC=[N+](C)C
n=c-o2,1,1	CCOC=[N+](C)C
n=c1-o1,2,2	CC[N+](CC)=C(C)OC
n=c1-o2,1,1	CCOC(C)=[N+](C)C
n=c1-o2,2,2	CCOC(C)=[N+](CC)CC
pyr	C1CC[NH2+]C1
pyr-coo1[2]	COC(=O)[C@@H]1CCC[NH2+]1
pyr-1	C[NH+]1CCCC1
pyr-4	CCCC[NH+]1CCCC1
pyr-1,1	C[N+]1(C)CCCC1
pyr-2,1	CC[N+]1(C)CCCC1
pyr-3,1	CCC[N+]1(C)CCCC1
pyr-4,1	CCCC[N+]1(C)CCCC1
pyr-4i,1	CC(C)C[N+]1(C)CCCC1
pyr-4,2	CCCC[N+]1(CC)CCCC1
pyr-5,1	CCCCC[N+]1(C)CCCC1
pyr-6,1	CCCCCC[N+]1(C)CCCC1
pyr-7,1	CCCCCCC[N+]1(C)CCCC1
pyr-8,1	CCCCCCCC[N+]1(C)CCCC1
pyr-10,1	CCCCCCCCCC[N+]1(C)CCCC1
pyr-a,1	C[N+]1(CC=C)CCCC1
pyr-a,a	C=CC[N+]1(CC=C)CCCC1
pyr-1ph,1	C[N+]1(Cc2ccccc2)CCCC1
pyr-1ch,1	C[N+]1(CC2CCCCC2)CCCC1
pyr-1o1,1	COC[N+]1(C)CCCC1
pyr-2o1,1	COCC[N+]1(C)CCCC1
pyr-2o2,1	CCOCC[N+]1(C)CCCC1
pyr-[2o]21,1	COCCOCC[N+]1(C)CCCC1
pyr-2o1,2o1	COCC[N+]1(CCOC)CCCC1
pyr-2o1,2o2	CCOCC[N+]1(CCOC)CCCC1
pyr-[2o]21,[2o]21	COCCOCC[N+]1(CCOCCOC)CCCC1
pyr-2oh,1	C[N+]1(CCO)CCCC1
pyr-3oh,1	C[N+]1(CCCO)CCCC1
pyr-3[oh]2,1	C[N+]1(C[C@H](O)CO)CCCC1
pyr-1(o)pyr	O=C(N1CCCC1)[NH+]1CCCC1
pyr-1dmsodmsph,1	C[N+]1(C[Si](C)(C)O[Si](C)(C)c2ccccc2)CCCC1
pyr-6nh2,1	C[N+]1(CCCCCCN)CCCC1
pyr-3cn,1	C[N+]1(CCCC#N)CCCC1
pyr-3(1[f]),1	C[N+]1(CCCC(F)(F)F)CCCC1
pyr-2ono2,1	C[N+]1(CCO[N+]([O-])=O)CCCC1
pip	C1CC[NH2+]CC1
pip-1	C[NH+]1CCCCC1
pip-2,1	CC[N+]1(C)CCCCC1
pip-3,1	CCC[N+]1(C)CCCCC1
pip-4,1	CCCC[N+]1(C)CCCCC1
pip-4i,1	CC(C)C[N+]1(C)CCCCC1
pip-4,2	CCCC[N+]1(CC)CCCCC1
pip-5,1	CCCCC[N+]1(C)CCCCC1
pip-5,2	CCCCC[N+]1(CC)CCCCC1
pip-6,1	CCCCCC[N+]1(C)CCCCC1
pip-7,1	CCCCCCC[N+]1(C)CCCCC1
pip-8,1	CCCCCCCC[N+]1(C)CCCCC1
pip-a,1	C[N+]1(CC=C)CCCCC1
pip-a,a	C=CC[N+]1(CC=C)CCCCC1
pip-1o1,1	COC[N+]1(C)CCCCC1
pip-1o1,2	CC[N+]1(COC)CCCCC1
pip-2o1,1	COCC[N+]1(C)CCCCC1
pip-2o1,2	CC[N+]1(CCOC)CCCCC1
pip-2o1,2o1	COCC[N+]1(CCOC)CCCCC1
pip-2o1,2o2	CCOCC[N+]1(CCOC)CCCCC1
pip-[2o]21,1	COCCOCC[N+]1(C)CCCCC1
pip-[2o]21,[2o]21	COCCOCC[N+]1(CCOCCOC)CCCCC1
pip-2oh,1	C[N+]1(CCO)CCCCC1
pip-2oh,2	CC[N+]1(CCO)CCCCC1
pip-3oh,1	C[N+]1(CCCO)CCCCC1
pip-3oh,2	CC[N+]1(CCCO)CCCCC1
pip-1coo1,2	CC[N+]1(CC(=O)OC)CCCCC1
pip-1cn,1	C[N+]1(CC#N)CCCCC1
pip-3cn,1	C[N+]1(CCCC#N)CCCCC1
pip-3(1[f]),1	C[N+]1(CCCC(F)(F)F)CCCCC1
pip-4,1,1[3]	CCCC[N@+]1(C)CCC[C@@H](C)C1
pip-6,1,1[3]	CCCCCC[N@+]1(C)CCC[C@@H](C)C1
pip-2o1,1,1[3]	COCC[N@+]1(C)CCC[C@@H](C)C1
pip-[2o]21,1,1[3]	COCCOCC[N@+]1(C)CCC[C@@H](C)C1
pipz-2	CCN1CC[NH2+]CC1
pipz-2,2	CC[N+]1(CC)CCNCC1
dabco-6	CCCCCC[N@@+]12CC[N@@](CC1)CC2
dbu	C1C[NH+]=C2CCCCCN2C1
dbu-2	CC[N+]1=C2CCCCCN2CCC1
dbu-4	CCCC[N+]1=C2CCCCCN2CCC1
dbu-6	CCCCCC[N+]1=C2CCCCCN2CCC1
dbu-8	CCCCCCCC[N+]1=C2CCCCCN2CCC1
dbu-10	CCCCCCCCCC[N+]1=C2CCCCCN2CCC1
dbu-14	CCCCCCCCCCCCCC[N+]1=C2CCCCCN2CCC1
azp-4,1	CCCC[N+]1(C)CCCCCC1
azp-6,1	CCCCCC[N+]1(C)CCCCCC1
azp-2o1,1	COCC[N+]1(C)CCCCCC1
azp-[2o]21,1	COCCOCC[N+]1(C)CCCCCC1
azp-2o1,2o1	COCC[N+]1(CCOC)CCCCCC1
azp-[2o]21,[2o]21	COCCOCC[N+]1(CCOCCOC)CCCCCC1
ox-3,1	CCC[N@+]1(C)CCOC1
ox-4,1	CCCC[N@+]1(C)CCOC1
ox-2o1,1	COCC[N@+]1(C)CCOC1
ox-3f,1	C[N@@+]1(CCCF)CCOC1
mo	C1COCC[NH2+]1
mo-1	C[NH+]1CCOCC1
mo-2	CC[NH+]1CCOCC1
mo-2,1	CC[N+]1(C)CCOCC1
mo-3,1	CCC[N+]1(C)CCOCC1
mo-4,1	CCCC[N+]1(C)CCOCC1
mo-5,1	CCCCC[N+]1(C)CCOCC1
mo-6,1	CCCCCC[N+]1(C)CCOCC1
mo-7,1	CCCCCCC[N+]1(C)CCOCC1
mo-8,1	CCCCCCCC[N+]1(C)CCOCC1
mo-9,1	CCCCCCCCC[N+]1(C)CCOCC1
mo-a,1	C[N+]1(CC=C)CCOCC1
mo-a,2	CC[N+]1(CC=C)CCOCC1
mo-3oh,1	C[N+]1(CCCO)CCOCC1
mo-2o1,1	COCC[N+]1(C)CCOCC1
mo-2o2,1	CCOCC[N+]1(C)CCOCC1
mo-2o1(3[f]chf2),1	C[N+]1(CCOCC(F)(F)C(F)(F)C(F)(F)C(F)F)CCOCC1
guad-(1,1),(1,1)	CN(C)C(=[NH2+])N(C)C
guad-(1,1),(1,1),2	CC[NH+]=C(N(C)C)N(C)C
guad-(1,1),(1,1),(1,1)	CN(C)C(N(C)C)=[N+](C)C
guad-(2,1),(1,1),(1,1)	CCN(C)C(N(C)C)=[N+](C)C
guad-(2,2),(1,1),(1,1)	CCN(CC)C(N(C)C)=[N+](C)C
guad-(3,1),(1,1),(1,1)	CCCN(C)C(N(C)C)=[N+](C)C
guad-(3,2),(1,1),(1,1)	CCCN(CC)C(N(C)C)=[N+](C)C
guad-(3,3),(1,1),(1,1)	CCCN(CCC)C(N(C)C)=[N+](C)C
guad-(4,1),(1,1),(1,1)	CCCCN(C)C(N(C)C)=[N+](C)C
guad-(4,2),(1,1),(1,1)	CCCCN(CC)C(N(C)C)=[N+](C)C
guad-(4,3),(1,1),(1,1)	CCCCN(CCC)C(N(C)C)=[N+](C)C
guad-(4,4),(1,1),(1,1)	CCCCN(CCCC)C(N(C)C)=[N+](C)C
guad-(6,6),(1,1),(1,1)	CCCCCCN(CCCCCC)C(N(C)C)=[N+](C)C
guad-(6,6),(6,6),(1,1)	CCCCCCN(CCCCCC)C(N(CCCCCC)CCCCCC)=[N+](C)C
guad-(2o1,2o1),(1,1),(1,1)	COCCN(C)C(N(C)CCOC)=[N+](C)C
guad-(2o2,2o1),(1,1),(1,1)	CCOCCN(C)C(N(C)CCOC)=[N+](C)C
cguad-(2,1),1,1	CC[N+](C)=C1N(C)CCN1C
cguad-(2,2),1,1	CC[N+](CC)=C1N(C)CCN1C
cguad-(3,1),1,1	CCC[N+](C)=C1N(C)CCN1C
p-4,4,4	CCCC[PH+](CCCC)CCCC
p-2,2,2,2	CC[P+](CC)(CC)CC
p-3,1,1,1	CCC[P+](C)(C)C
p-4i,1,1,1	CC(C)C[P+](C)(C)C
p-4,2,2,2	CCCC[P+](CC)(CC)CC
p-4,4,4,1	CCCC[P+](C)(CCCC)CCCC
p-4,4,4,2	CCCC[P+](CC)(CCCC)CCCC
p-4i,4i,4i,1	CC[P+](CC(C)C)(CC(C)C)CC(C)C
p-a,1,1,1	C[P+](C)(C)CC=C
p-a,4,4,4	CCCC[P+](CCCC)(CCCC)CC=C
p-3chch2,2,2,2	CC[P+](CC)(CC)CCCC=C
p-4,4,4,4	CCCC[P+](CCCC)(CCCC)CCCC
p-5,2,2,2	CCCCC[P+](CC)(CC)CC
p-8,1,1,1	CCCCCCCC[P+](C)(C)C
p-8,2,2,2	CCCCCCCC[P+](CC)(CC)CC
p-12,2,2,2	CCCCCCCCCCCC[P+](CC)(CC)CC
p-14,4,4,4	CCCCCCCCCCCCCC[P+](CCCC)(CCCC)CCCC
p-6,1,1,1	CCCCCC[P+](C)(C)C
p-6,2,2,2	CCCCCC[P+](CC)(CC)CC
p-6,4,4,4	CCCCCC[P+](CCCC)(CCCC)CCCC
p-6,6,6,2	CCCCCC[P+](CC)(CCCCCC)CCCCCC
p-6,6,6,3	CCCCCC[P+](CCC)(CCCCCC)CCCCCC
p-6,6,6,4	CCCCCC[P+](CCCC)(CCCCCC)CCCCCC
p-6,6,6,4i	CCCCCC[P+](CCCCCC)(CCCCCC)CC(C)C
p-6,6,6,6	CCCCCC[P+](CCCCCC)(CCCCCC)CCCCCC
p-7,2,2,2	CCCCCCC[P+](CC)(CC)CC
p-7,6,6,6	CCCCCCC[P+](CCCCCC)(CCCCCC)CCCCCC
p-8,4,4,4	CCCCCCCC[P+](CCCC)(CCCC)CCCC
p-8,6,6,6	CCCCCCCC[P+](CCCCCC)(CCCCCC)CCCCCC
p-8,8,8,1	CCCCCCCC[P+](C)(CCCCCCCC)CCCCCCCC
p-8,8,8,3	CCCCCCCC[P+](CCC)(CCCCCCCC)CCCCCCCC
p-8,8,8,4	CCCCCCCC[P+](CCCC)(CCCCCCCC)CCCCCCCC
p-8,8,8,5	CCCCCCCC[P+](CCCCC)(CCCCCCCC)CCCCCCCC
p-8,8,8,6	CCCCCCCC[P+](CCCCCC)(CCCCCCCC)CCCCCCCC
p-8,8,8,7	CCCCCCCC[P+](CCCCCCC)(CCCCCCCC)CCCCCCCC
p-8,8,8,8	CCCCCCCC[P+](CCCCCCCC)(CCCCCCCC)CCCCCCCC
p-9,2,2,2	CCCCCCCCC[P+](CC)(CC)CC
p-9,8,8,8	CCCCCCCCC[P+](CCCCCCCC)(CCCCCCCC)CCCCCCCC
p-10,2,2,2	CCCCCCCCCC[P+](CC)(CC)CC
p-10,4,4,4	CCCCCCCCCC[P+](CCCC)(CCCC)CCCC
p-10,6,6,6	CCCCCCCCCC[P+](CCCCCC)(CCCCCC)CCCCCC
p-10,8,8,8	CCCCCCCCCC[P+](CCCCCCCC)(CCCCCCCC)CCCCCCCC
p-12,4,4,4	CCCCCCCCCCCC[P+](CCCC)(CCCC)CCCC
p-12,6,6,6	CCCCCCCCCCCC[P+](CCCCCC)(CCCCCC)CCCCCC
p-12,8,8,8	CCCCCCCCCCCC[P+](CCCCCCCC)(CCCCCCCC)CCCCCCCC
p-14,6,6,6	CCCCCCCCCCCCCC[P+](CCCCCC)(CCCCCC)CCCCCC
p-14,8,8,8	CCCCCCCCCCCCCC[P+](CCCCCCCC)(CCCCCCCC)CCCCCCCC
p-16,6,6,6	CCCCCCCCCCCCCCCC[P+](CCCCCC)(CCCCCC)CCCCCC
p-18,4,4,4	CCCCCCCCCCCCCCCCCC[P+](CCCC)(CCCC)CCCC
p-2v,2,2,2	CC[P+](CC)(CC)CCC=C
p-1ph,2,2,2	CC[P+](CC)(CC)Cc1ccccc1
p-1pha[4],8,8,8	CCCCCCCC[P+](CCCCCCCC)(CCCCCCCC)Cc1ccc(C=C)cc1
p-2oh,4,4,4	CCCC[P+](CCO)(CCCC)CCCC
p-1o1,1,1,1	COC[P+](C)(C)C
p-1o1,2,2,2	CC[P+](CC)(CC)COC
p-1o2,2,2,2	CCOC[P+](CC)(CC)CC
p-1o2o1,2,2,2	CC[P+](CC)(CC)COCCOC
p-2o1,2,2,2	CC[P+](CC)(CC)CCOC
p-1o1,4,4,4	CCCC[P+](CCCC)(CCCC)COC
p-3oh(oh[2]),8,8,8	CCCCCCCC[P+](CCCCCCCC)(CCCCCCCC)C[C@H](O)CO
p-3nh2,4,4,4	CCCC[P+](CCCC)(CCCC)CCCN
p-2oso3h,4,4,4	CCCC[P+](CCCC)(CCCC)CCOS(O)(=O)=O
p-2oso3h,8,8,8	CCCCCCCC[P+](CCCCCCCC)(CCCCCCCC)CCOS(O)(=O)=O
pphin-4,1	CCCC[P+]1(C)CCCCC1
pphin-ph,4	CCCC[P+]1(CCCCC1)c1ccccc1
pphol-4,1	CCCC[P+]1(C)CCCC1
pphol-ph,4	CCCC[P+]1(CCCC1)c1ccccc1
s-1,1,1	C[S+](C)C
s-2,1,1	CC[S+](C)C
s-2,2,1	CC[S+](C)CC
s-2,2,2	CC[S+](CC)CC
s-3,1,1	CCC[S+](C)C
s-3,2,1	CCC[S@+](C)CC
s-3,2,2	CCC[S+](CC)CC
s-3,3,1	CCC[S+](C)CCC
s-3,3,2	CCC[S+](CC)CCC
s-4,1,1	CCCC[S+](C)C
s-4,2,1	CCCC[S@+](C)CC
s-4,2,2	CCCC[S+](CC)CC
s-4,4,1	CCCC[S+](C)CCCC
s-4,4,2	CCCC[S+](CC)CCCC
s-4,4,4	CCCC[S+](CCCC)CCCC
s-5,1,1	CCCCC[S+](C)C
s-5,2,1	CCCCC[S@+](C)CC
s-5,2,2	CCCCC[S+](CC)CC
s-1cch,1,1	C[S+](C)CC#C
s-1coo2,1,1	CCOC(=O)C[S+](C)C
tht-1	C[S+]1CCCC1
tht-2	CC[S+]1CCCC1
tht-3	CCC[S+]1CCCC1
tht-4	CCCC[S+]1CCCC1
tht-5	CCCCC[S+]1CCCC1
thtp-3	CCC[S+]1CCCCC1
thtp-4	CCCC[S+]1CCCCC1
thtp-5	CCCCC[S+]1CCCCC1
turea-2	CC[S+]=C(N)N
turea-2,(1,0),(1,0)	CC[S+]=C(NC)NC
turea-2,(2,0),(2,0)	CCNC(NCC)=[S+]CC
turea-4	CCCC[S+]=C(N)N
turea-4,(1,0),(1,0)	CCCC[S+]=C(NC)NC
turea-4,(2,0),(2,0)	CCCC[S+]=C(NCC)NCC
turea-4,(1,1),(1,1)	CCCC[S+]=C(N(C)C)N(C)C
turea-6	CCCCCC[S+]=C(N)N
turea-6,(1,0),(1,0)	CCCCCC[S+]=C(NC)NC
turea-6,(1,1),(1,1)	CCCCCC[S+]=C(N(C)C)N(C)C
turea-8	CCCCCCCC[S+]=C(N)N
turea-8,(1,0),(1,0)	CCCCCCCC[S+]=C(NC)NC
turea-8,(2,0),(2,0)	CCCCCCCC[S+]=C(NCC)NCC
turea-8,(1,1),(1,1)	CCCCCCCC[S+]=C(N(C)C)N(C)C
cprop-(n-2,1),(n-1,1),(n-1,1)	CCN(C)c1c(N(C)C)[c+]1N(C)C
cprop-(n-2,1),(n-2,1),(n-2,1)	CCN(C)c1c(N(C)CC)[c+]1N(C)CC
cprop-(n-2,2),(n-1,1),(n-1,1)	CCN(CC)c1c(N(C)C)[c+]1N(C)C
cprop-(n-2,2),(n-2,2),(n-1,1)	CCN(CC)c1c(N(CC)CC)[c+]1N(C)C
cprop-(n-2,2),(n-2,2),(n-2,2)	CCN(CC)c1c(N(CC)CC)[c+]1N(CC)CC
cprop-(n-3,1),(n-1,1),(n-1,1)	CCCN(C)c1c(N(C)C)[c+]1N(C)C
cprop-(n-3,3),(n-1,1),(n-1,1)	CCCN(CCC)c1c(N(C)C)[c+]1N(C)C
cprop-(n-3,3),(n-3,3),(n-3,3)	CCCN(CCC)c1c(N(CCC)CCC)[c+]1N(CCC)CCC
cprop-(n-4,1),(n-1,1),(n-1,1)	CCCCN(C)c1c(N(C)C)[c+]1N(C)C
cprop-(n-4,1),(n-2,2),(n-2,2)	CCCCN(C)c1c(N(CC)CC)[c+]1N(CC)CC
cprop-(n-4,1),(n-4,1),(n-4,1)	CCCCN(C)c1c(N(C)CCCC)[c+]1N(C)CCCC
cprop-(n-4,4),(n-1,1),(n-1,1)	CCCCN(CCCC)c1c(N(C)C)[c+]1N(C)C
cprop-(n-4,4),(n-2,2),(n-2,2)	CCCCN(CCCC)c1c(N(CC)CC)[c+]1N(CC)CC
cprop-(n-4,4),(n-4,4),(n-4,4)	CCCCN(CCCC)c1c(N(CCCC)CCCC)[c+]1N(CCCC)CCCC
cprop-(n-5,5),(n-5,5),(n-5,5)	CCCCCN(CCCCC)c1c(N(CCCCC)CCCCC)[c+]1N(CCCCC)CCCCC
cprop-(n-6,1),(n-1,1),(n-1,1)	CCCCCCN(C)c1c(N(C)C)[c+]1N(C)C
cprop-(n-6,1),(n-2,2),(n-2,2)	CCCCCCN(C)c1c(N(CC)CC)[c+]1N(CC)CC
cprop-(n-6,6),(n-1,1),(n-1,1)	CCCCCCN(CCCCCC)c1c(N(C)C)[c+]1N(C)C
cprop-(n-6,6),(n-2,2),(n-2,2)	CCCCCCN(CCCCCC)c1c(N(CC)CC)[c+]1N(CC)CC
cprop-(n-6,6),(n-6,6),(n-6,6)	CCCCCCN(CCCCCC)c1c(N(CCCCCC)CCCCCC)[c+]1N(CCCCCC)CCCCCC
cprop-(n-10,10),(n-10,10),(n-10,10)	CCCCCCCCCCN(CCCCCCCCCC)c1c(N(CCCCCCCCCC)CCCCCCCCCC)[c+]1N(CCCCCCCCCC)CCCCCCCCCC
nms2	CS(=O)(=O)[N-]S(C)(=O)=O
tfesi	FC(F)(F)COS(=O)(=O)[N-]S(=O)(=O)OCC(F)(F)F
fsa	FS(=O)(=O)[N-]S(F)(=O)=O
ntfso2f	FC(F)(F)S(=O)(=O)[N-]S(F)(=O)=O
npfso2f	FC(F)(F)C(F)(F)S(=O)(=O)[N-]S(F)(=O)=O
ntf2	FC(F)(F)S(=O)(=O)[N-]S(=O)(=O)C(F)(F)F
c1c2	FC(F)(F)C(F)(F)S(=O)(=O)[N-]S(=O)(=O)C(F)(F)F
npf2	FC(F)(F)C(F)(F)S(=O)(=O)[N-]S(=O)(=O)C(F)(F)C(F)(F)F
im41	FC(F)(F)C(F)(F)C(F)(F)C(F)(F)S(=O)(=O)[N-]S(=O)(=O)C(F)(F)F
im44	FC(F)(F)C(F)(F)C(F)(F)C(F)(F)S(=O)(=O)[N-]S(=O)(=O)C(F)(F)C(F)(F)C(F)(F)C(F)(F)F
ctf3	FC(F)(F)S(=O)(=O)[C-](S(=O)(=O)C(F)(F)F)S(=O)(=O)C(F)(F)F
tsac	FC(F)(F)C(=O)[N-]S(=O)(=O)C(F)(F)F
dca	N#C[N-]C#N
ncnno2	[O-][N+](=O)[N-]C#N
ccn3	N#C[C-](C#N)C#N
tca	N#C[C-](C=C(C#N)C#N)C#N
tca-1	CC([C-](C#N)C#N)=C(C#N)C#N
tca-o1	COC([C-](C#N)C#N)=C(C#N)C#N
tca-1cn	N#CCC([C-](C#N)C#N)=C(C#N)C#N
bf4	F[B-](F)(F)F
bf3-1	C[B-](F)(F)F
bf3-2	CC[B-](F)(F)F
bf3-3	CCC[B-](F)(F)F
bf3-4	CCCC[B-](F)(F)F
bf3-5	CCCCC[B-](F)(F)F
bf3-v	F[B-](F)(F)C=C
bf3-1[f]	F[B-](F)(F)C(F)(F)F
bf3-2[f]	F[B-](F)(F)C(F)(F)C(F)(F)F
bf3-3[f]	F[B-](F)(F)C(F)(F)C(F)(F)C(F)(F)F
bf3-4[f]	F[B-](F)(F)C(F)(F)C(F)(F)C(F)(F)C(F)(F)F
bf3-2[f]o1[f]	F[B-](F)(F)C(F)(F)C(F)(F)OC(F)(F)F
bf3-3icn	C[C@@H](CC#N)[B-](F)(F)F
bf3-ph	F[B-](F)(F)c1ccccc1
bf3-ph-o1[2]	COc1ccccc1[B-](F)(F)F
bf3-ph-o1[3]	COc1cccc(c1)[B-](F)(F)F
bf3-ph-o1[4]	COc1ccc(cc1)[B-](F)(F)F
bf3-ph-cn[3]	F[B-](F)(F)c1cccc(c1)C#N
bf3-ph-cn[4]	F[B-](F)(F)c1ccc(cc1)C#N
bf3-ph-1[f][3]	F[B-](F)(F)c1cccc(c1)C(F)(F)F
bf3-ph-1[f][4]	F[B-](F)(F)c1ccc(cc1)C(F)(F)F
bf3-ph-f[2]	Fc1ccccc1[B-](F)(F)F
bf3-ph-f[3]	Fc1cccc(c1)[B-](F)(F)F
bf3-ph-f[4]	Fc1ccc(cc1)[B-](F)(F)F
bmb	O=C1O[B-]2(O[C@H]1c1ccccc1)O[C@H](C(=O)O2)c1ccccc1
bmlb	O=C1CC(=O)O[B-]2(O1)OC(=O)CC(=O)O2
bob	O=C1O[B-]2(OC1=O)OC(=O)C(=O)O2
bscb	O=C1O[B-]2(OC(=O)c3ccccc3O2)Oc2ccccc12
bf2ox	F[B-]1(F)OC(=O)C(=O)O1
tcb	N#C[B-](C#N)(C#N)C#N
bfcn3	F[B-](C#N)(C#N)C#N
bf2cn2	F[B-](F)(C#N)C#N
bf3cn	F[B-](F)(F)C#N
bcn3-1[f]	FC(F)(F)[B-](C#N)(C#N)C#N
bcn3-2[f]	FC(F)(F)C(F)(F)[B-](C#N)(C#N)C#N
bf2cn-1[f]	F[B-](F)(C#N)C(F)(F)F
bf2cn-2[f]	F[B-](F)(C#N)C(F)(F)C(F)(F)F
bf2cn-3[f]	F[B-](F)(C#N)C(F)(F)C(F)(F)C(F)(F)F
bf2cn-4[f]	F[B-](F)(C#N)C(F)(F)C(F)(F)C(F)(F)C(F)(F)F
bfcn2-1[f]	F[B-](C#N)(C#N)C(F)(F)F
bfcn2-2[f]	F[B-](C#N)(C#N)C(F)(F)C(F)(F)F
tfpb	FC(F)(F)c1cc(cc(c1)C(F)(F)F)[B-](c1cc(cc(c1)C(F)(F)F)C(F)(F)F)(c1cc(cc(c1)C(F)(F)F)C(F)(F)F)c1cc(cc(c1)C(F)(F)F)C(F)(F)F
tb	Fc1c(F)c(F)c(c(F)c1F)[B-](c1c(F)c(F)c(F)c(F)c1F)(c1c(F)c(F)c(F)c(F)c1F)c1c(F)c(F)c(F)c(F)c1F
pf6	F[P-](F)(F)(F)(F)F
fap	FC(F)(F)C(F)(F)[P-](F)(F)(F)(C(F)(F)C(F)(F)F)C(F)(F)C(F)(F)F
fap3	FC(F)(F)C(F)(F)C(F)(F)[P-](F)(F)(F)(C(F)(F)C(F)(F)C(F)(F)F)C(F)(F)C(F)(F)C(F)(F)F
fap4	FC(F)(F)C(F)(F)C(F)(F)C(F)(F)[P-](F)(F)(F)(C(F)(F)C(F)(F)C(F)(F)C(F)(F)F)C(F)(F)C(F)(F)C(F)(F)C(F)(F)F
fpi	FC(F)(F)C(F)(F)P(=O)([N-]P(=O)(C(F)(F)C(F)(F)F)C(F)(F)C(F)(F)F)C(F)(F)C(F)(F)F
so3-1	CS([O-])(=O)=O
so3-4	CCCCS([O-])(=O)=O
mopso	O[C@H](CN1CCOCC1)CS([O-])(=O)=O
capso	O[C@H](CNC1CCCCC1)CS([O-])(=O)=O
bes	OCCN(CCO)CCS([O-])(=O)=O
behss	CCCC[C@H](CC)COC(=O)C[C@@H](C(=O)OC[C@@H](CC)CCCC)S([O-])(=O)=O
tehss	CCCCCCOC(=O)C[C@H]([C@@H](C(=O)OCCCCCC)S([O-])(=O)=O)C(=O)OCCCCCC
dbs	CCCCCCCCCCCCc1ccccc1S([O-])(=O)=O
bs	[O-]S(=O)(=O)c1ccccc1
so3-ph1	Cc1ccc(cc1)S([O-])(=O)=O
sba	OC(=O)c1cccc(c1)S([O-])(=O)=O
so3-ph-coo1[3],coo1[5]	COC(=O)c1cc(cc(c1)S([O-])(=O)=O)C(=O)OC
cyc	[O-]S(=O)(=O)NC1CCCCC1
so3-nh2	NS([O-])(=O)=O
tau	NCCS([O-])(=O)=O
fso3	[O-]S(F)(=O)=O
hso4	OS([O-])(=O)=O
camphorsulfonate	CC1(C)[C@H]2CC[C@@H]1C(=O)[C@@H]2S([O-])(=O)=O
so4-1	COS([O-])(=O)=O
so4-2	CCOS([O-])(=O)=O
so4-4	CCCCOS([O-])(=O)=O
so4-5	CCCCCOS([O-])(=O)=O
so4-6	CCCCCCOS([O-])(=O)=O
so4-8	CCCCCCCCOS([O-])(=O)=O
so4-12	CCCCCCCCCCCCOS([O-])(=O)=O
so4-[2o]21	COCCOCCOS([O-])(=O)=O
so4-1,1[f]	[O-]S(=O)(=O)OCC(F)(F)F
so4-1,1[f],chf2	[O-]S(=O)(=O)OCC(F)(F)C(F)F
so4-1,3[f],chf2	[O-]S(=O)(=O)OCC(F)(F)C(F)(F)C(F)(F)C(F)F
so4-3,2[f]	[O-]S(=O)(=O)OCCCC(F)(F)C(F)(F)F
so4-1D	[2H]C([2H])([2H])OS([O-])(=O)=O
hco3	OC([O-])=O
po4	[O-]P([O-])([O-])=O
h2po4	OP(O)([O-])=O
h3p2o7	OP(O)(=O)OP(O)([O-])=O
po2-o1,o1	COP([O-])(=O)OC
po2-o2,o2	CCOP([O-])(=O)OCC
po2-o4,o4	CCCCOP([O-])(=O)OCCCC
po2-o8i,o8i	CCCC[C@H](CC)COP([O-])(=O)OC[C@H](CC)CCCC
po2-1,o1	CP(O)([O-])=O
po3h-1	COP([O-])=O
po3h-2	CCOP([O-])=O
po3h-4	CCCCOP([O-])=O
po3h-6	CCCCCCOP([O-])=O
po3h-8	CCCCCCCCOP([O-])=O
po2-8i,8i	C[C@H](CC(C)(C)C)CP([O-])(=O)C[C@H](C)CC(C)(C)C
po2-cf3,cf3	[O-]P(=O)(C(F)(F)F)C(F)(F)F
ps2-o2,o2	CCOP([S-])(=S)OCC
otf	[O-]S(=O)(=O)C(F)(F)F
so3-2[f]	[O-]S(=O)(=O)C(F)(F)C(F)(F)F
so3-4[f]	[O-]S(=O)(=O)C(F)(F)C(F)(F)C(F)(F)C(F)(F)F
so3-8[f]	[O-]S(=O)(=O)C(F)(F)C(F)(F)C(F)(F)C(F)(F)C(F)(F)C(F)(F)C(F)(F)C(F)(F)F
tfes	[O-]S(=O)(=O)C(F)(F)C(F)F
tpes	[O-]S(=O)(=O)C(F)(F)[C@H](F)OC(F)(F)C(F)(F)F
ttes	[O-]S(=O)(=O)C(F)(F)[C@@H](F)OC(F)(F)F
hfps	[O-]S(=O)(=O)C(F)(F)[C@@H](F)C(F)(F)F
alcl4	Cl[Al-](Cl)(Cl)Cl
al2cl7	Cl[Al](Cl)Cl.Cl[Al-](Cl)(Cl)Cl
albr4	Br[Al-](Br)(Br)Br
al2br7	Br[Al](Br)Br.Br[Al-](Br)(Br)Br
al(ohfip)4	FC(F)(F)C(O[Al-](OC(C(F)(F)F)C(F)(F)F)(OC(C(F)(F)F)C(F)(F)F)OC(C(F)(F)F)C(F)(F)F)C(F)(F)F
gacl4	Cl[Ga-](Cl)(Cl)Cl
fecl4	Cl[Fe-](Cl)(Cl)Cl
febr4	Br[Fe-](Br)(Br)Br
nicl4	Cl[Ni--](Cl)(Cl)Cl
cocl4	Cl[Co--](Cl)(Cl)Cl
gdcl6	Cl[Gd-3](Cl)(Cl)(Cl)(Cl)Cl
mncl4	Cl[Mn--](Cl)(Cl)Cl
sbf6	F[Sb-](F)(F)(F)(F)F
taf6	F[Ta-](F)(F)(F)(F)F
nbf6	F[Nb-](F)(F)(F)(F)F
wf7	F[W-](F)(F)(F)(F)(F)F
wof5	F[W-](F)(F)(F)(F)=O
moof5	F[Mo-](F)(F)(F)(F)=O
coscn4	S=C=N[Co--](N=C=S)(N=C=S)N=C=S
conco4	O=C=N[Co--](N=C=O)(N=C=O)N=C=O
hf2	F[H][F-]
oh	[OH-]
cl	[Cl-]
br	[Br-]
i	[I-]
no3	[O-][N+]([O-])=O
no2	[O-]N=O
clo4	[O-][Cl](=O)(=O)=O
scn	[S-]C#N
for	[O-]C=O
ac	CC([O-])=O
1ac	CCC([O-])=O
2ac	CCCC([O-])=O
2aci	CC(C)C([O-])=O
3ac	CCCCC([O-])=O
4ac	CCCCCC([O-])=O
5ac	CCCCCCC([O-])=O
6ac	CCCCCCCC([O-])=O
7ac	CCCCCCCCC([O-])=O
8ac	CCCCCCCCCC([O-])=O
8ac-6[2]	CCCCCCCC[C@@H](CCCCCC)C([O-])=O
ac-ph	[O-]C(=O)Cc1ccccc1
ac-2ph	[O-]C(=O)CCCc1ccccc1
ac-o1	COCC([O-])=O
ac-o2	CCOCC([O-])=O
ac-o2o1	COCCOCC([O-])=O
ac-[o2]2o1	COCCOCCOCC([O-])=O
ac-nh1	CNCC([O-])=O
mal	OC(=O)CCC([O-])=O
glyc	OCC([O-])=O
ph-coo	[O-]C(=O)c1ccccc1
ph-coo[1],oh[2]	Oc1ccccc1C([O-])=O
ph-coo[1],4t[4]	CC(C)(C)c1ccc(cc1)C([O-])=O
herbicide-2,4-DP	C[C@@H](Oc1ccc(Cl)cc1Cl)C([O-])=O
ox	[O-]C(=O)C([O-])=O
tfe	[O-]CC(F)(F)F
tfa	[O-]C(=O)C(F)(F)F
tfa-2[f]	[O-]C(=O)C(F)(F)C(F)(F)C(F)(F)F
tfa-3[f]	[O-]C(=O)C(F)(F)C(F)(F)C(F)(F)C(F)(F)F
tfa-4[f]	[O-]C(=O)C(F)(F)C(F)(F)C(F)(F)C(F)(F)C(F)(F)F
tfa-6[f]	[O-]C(=O)C(F)(F)C(F)(F)C(F)(F)C(F)(F)C(F)(F)C(F)(F)C(F)(F)F
gly	NCC([O-])=O
ala	C[C@H](N)C([O-])=O
bala	NCCC([O-])=O
la	C[C@H](O)C([O-])=O
val	CC(C)[C@H](N)C([O-])=O
glu	N[C@@H](CCC([O-])=O)C(O)=O
ser	N[C@@H](CO)C([O-])=O
lys	NCCCC[C@H](N)C([O-])=O
pro	[O-]C(=O)[C@@H]1CCCN1
thr	C[C@H](O)[C@H](N)C([O-])=O
cys	N[C@@H](CS)C([O-])=O
leu	CC(C)C[C@H](N)C([O-])=O
arg	N[C@@H](CCCNC(N)=N)C([O-])=O
asn	N[C@@H](CC([O-])=O)C(O)=O
asp	N[C@@H](CC(O)=O)C([O-])=O
gln	N[C@@H](CCC(N)=O)C([O-])=O
ile	CC[C@@H](C)[C@H](N)C([O-])=O
met	CSCC[C@H](N)C([O-])=O
phe	N[C@@H](Cc1ccccc1)C([O-])=O
tyr	N[C@@H](Cc1ccc(O)cc1)C([O-])=O
vitaminC	OC[C@H](O)[C@H]1OC(=O)C(O)=C1[O-]
biot	[O-]C(=O)CCCC[C@@H]1SC[C@@H]2NC(=O)N[C@H]12
acsul	CC1=CC(=O)[N-]S(=O)(=O)O1
sac	O=C1[N-]S(=O)(=O)c2ccccc12
phen	[O-]c1ccccc1
phen-1[2]	Cc1ccccc1[O-]
phen-1[3]	Cc1cccc([O-])c1
phen-1[4]	Cc1ccc([O-])cc1
phen-3i[4]	CC(C)c1ccc([O-])cc1
phen-4t[4]	CC(C)(C)c1ccc([O-])cc1
phen-1[2],1[4]	Cc1ccc([O-])c(C)c1
phen-1[2],1[6]	Cc1cccc(C)c1[O-]
phen-1[f][4]	[O-]c1ccc(cc1)C(F)(F)F
phen-o1[3]	COc1cccc([O-])c1
phen-o1[4]	COc1ccc([O-])cc1
phen-cl[2]	[O-]c1ccccc1Cl
phen-cl[3]	[O-]c1cccc(Cl)c1
phen-cl[4]	[O-]c1ccc(Cl)cc1
phen-cl[2],cl[4]	[O-]c1ccc(Cl)cc1Cl
phen-cl[2],cl[4],cl[6]	[O-]c1c(Cl)cc(Cl)cc1Cl
phen-f[2]	[O-]c1ccccc1F
phen-f[3]	[O-]c1cccc(F)c1
phen-f[4]	[O-]c1ccc(F)cc1
phen-no2[4]	[O-]c1ccc(cc1)[N+]([O-])=O
phen-no2[2],no2[4],no2[6]	[O-]c1c(cc(cc1[N+]([O-])=O)[N+]([O-])=O)[N+]([O-])=O
croc	[O-]c1c([O-])c(=O)c(=O)c1=O
naph1	[O-]c1cccc2ccccc12
naph2	[O-]c1ccc2ccccc2c1
imidazolide	c1c[n-]cn1
triazolide	c1nc[n-]n1
tetrazolide	c1nn[n-]n1
tdi	FC(F)(F)c1nc(C#N)c([n-]1)C#N
pyrrolide-cn[2]	N#Cc1ccc[n-]1
pyrazolide-no2[4]	[O-][N+](=O)c1cn[n-]c1
pyrazolide-cf3[3]	FC(F)(F)c1ccn[n-]1
indazolide	c1n[n-]c2ccccc12
benzimidazolide	c1nc2ccccc2[n-]1
benzimidazolide-br[6]	Brc1ccc2[n-]cnc2c1
benzimidazolide-s1[2]	CSc1nc2ccccc2[n-]1
naphthoate2	[O-]C(=O)c1ccc2ccccc2c1
triazolide123	c1c[n-]nn1
imidazolide-no2[4]	[O-][N+](=O)c1c[n-]cn1
imidazolide-cl[4],cl[5]	Clc1nc[n-]c1Cl
imidazolide-cn[4],cn[5]	N#Cc1nc[n-]c1C#N
imidazolide-1[2],no2[5]	Cc1nc(c[n-]1)[N+]([O-])=O
im	c1c[nH+]c[nH]1
im-1	Cn1cc[nH+]c1
im-2	CCn1cc[nH+]c1
im-4	CCCCn1cc[nH+]c1
im-6	CCCCCCn1cc[nH+]c1
im-6oh	OCCCCCCn1cc[nH+]c1
im-1,1	Cn1cc[n+](C)c1
im-2,1	CCn1cc[n+](C)c1
im-2,1,1	CCn1cc[n+](C)c1C
im-2,2	CCn1cc[n+](CC)c1
im-3,1	CCC[n+]1ccn(C)c1
im-3,2	CCC[n+]1ccn(CC)c1
im-3,3	CCCn1cc[n+](CCC)c1
im-3,1,1	CCC[n+]1ccn(C)c1C
im-4,1	CCCCn1cc[n+](C)c1
im-4,4	CCCCn1cc[n+](CCCC)c1
im-4,1,1	CCCCn1cc[n+](C)c1C
im-4i,1	CC(C)Cn1cc[n+](C)c1
im-5,1	CCCCCn1cc[n+](C)c1
im-5,2	CCCCCn1cc[n+](CC)c1
im-5,5	CCCCCn1cc[n+](CCCCC)c1
im-5,1,1	CCCCC[n+]1ccn(C)c1C
im-6,1	CCCCCC[n+]1ccn(C)c1
im-6,6	CCCCCCn1cc[n+](CCCCCC)c1
im-6,1,1	CCCCCC[n+]1ccn(C)c1C
im-7,1	CCCCCCC[n+]1ccn(C)c1
im-7,1,1	CCCCCCC[n+]1ccn(C)c1C
im-7,7	CCCCCCCn1cc[n+](CCCCCCC)c1
im-8,1	CCCCCCCCn1cc[n+](C)c1
im-8,8	CCCCCCCCn1cc[n+](CCCCCCCC)c1
im-8,1,1	CCCCCCCC[n+]1ccn(C)c1C
im-9,1	CCCCCCCCCn1cc[n+](C)c1
im-9,9	CCCCCCCCCn1cc[n+](CCCCCCCCC)c1
im-10,1	CCCCCCCCCCn1cc[n+](C)c1
im-10,1,1	CCCCCCCCCCn1cc[n+](C)c1C
im-10,10	CCCCCCCCCCn1cc[n+](CCCCCCCCCC)c1
im-11,1	CCCCCCCCCCCn1cc[n+](C)c1
im-12,1	CCCCCCCCCCCCn1cc[n+](C)c1
im-12,12	CCCCCCCCCCCCn1cc[n+](CCCCCCCCCCCC)c1
im-14,1	CCCCCCCCCCCCCCn1cc[n+](C)c1
im-16,1	CCCCCCCCCCCCCCCCn1cc[n+](C)c1
im-1ch,1	C[n+]1ccn(CC2CCCCC2)c1
im-a,1	C[n+]1ccn(CC=C)c1
im-a,4	CCCC[n+]1ccn(CC=C)c1
im-a,6	CCCCCC[n+]1ccn(CC=C)c1
im-a,8	CCCCCCCC[n+]1ccn(CC=C)c1
im-a,10	CCCCCCCCCC[n+]1ccn(CC=C)c1
im-a,12	CCCCCCCCCCCC[n+]1ccn(CC=C)c1
im-a,14	CCCCCCCCCCCCCC[n+]1ccn(CC=C)c1
im-chc(ch3)2,1	CC(C)=C[n+]1ccn(C)c1
im-v,8	CCCCCCCC[n+]1ccn(C=C)c1
im-v,10	CCCCCCCCCC[n+]1ccn(C=C)c1
im-v,a	C=CCn1cc[n+](C=C)c1
im-1ph,1	C[n+]1ccn(Cc2ccccc2)c1
im-2oh,1	C[n+]1ccn(CCO)c1
im-6oh,1	C[n+]1ccn(CCCCCCO)c1
im-6oh,2	CC[n+]1ccn(CCCCCCO)c1
im-6oh,4	CCCC[n+]1ccn(CCCCCCO)c1
im-2o1,1	COCC[n+]1ccn(C)c1
im-[2o]21,1	COCCOCCn1cc[n+](C)c1
im-[2o]31,1	COCCOCCOCCn1cc[n+](C)c1
im-3nhconh4,1	CCCCNC(=O)NCCCn1cc[n+](C)c1
im-4,1,(im-1)	CCCCn1cc[n+](C)c1-c1nccn1C
im-3cn,1	Cn1cc[n+](CCCC#N)c1
im-3cn,1,1	Cc1n(C)cc[n+]1CCCC#N
im-2cn,2o2	CCOCC[n+]1ccn(CCC#N)c1
im-2nh2,1	C[n+]1ccn(CCN)c1
im-3nh2,1	C[n+]1ccn(CCCN)c1
im-1cooh,1	C[n+]1ccn(CC(O)=O)c1
im-4so3h,1	Cn1cc[n+](CCCCS(O)(=O)=O)c1
im-2(so2)2,1	CCS(=O)(=O)CC[n+]1ccn(C)c1
py	c1cc[nH+]cc1
py-1[4]	Cc1cc[nH+]cc1
py-2	CC[n+]1ccccc1
py-3	CCC[n+]1ccccc1
py-4	CCCC[n+]1ccccc1
py-5	CCCCC[n+]1ccccc1
py-6	CCCCCC[n+]1ccccc1
py-8	CCCCCCCC[n+]1ccccc1
py-1ph	C(c1ccccc1)[n+]1ccccc1
py-3,1[2]	CCC[n+]1ccccc1C
py-3,1[3]	CCC[n+]1cccc(C)c1
py-3,1[4]	CCC[n+]1ccc(C)cc1
py-4,1[2]	CCCC[n+]1ccccc1C
py-4,1[3]	CCCC[n+]1cccc(C)c1
py-4i,1[3]	CC(C)C[n+]1cccc(C)c1
py-4,1[4]	CCCC[n+]1ccc(C)cc1
py-6,1[3],1[5]	CCCCCC[n+]1cc(C)cc(C)c1
py-8,1[3]	CCCCCCCC[n+]1cccc(C)c1
py-2oh	OCC[n+]1ccccc1
py-3oh	OCCC[n+]1ccccc1
py-3cn	N#CCCC[n+]1ccccc1
py-4,cn[3]	CCCC[n+]1cccc(c1)C#N
py-6,cn[3]	CCCCCC[n+]1cccc(c1)C#N
py-6,cn[4]	CCCCCC[n+]1ccc(cc1)C#N
py-8,cn[3]	CCCCCCCC[n+]1cccc(c1)C#N
py-4so3h	OS(=O)(=O)CCCC[n+]1ccccc1
quini-8	CCCCCCCC[n+]1ccc2ccccc2c1
pyrro	O=C1CCC[NH2+]1
pyrl-2,o1	CC[N+]1=C(CCC1)OC
pyrl-2,o2	CCOC1=[N+](CC)CCC1
n-1	C[NH3+]
n-2	CC[NH3+]
n-3	CCC[NH3+]
n-4	CCCC[NH3+]
n-4i	CC(C)C[NH3+]
n-5	CCCCC[NH3+]
n-5i	CC[C@@H](C)C[NH3+]
n-1,1	C[NH2+]C
n-2,2	CC[NH2+]CC
n-2,2,2	CC[NH+](CC)CC
n-2,1,1	CC[NH+](C)C
n-3,1,1,1	CCC[N+](C)(C)C
n-3,3i,1,1	CCC[N+](C)(C)C(C)C
n-4,1,1,1	CCCC[N+](C)(C)C
n-4,3i,1,1	CCCC[N+](C)(C)C(C)C
n-4,4,4,4	CCCC[N+](CCCC)(CCCC)CCCC
n-5,2,2,2	CCCCC[N+](CC)(CC)CC
n-6,1,1,1	CCCCCC[N+](C)(C)C
n-6,2,2,2	CCCCCC[N+](CC)(CC)CC
n-6,3i,1,1	CCCCCC[N+](C)(C)C(C)C
n-8,2,2,2	CCCCCCCC[N+](CC)(CC)CC
n-8,8,8,1	CCCCCCCC[N+](C)(CCCCCCCC)CCCCCCCC
n-10,1,1,1	CCCCCCCCCC[N+](C)(C)C
n-10,2,2,2	CCCCCCCCCC[N+](CC)(CC)CC
n-10,3i,1,1	CCCCCCCCCC[N+](C)(C)C(C)C
n-12,2,2,2	CCCCCCCCCCCC[N+](CC)(CC)CC
n-8,8,8	CCCCCCCC[NH+](CCCCCCCC)CCCCCCCC
n-1ph,12,1,1	CCCCCCCCCCCC[N+](C)(C)Cc1ccccc1
n-2oh	[NH3+]CCO
n-3oh[2]	C[C@@H](O)C[NH3+]
n-2oh,3i,1,1	CC(C)[N+](C)(C)CCO
n-2oh,1ph,1,1	C[N+](C)(CCO)Cc1ccccc1
n-2oh,2oh	OCC[NH2+]CCO
n-2oh,2oh,2oh	OCC[NH+](CCO)CCO
n-2o2oh	[NH3+]CCOCCO
n-2oh,2oh,1	C[NH+](CCO)CCO
n-2oh,1,1,1	C[N+](C)(C)CCO
n-3oh	[NH3+]CCCO
n-2o1	COCC[NH3+]
n-2o1,2,2,1	CC[N+](C)(CC)CCOC
n-2coo1,1,1,1	CC(=O)OCC[N+](C)(C)C
n-2coo1ph,1,1,1	C[N+](C)(C)CCOC(=O)Cc1ccccc1
n-2dma,1,1	CN(C)CC[NH+](C)C
n-3so3h,4i	CC(C)C[NH2+]CCCS(O)(=O)=O
n-4so3h,4i	CC(C)C[NH2+]CCCCS(O)(=O)=O
n-2oh,2br,1,1	C[N+](C)(CCO)CCBr
n=c-o1,1,1	COC=[N+](C)C
n=c-o2,1,1	CCOC=[N+](C)C
n=c1-o1,2,2	CC[N+](CC)=C(C)OC
n=c1-o2,1,1	CCOC(C)=[N+](C)C
pyr	C1CC[NH2+]C1
pyr-4	CCCC[NH+]1CCCC1
pyr-3,1	CCC[N+]1(C)CCCC1
pyr-4,1	CCCC[N+]1(C)CCCC1
pyr-4i,1	CC(C)C[N+]1(C)CCCC1
pyr-6,1	CCCCCC[N+]1(C)CCCC1
pyr-8,1	CCCCCCCC[N+]1(C)CCCC1
pyr-10,1	CCCCCCCCCC[N+]1(C)CCCC1
pyr-1ph,1	C[N+]1(Cc2ccccc2)CCCC1
pyr-1ch,1	C[N+]1(CC2CCCCC2)CCCC1
pyr-2oh,1	C[N+]1(CCO)CCCC1
pyr-6nh2,1	C[N+]1(CCCCCCN)CCCC1
pip-3,1	CCC[N+]1(C)CCCCC1
pip-4,1	CCCC[N+]1(C)CCCCC1
pip-4i,1	CC(C)C[N+]1(C)CCCCC1
dabco-6	CCCCCC[N@@+]12CC[N@@](CC1)CC2
dbu	C1C[NH+]=C2CCCCCN2C1
dbu-2	CC[N+]1=C2CCCCCN2CCC1
dbu-4	CCCC[N+]1=C2CCCCCN2CCC1
dbu-6	CCCCCC[N+]1=C2CCCCCN2CCC1
dbu-8	CCCCCCCC[N+]1=C2CCCCCN2CCC1
dbu-10	CCCCCCCCCC[N+]1=C2CCCCCN2CCC1
dbu-14	CCCCCCCCCCCCCC[N+]1=C2CCCCCN2CCC1
mo-1	C[NH+]1CCOCC1
mo-2	CC[NH+]1CCOCC1
mo-6,1	CCCCCC[N+]1(C)CCOCC1
guad-(6,6),(6,6),(1,1)	CCCCCCN(CCCCCC)C(N(CCCCCC)CCCCCC)=[N+](C)C
p-4,4,4,1	CCCC[P+](C)(CCCC)CCCC
p-4,4,4,2	CCCC[P+](CC)(CCCC)CCCC
p-4i,4i,4i,1	CC[P+](CC(C)C)(CC(C)C)CC(C)C
p-8,8,8,8	CCCCCCCC[P+](CCCCCCCC)(CCCCCCCC)CCCCCCCC
p-14,6,6,6	CCCCCCCCCCCCCC[P+](CCCCCC)(CCCCCC)CCCCCC
p-ph,ph,ph,1	C[P+](c1ccccc1)(c1ccccc1)c1ccccc1
fsa	FS(=O)(=O)[N-]S(F)(=O)=O
ntf2	FC(F)(F)S(=O)(=O)[N-]S(=O)(=O)C(F)(F)F
npf2	FC(F)(F)C(F)(F)S(=O)(=O)[N-]S(=O)(=O)C(F)(F)C(F)(F)F
im44	FC(F)(F)C(F)(F)C(F)(F)C(F)(F)S(=O)(=O)[N-]S(=O)(=O)C(F)(F)C(F)(F)C(F)(F)C(F)(F)F
ctf3	FC(F)(F)S(=O)(=O)[C-](S(=O)(=O)C(F)(F)F)S(=O)(=O)C(F)(F)F
dca	N#C[N-]C#N
ccn3	N#C[C-](C#N)C#N
bf4	F[B-](F)(F)F
bf3-1	C[B-](F)(F)F
bf3-3	CCC[B-](F)(F)F
bf3-4	CCCC[B-](F)(F)F
bf3-5	CCCCC[B-](F)(F)F
bf3-v	F[B-](F)(F)C=C
bf3-2[f]	F[B-](F)(F)C(F)(F)C(F)(F)F
tcb	N#C[B-](C#N)(C#N)C#N
pf6	F[P-](F)(F)(F)(F)F
fap	FC(F)(F)C(F)(F)[P-](F)(F)(F)(C(F)(F)C(F)(F)F)C(F)(F)C(F)(F)F
so3-1	CS([O-])(=O)=O
behss	CCCC[C@H](CC)COC(=O)C[C@@H](C(=O)OC[C@@H](CC)CCCC)S([O-])(=O)=O
tehss	CCCCCCOC(=O)C[C@H]([C@@H](C(=O)OCCCCCC)S([O-])(=O)=O)C(=O)OCCCCCC
so3-ph1	Cc1ccc(cc1)S([O-])(=O)=O
tau	NCCS([O-])(=O)=O
hso4	OS([O-])(=O)=O
so4-1	COS([O-])(=O)=O
so4-2	CCOS([O-])(=O)=O
so4-3	CCCOS([O-])(=O)=O
so4-4	CCCCOS([O-])(=O)=O
so4-6	CCCCCCOS([O-])(=O)=O
so4-8	CCCCCCCCOS([O-])(=O)=O
so4-12	CCCCCCCCCCCCOS([O-])(=O)=O
hco3	OC([O-])=O
h2po4	OP(O)([O-])=O
h3p2o7	OP(O)(=O)OP(O)([O-])=O
po2-o1,o1	COP([O-])(=O)OC
po2-o2,o2	CCOP([O-])(=O)OCC
po2-1,o1	CP(O)([O-])=O
po2-8i,8i	C[C@H](CC(C)(C)C)CP([O-])(=O)C[C@H](C)CC(C)(C)C
otf	[O-]S(=O)(=O)C(F)(F)F
so3-4[f]	[O-]S(=O)(=O)C(F)(F)C(F)(F)C(F)(F)C(F)(F)F
so3-8[f]	[O-]S(=O)(=O)C(F)(F)C(F)(F)C(F)(F)C(F)(F)C(F)(F)C(F)(F)C(F)(F)C(F)(F)F
tfes	[O-]S(=O)(=O)C(F)(F)C(F)F
alcl4	Cl[Al-](Cl)(Cl)Cl
al2cl7	Cl[Al](Cl)Cl.Cl[Al-](Cl)(Cl)Cl
gacl4	Cl[Ga-](Cl)(Cl)Cl
incl4	Cl[In-](Cl)(Cl)Cl
fecl4	Cl[Fe-](Cl)(Cl)Cl
zncl3	Cl[Zn-](Cl)Cl
zn3cl7	Cl[Zn]Cl.Cl[Zn]Cl.Cl[Zn-](Cl)Cl
sbf6	F[Sb-](F)(F)(F)(F)F
coscn4	S=C=N[Co--](N=C=S)(N=C=S)N=C=S
conco4	O=C=N[Co--](N=C=O)(N=C=O)N=C=O
reo4	[O-][Re](=O)(=O)=O
aucn2	N#C[Au+]C#N
cohfac3	CC(C)(C)C(=O)\[C-]=C(/O[Co++](O\C(=[C-]/C(=O)C(F)(F)F)C(C)(C)C)O\C(=[C-]/C(=O)C(F)(F)F)C(C)(C)C)C(F)(F)F
cuhfac3	CC(C)(C)C(=O)\[C-]=C(/O[Cu++](O\C(=[C-]/C(=O)C(F)(F)F)C(C)(C)C)O\C(=[C-]/C(=O)C(F)(F)F)C(C)(C)C)C(F)(F)F
nihfac3	CC(C)(C)C(=O)\[C-]=C(/O[Ni++](O\C(=[C-]/C(=O)C(F)(F)F)C(C)(C)C)O\C(=[C-]/C(=O)C(F)(F)F)C(C)(C)C)C(F)(F)F
cl	[Cl-]
br	[Br-]
i	[I-]
no3	[O-][N+]([O-])=O
scn	[S-]C#N
for	[O-]C=O
ac	CC([O-])=O
1ac	CCC([O-])=O
2ac	CCCC([O-])=O
3ac	CCCCC([O-])=O
4ac	CCCCCC([O-])=O
6ac	CCCCCCCC([O-])=O
7ac	CCCCCCCCC([O-])=O
8ac	CCCCCCCCCC([O-])=O
8ac-6[2]	CCCCCCCC[C@@H](CCCCCC)C([O-])=O
10ac	CCCCCCCCCCCC([O-])=O
12ac	CCCCCCCCCCCCCC([O-])=O
ac-ph	[O-]C(=O)Cc1ccccc1
ac-2ph	[O-]C(=O)CCCc1ccccc1
tig	C\C=C(/C)C([O-])=O
mal	OC(=O)CCC([O-])=O
glyc	OCC([O-])=O
ph-coo	[O-]C(=O)c1ccccc1
ph-coo[1],oh[2]	Oc1ccccc1C([O-])=O
ph-coo[1],4t[4]	CC(C)(C)c1ccc(cc1)C([O-])=O
tfa	[O-]C(=O)C(F)(F)F
tfa-2[f]	[O-]C(=O)C(F)(F)C(F)(F)C(F)(F)F
tfa-3[f]	[O-]C(=O)C(F)(F)C(F)(F)C(F)(F)C(F)(F)F
gly	NCC([O-])=O
ala	C[C@H](N)C([O-])=O
la	C[C@H](O)C([O-])=O
val	CC(C)[C@H](N)C([O-])=O
glu	N[C@@H](CCC([O-])=O)C(O)=O
ser	N[C@@H](CO)C([O-])=O
pro	[O-]C(=O)[C@@H]1CCCN1
thr	C[C@H](O)[C@H](N)C([O-])=O
asn	N[C@@H](CC([O-])=O)C(O)=O
asp	N[C@@H](CC(O)=O)C([O-])=O
phen	[O-]c1ccccc1
phen-no2[2],no2[4],no2[6]	[O-]c1c(cc(cc1[N+]([O-])=O)[N+]([O-])=O)[N+]([O-])=O
tdi	FC(F)(F)c1nc(C#N)c([n-]1)C#N
naphthoate2	[O-]C(=O)c1ccc2ccccc2c1