smiles,value,y_true
CCCC[n+]1ccn(C)c1.CC(=O)[O-],1.095037817955017,1.0507999658584595
Cn1cc[n+](C)c1.COS(=O)(=O)[O-],1.2965502738952637,1.327299952507019
CCCC[N+](CCCC)(CCCC)CCCC.O=C([O-])C1CCCN1,1.006974697113037,0.9815999865531921
CCCC[n+]1ccn(C)c1.O=S(=O)([N-]S(=O)(=O)C(F)(F)F)C(F)(F)F,1.398270606994629,1.437000036239624
CC[n+]1ccn(C)c1.CCOS(=O)(=O)[O-],1.2286150455474854,1.236299991607666
CCCCCn1cc[n+](C)c1.O=[N+]([O-])[O-],1.1246004104614258,1.1269999742507935
CCCCn1c[n+](CCCCS(=O)(=O)O)cn1.O=S(=O)([O-])C(F)(F)F,1.347939133644104,1.3715900182724
CCCC[n+]1ccn(C)c1C.NCC(=O)[O-],1.0955945253372192,1.1253999471664429
CCCC[n+]1ccn(C)c1.O=C([O-])c1ccccc1O,1.1608970165252686,1.1490000486373901
CCCCCOC[N+](C)(C)CCOC(C)=O.O=S(=O)([N-]S(=O)(=O)C(F)(F)F)C(F)(F)F,1.3210632801055908,1.3420000076293945
CCCC[n+]1ccn(C)c1.F[P-](F)(F)(F)(F)F,1.331512212753296,1.3657000064849854
C=CC[n+]1ccn(C)c1.O=S(=O)([N-]S(=O)(=O)C(F)(F)F)C(F)(F)F,1.4635674953460693,1.4989999532699585
COCC[N+]1(C)CCCC1.FC(F)(F)C(F)(F)[P-](F)(F)(F)(C(F)(F)C(F)(F)F)C(F)(F)C(F)(F)F,1.5621193647384644,1.63100004196167
CCCC[P+](CCCC)(CCCC)CCCC.NC(CS)C(=O)[O-],1.048022985458374,1.0336999893188477
CC1(C)OCC(C[N+]2(C)CCCC2)O1.O=S(=O)([N-]S(=O)(=O)C(F)(F)F)C(F)(F)F,1.3948400020599365,1.4249999523162842
CCCC[S+]1CCCC1.O=S(=O)([N-]S(=O)(=O)C(F)(F)F)C(F)(F)F,1.3711674213409424,1.4550000429153442
CCCCCCOC[N+](C)(C)CCOC(C)=O.O=S(=O)([N-]S(=O)(=O)C(F)(F)F)C(F)(F)F,1.2977644205093384,1.315000057220459
C=CCn1cc[n+](CCC#N)c1.[Cl-],1.1750822067260742,1.170799970626831
CCCC[N+]1(C)CCCC1.O=S(=O)([N-]S(=O)(=O)C(F)(F)F)C(F)(F)F,1.3421614170074463,1.3940199613571167
CC[NH+]1CCOCC1.CCCCCCCCCC(=O)[O-],0.9394676089286804,0.9014000296592712
CC[n+]1ccn(C)c1.N#C[N-]C#N,1.107808232307434,1.101199984550476
CC[P+](CC)(CC)COCCOC.O=S(=O)([N-]S(=O)(=O)C(F)(F)F)C(F)(F)F,1.3419586420059204,1.3600000143051147
N#CCCn1cc[n+](CCO)c1.N#C[S-],1.2346354722976685,1.2161999940872192
CCCC[n+]1ccn(C)c1.NC(CO)C(=O)[O-],1.1791648864746094,1.156000018119812
CCCC[P+](CCCC)(CCCC)CCCC.O=C[O-],0.9809026718139648,0.9449999928474426
CC[n+]1ccn(C)c1.O=S(=O)([N-]S(=O)(=O)C(F)(F)C(F)(F)F)C(F)(F)C(F)(F)F,1.55048406124115,1.5931999683380127
C=Cn1cc[n+](CCCC)c1.NCC(=O)[O-],0.971478283405304,0.8047000169754028
COCCOCC[n+]1ccn(C)c1.O=S(=O)([N-]S(=O)(=O)C(F)(F)F)C(F)(F)F,1.4218652248382568,1.454990029335022
CCCC[N+]1(C)CCCC1.O=S(=O)(F)[N-]S(=O)(=O)F,1.2829352617263794,1.3068599700927734
CCn1cc[n+](C)c1.CCCCCCOS(=O)(=O)[O-],1.129747748374939,1.1296000480651855
CCCC[N+]1(C)CCCC1.FC(F)(F)C(F)(F)[P-](F)(F)(F)(C(F)(F)C(F)(F)F)C(F)(F)C(F)(F)F,1.462999939918518,1.5800000429153442
CCCCCC[n+]1ccccc1.O=S(=O)([N-]S(=O)(=O)C(F)(F)F)C(F)(F)F,1.3626266717910767,1.3819999694824219
CCCCn1cc[n+](C2CCCC2)c1.O=S(=O)([N-]S(=O)(=O)C(F)(F)F)C(F)(F)F,1.3145970106124878,1.3799999952316284
CCCC[n+]1ccn(C)c1.[I-],1.3920080661773682,1.440000057220459
CCCCCCCC[n+]1ccn(CCC#N)c1.[Br-],1.1967597007751465,1.1765999794006348
CCCCCCCCn1cc[n+](C)c1.O=S(=O)([N-]S(=O)(=O)C(F)(F)F)C(F)(F)F,1.2964904308319092,1.3188999891281128
CCCCCn1cc[n+](C)c1.O=P([O-])(O)O,1.134425163269043,1.142300009727478
CCCCCC[N+]1(C)CCOCC1.CC(=O)NC(CC(C)C)C(=O)[O-],1.0661427974700928,1.0506999492645264
CCCC[N+](C)(C)C.O=S(=O)([N-]S(=O)(=O)C(F)(F)F)C(F)(F)F,1.3441798686981201,1.3916250467300415
CCCCCC[n+]1ccn(CCC#N)c1.CCCCCCCCCCCCOS(=O)(=O)[O-],1.0915882587432861,1.0978000164031982
CCCCCCCCn1cc[n+](C)c1.N#C[C-](C#N)C#N,1.0229994058609009,1.0008000135421753
CCOCC[N+]1(C)CCCC1.O=S(=O)([N-]S(=O)(=O)C(F)(F)F)C(F)(F)F,1.3658201694488525,1.4111000299453735
CCCCCCC[n+]1ccn(C)c1.O=S(=O)([N-]S(=O)(=O)C(F)(F)F)C(F)(F)F,1.3259650468826294,1.3453999757766724
CC[n+]1ccn(C)c1.O=S(=O)([N-]S(=O)(=O)C(F)(F)F)C(F)(F)F,1.486238956451416,1.5169600248336792
CCCC[N+]1(C)C2CCC1CC(O)C2.NC(Cc1ccccc1)C(=O)[O-],1.1502978801727295,1.1330000162124634
CCC[NH+](C)CCC.O=S(=O)([O-])C(F)(F)F,1.2057063579559326,1.2109999656677246
CCC[n+]1ccccc1C.O=S(=O)([N-]S(=O)(=O)C(F)(F)F)C(F)(F)F,1.4304105043411255,1.4644500017166138
CCCCCCCCCCn1c[n+](C)cn1.O=S(=O)([N-]S(=O)(=O)C(F)(F)F)C(F)(F)F,1.2814326286315918,1.2999999523162842
CCCC[n+]1ccn(C)c1.O=S(=O)([O-])C(F)(F)F,1.2725788354873657,1.2976000308990479
COCCCC[n+]1ccn(C)c1.NCC(=O)[O-],1.1382355690002441,1.1619999408721924
CCCCn1cc[n+](C)c1C.O=S(=O)([N-]S(=O)(=O)C(F)(F)F)C(F)(F)F,1.365168571472168,1.4212000370025635
CCCC[n+]1ccn(C)c1.O=C([O-])C(F)(F)F,1.2391504049301147,1.2128000259399414
CCCC[n+]1ccn(C)c1.CC(C)C(=O)[O-],1.097033143043518,1.0740000009536743
CCCC[P+](CCCC)(CCCC)CCCC.NCCCCC(N)C(=O)[O-],0.997977614402771,0.9674999713897705
CCCC[n+]1ccn(C)c1.COS(=O)(=O)[O-],1.2337239980697632,1.2122000455856323
CCCCC[P+](CC)(CC)CC.O=S(=O)([N-]S(=O)(=O)C(F)(F)C(F)(F)F)C(F)(F)C(F)(F)F,1.353053092956543,1.3823000192642212
CCCCCCCC[N+](C)(CCCCCCCC)CCCCCCCC.O=S(=O)([N-]S(=O)(=O)C(F)(F)F)C(F)(F)F,1.1180232763290405,1.1068999767303467
CCCCCCCCn1cc[n+](C)c1.COS(=O)(=O)[O-],1.1286985874176025,1.1098400354385376
CCCC[n+]1ccn(C(CC)CC)c1.O=S(=O)([N-]S(=O)(=O)C(F)(F)F)C(F)(F)F,1.2977864742279053,1.319599986076355
CC[n+]1ccn(C)c1.O=S(=O)([O-])C(F)(F)F,1.374009609222412,1.3819999694824219
COCC[N+]1(C)CCCCC1.O=S(=O)([N-]S(=O)(=O)C(F)(F)F)C(F)(F)F,1.3882067203521729,1.4332000017166138
CCCC[n+]1ccn(C)c1.N#C[S-],1.109034538269043,1.069700002670288
CC[n+]1ccn(C)c1.O=S(=O)(F)[N-]S(=O)(=O)F,1.4113506078720093,1.4420000314712524
CC[NH2+]CC.CC(=O)[O-],0.9784256219863892,0.9459999799728394
[NH3+]CCO.CC(O)C(=O)[O-],1.1946014165878296,1.2018699645996094
CC[NH+](C)CC.O=S(=O)([O-])C(F)(F)F,1.2814446687698364,1.284000039100647
Cn1cc[n+](CCCCS(=O)(=O)O)c1.O=S(=O)([N-]S(=O)(=O)C(F)(F)F)C(F)(F)F,1.5087060928344727,1.5829999446868896
CCCCCC[n+]1ccn(C)c1.F[P-](F)(F)(F)(F)F,1.2679553031921387,1.2936999797821045
CN(C)C(=[NH2+])N(C)C.CCCCCCC(=O)[O-],0.9982563853263855,0.982699990272522
CCCC[n+]1ccn(C)c1.N#C[N-]C#N,1.0666390657424927,1.0608500242233276
CCCCCCCC[n+]1ccn(C)c1.F[P-](F)(F)(F)(F)F,1.2230515480041504,1.2339999675750732
CC[n+]1ccn(C)c1.CS(=O)(=O)[O-],1.2221336364746094,1.2417999505996704
Cn1cc[n+](CCO)c1.N#C[N-]C#N,1.194746494293213,1.1862000226974487
CN1CCCN2CCC[NH+]=C12.O=S(=O)([N-]S(=O)(=O)C(F)(F)C(F)(F)F)C(F)(F)C(F)(F)F,1.542287826538086,1.5821000337600708
CCCCCC[n+]1ccn(C)c1.O=S(=O)([N-]S(=O)(=O)C(F)(F)C(F)(F)F)C(F)(F)C(F)(F)F,1.4299730062484741,1.4500000476837158
CCCCCC[n+]1ccn(C)c1.COS(=O)(=O)[O-],1.1713958978652954,1.156999945640564
CCCCCC[n+]1ccn(C)c1.[Br-],1.2201498746871948,1.229200005531311
CCCC[n+]1ccn(CC)c1.[Br-],1.2491775751113892,1.2589999437332153
CCC[n+]1ccn(C)c1C.O=S(=O)([O-])O,1.252360463142395,1.232800006866455
COCC[n+]1ccccc1.N#C[C-](C#N)C#N,1.1456363201141357,1.127500057220459
CC[n+]1ccn(C)c1.CO[PH](=O)[O-],1.180091142654419,1.1917999982833862
CCCCCCCCCn1cc[n+](C)c1.O=S(=O)([N-]S(=O)(=O)C(F)(F)F)C(F)(F)F,1.2777460813522339,1.2990000247955322
CC[NH3+].O=[N+]([O-])[O-],1.2052382230758667,1.2059999704360962
CCCCCCCCCOC[N+](C)(C)CCOC(C)=O.O=S(=O)([N-]S(=O)(=O)C(F)(F)F)C(F)(F)F,1.2363580465316772,1.24399995803833
CCCn1c[n+](C)cn1.O=S(=O)([N-]S(=O)(=O)C(F)(F)F)C(F)(F)F,1.469188928604126,1.5149999856948853
CC[N+](CC)=C(N(C)C)N(C)C.O=S(=O)([N-]S(=O)(=O)C(F)(F)F)C(F)(F)F,1.3395452499389648,1.3732000589370728
CC[n+]1ccccc1.N#C[N-]C#N,1.1261979341506958,1.1184899806976318
CCCC[N+]1(C)CCCC1.O=S(=O)([O-])C(F)(F)F,1.2082182168960571,1.252709984779358
CCCC[P+](C)(CCCC)CCCC.O=S(=O)([N-]S(=O)(=O)C(F)(F)F)C(F)(F)F,1.2383390665054321,1.2537000179290771
CC[NH3+].O=C[O-],1.0670866966247559,1.0334999561309814
CC[n+]1ccn(C)c1.COS(=O)(=O)[O-],1.292203426361084,1.280809998512268
CC[n+]1ccccc1.O=S(=O)([N-]S(=O)(=O)C(F)(F)F)C(F)(F)F,1.5032649040222168,1.5359200239181519
CCCCCC[n+]1ccn(C)c1.[Cl-],1.0691297054290771,1.0442999601364136
CCCCCCCC[N+](C)(CCCCCCCC)CCCCCCCC.O=[N+]([O-])[O-],0.9497727751731873,0.9122999906539917
CCCC[N+]1(C)C2CCC1CC(O)C2.[NH3+]C(CC(=O)[O-])C(=O)[O-],1.1601612567901611,1.1758999824523926
Cn1cc[n+](C)c1.O=S(=O)([N-]S(=O)(=O)C(F)(F)F)C(F)(F)F,1.508988380432129,1.5540000200271606
COCC[n+]1ccn(C)c1.CC(O)C(N)C(=O)[O-],1.1892205476760864,1.1900999546051025
CCC[N+]1(C)CCCCC1.O=S(=O)(F)[N-]S(=O)(=O)F,1.299536108970642,1.305999994277954
CC[NH+]=C(N(C)C)N(C)C.CCOS(=O)(=O)[O-],1.1571213006973267,1.167199969291687
CCCC[NH3+].O=[N+]([O-])[O-],1.1142783164978027,1.1054999828338623
CCCCCCCCCCCCCC[P+](CCCCCC)(CCCCCC)CCCCCC.CC(CC(C)(C)C)CP(=O)([O-])CC(C)CC(C)(C)C,0.9029865264892578,0.8845000267028809
CCCC[N+]1(C)CCCC1.N#C[N-]C#N,1.0442047119140625,1.0134899616241455
CC(C)C[N+]1(C)CCCC1.O=S(=O)([N-]S(=O)(=O)C(F)(F)F)C(F)(F)F,1.3555142879486084,1.399999976158142
COc1ccc(-[n+]2c(C)cc(C)n2C)cc1.CS(=O)(=O)[O-],1.2399938106536865,1.259600043296814
CCCCCCn1cc[n+](C)c1.CC(=O)[O-],1.0561033487319946,1.0166000127792358
CCC[NH3+].O=C[O-],1.0286006927490234,0.9934999942779541
Cn1cc[n+](CCCO)c1.N#C[N-]C#N,1.1547350883483887,1.1710000038146973
CCCC[P+](CCCC)(CCCC)CCCN.CC(C)CC(N)C(=O)[O-],1.0020018815994263,0.9718999862670898
CCCCCC[n+]1cc(C)cc(C)c1CC.O=S(=O)([N-]S(=O)(=O)C(F)(F)F)C(F)(F)F,1.2836742401123047,1.310420036315918
CCCCCCCCCCCCCC[P+](CCCCCC)(CCCCCC)CCCCCC.Cc1ccc(S(=O)(=O)[O-])cc1,1.0255687236785889,1.003000020980835
CC[n+]1ccn(C)c1.O=C([O-])C(F)(F)F,1.3263349533081055,1.2910000085830688
CCCCCCCCCCCC[n+]1ccn(C)c1.O=S(=O)([N-]S(=O)(=O)C(F)(F)F)C(F)(F)F,1.2317485809326172,1.2480000257492065
CCCC[n+]1ccn(C)c1.O=S(=O)([N-]S(=O)(=O)C(F)(F)C(F)(F)C(F)(F)C(F)(F)F)C(F)(F)C(F)(F)C(F)(F)C(F)(F)F,1.5478278398513794,1.6110999584197998
CCC[NH3+].CC(=O)[O-],0.9869447946548462,0.9868999719619751
CCCCCC[n+]1ccccc1.O=C([O-])C(F)(F)F,1.2534552812576294,1.2851999998092651
CCCC[P+](CCCC)(CCCC)CCOCC.CS(=O)(=O)[O-],1.052350401878357,1.0269999504089355
CCCC[n+]1ccn(C)c1.CCOS(=O)(=O)[O-],1.179616928100586,1.151900053024292
CCCCCCCCC[n+]1ccn(COC2CC(C)CCC2C(C)C)c1.O=S(=O)([N-]S(=O)(=O)C(F)(F)F)C(F)(F)F,1.1826941967010498,1.2049100399017334
CCCC[P+](CCCC)(CCCC)CCCC.O=C([O-])c1ccco1,1.0469956398010254,1.0053999423980713
CCCCCC[n+]1ccn(C)c1.O=S(=O)([N-]S(=O)(=O)C(F)(F)F)C(F)(F)F,1.3541173934936523,1.371899962425232
C[n+]1ccn(CC2CCCCC2)c1.O=S(=O)([N-]S(=O)(=O)C(F)(F)F)C(F)(F)F,1.3935106992721558,1.4170000553131104
C[NH+](C)C.O=P([O-])(O)O,1.3226045370101929,1.353600025177002
CCCCn1cc[n+](CC)c1.O=S(=O)([O-])C(F)(F)F,1.2444050312042236,1.2621999979019165
CC[n+]1ccn(C)c1.CCCCCCCCOS(=O)(=O)[O-],1.114701747894287,1.0952999591827393
CCCCCC[n+]1ccn(C)c1.N#C[N-]C#N,1.0506457090377808,1.0289000272750854
CCCCCCCCCCCCCC[P+](CCCCCC)(CCCCCC)CCCCCC.CCCCCC(=O)[O-],0.9249715805053711,0.8855000138282776
CC[n+]1ccn(C)c1.O=S(=O)([O-])O,1.3148218393325806,1.3658000230789185
CCCCCn1cc[n+](C)c1.O=S(=O)([N-]S(=O)(=O)C(F)(F)C(F)(F)F)C(F)(F)C(F)(F)F,1.4519391059875488,1.4800000190734863
CCCCC[n+]1ccccc1.N#C[N-]C#N,1.074854850769043,1.0530999898910522
CCCCCC[n+]1ccn(CCC#N)c1.O=S(=O)([O-])c1ccccc1,1.212938904762268,1.2226999998092651
CCC[N+]1(C)CCCCC1.O=S(=O)([N-]S(=O)(=O)C(F)(F)F)C(F)(F)F,1.3646976947784424,1.42739999294281
CCCC[P+](CCCC)(CCCC)CCOCC.O=S(=O)([N-]S(=O)(=O)C(F)(F)F)C(F)(F)F,1.2100938558578491,1.2239999771118164
CCCCCCCCn1cc[n+](C)c1.[Cl-],1.0499180555343628,1.009600043296814
CCCCCCCCn1cc[n+](C)c1.O=[N+]([O-])[O-],1.0797381401062012,1.0642000436782837
CC[n+]1ccn(CCOC)c1.O=S(=O)([N-]S(=O)(=O)C(F)(F)F)C(F)(F)F,1.4296379089355469,1.4616600275039673
CCCCCC[N+]1(C)CCCC1.O=S(=O)([N-]S(=O)(=O)C(F)(F)F)C(F)(F)F,1.2966923713684082,1.3320000171661377
CCCCCC[n+]1ccn(CCC#N)c1.[Br-],1.2440986633300781,1.2289999723434448
CCCCCC[n+]1ccc2ccccc2c1.N#C[S-],1.091469645500183,1.0813000202178955
CCCCCCCCn1cc[n+](C)c1.[Br-],1.1788359880447388,1.173200011253357
CC[n+]1ccccc1C.O=S(=O)([N-]S(=O)(=O)C(F)(F)F)C(F)(F)F,1.4600329399108887,1.5057100057601929
CCCCCCCCC=CCCCCCCCC[n+]1ccn(C)c1.O=S(=O)([N-]S(=O)(=O)C(F)(F)F)C(F)(F)F,1.1877344846725464,1.1799999475479126
CCCC[n+]1ccn(C)c1.O=S(=O)([O-])O,1.2760965824127197,1.2769999504089355
CC[N+](C)(CC)CCOC.O=S(=O)([N-]S(=O)(=O)C(F)(F)F)C(F)(F)F,1.3934158086776733,1.4199999570846558
CCC[n+]1cccc(C)c1.O=S(=O)([N-]S(=O)(=O)C(F)(F)F)C(F)(F)F,1.429466724395752,1.4474999904632568
CCCCCCCC[P+](CC)(CC)CC.O=[N+]([O-])c1c[n-]cn1,1.0549349784851074,1.0288000106811523
CCCCCC[n+]1ccc(N(C)C)cc1.O=S(=O)([N-]S(=O)(=O)C(F)(F)F)C(F)(F)F,1.316887617111206,1.343000054359436
CCCC[n+]1ccn(C)c1.O=S(=O)([O-])C(F)(F)C(F)F,1.3237475156784058,1.3473000526428223
CCCCCCCCn1cc[n+](CCC#N)c1.O=S(=O)([O-])C(F)(F)F,1.224391222000122,1.2294000387191772
CCn1cc[n+](C)c1.NC(CO)C(=O)[O-],1.1994550228118896,1.2039999961853027
CCCCCCCCCC[n+]1ccn(C)c1.O=S(=O)([N-]S(=O)(=O)C(F)(F)F)C(F)(F)F,1.265824556350708,1.2783000469207764
C=CC[n+]1ccn(C)c1.N#C[N-]C#N,1.1318159103393555,1.1098999977111816
CC[n+]1ccn(C)c1.N#C[C-](C#N)C#N,1.1201218366622925,1.0817999839782715
CCCCCCCC[P+](CCCC)(CCCC)CCCC.O=C(C=C([O-])c1ccccc1)c1ccccc1,1.0021620988845825,0.9632999897003174
CCCn1cc[n+](C)c1.O=S(=O)([N-]S(=O)(=O)C(F)(F)F)C(F)(F)F,1.4424598217010498,1.4739999771118164
CCCC[n+]1ccn(C)c1.O=C([O-])CNCC(=O)O,1.1052601337432861,1.0750000476837158
CCCCCC[n+]1ccc(C)cc1.O=S(=O)([N-]S(=O)(=O)C(F)(F)F)C(F)(F)F,1.3275123834609985,1.3517999649047852
CCCCOC[N+](C)(C)CCOC(C)=O.O=S(=O)([N-]S(=O)(=O)C(F)(F)F)C(F)(F)F,1.3477354049682617,1.3589999675750732
CC[N+]1(C)CCOCC1.CCC(C)C(NC(C)=O)C(=O)[O-],1.1252942085266113,1.1079000234603882
C[NH+](C)C.O=S(=O)([O-])O,1.4263155460357666,1.4675999879837036
COCCOCC[n+]1ccccc1.O=S(=O)([N-]S(=O)(=O)C(F)(F)F)C(F)(F)F,1.4223277568817139,1.466599941253662
CCC[N+](C)(C)CCO.O=S(=O)([N-]S(=O)(=O)C(F)(F)F)C(F)(F)F,1.4062180519104004,1.452452540397644
CCCCCC[n+]1cccc(C)c1.O=S(=O)([N-]S(=O)(=O)C(F)(F)F)C(F)(F)F,1.3408915996551514,1.385200023651123
CCCCCCCC[P+](CC)(CC)CC.Brc1ccc2[n-]ncc2c1,1.1611182689666748,1.149999976158142
CC[N+]1(C)CCOCC1.CCOS(=O)(=O)[O-],1.2400838136672974,1.2523000240325928
CC[n+]1ccn(CCOC)c1.N#C[N-]C#N,1.1323413848876953,1.1136000156402588
CC(C)n1cc[n+](C)c1.O=S(=O)([N-]S(=O)(=O)C(F)(F)F)C(F)(F)F,1.447119116783142,1.4767999649047852
CC[N+](CC)(CC)CCOC.O=S(=O)([N-]S(=O)(=O)C(F)(F)F)C(F)(F)F,1.3598244190216064,1.399999976158142
C[n+]1ccn(CCCCS(=O)(=O)O)c1.O=S(=O)([O-])O,1.405988335609436,1.437000036239624
CCCCCCCCCCn1cc[n+](C)c1.N#C[C-](C#N)C#N,1.0098179578781128,0.9831100106239319
CCCC[n+]1ccn(COC2CC(C)CCC2C(C)C)c1.O=S(=O)([N-]S(=O)(=O)C(F)(F)F)C(F)(F)F,1.2658472061157227,1.274209976196289
CCCCCn1cc[n+](C)c1.F[P-](F)(F)(F)(F)F,1.3084973096847534,1.3278000354766846
C[n+]1ccn(CCC(F)(F)C(F)(F)C(F)(F)C(F)(F)C(F)(F)C(F)(F)F)c1.CC(=O)[O-],1.467764973640442,1.511489987373352
CCCC[n+]1cccc(C)c1.O=S(=O)([N-]S(=O)(=O)C(F)(F)F)C(F)(F)F,1.3796639442443848,1.4147000312805176
CCCCCCc1cccc[n+]1CC.O=S(=O)([N-]S(=O)(=O)C(F)(F)F)C(F)(F)F,1.316817045211792,1.3443000316619873
CC[n+]1ccn(C)c1.C=CC(=O)NC(C)(C)CS(=O)(=O)[O-],1.1816582679748535,1.1959999799728394
C[N+](C)(C)CCO.CC(O)C(=O)[O-],1.154841423034668,1.1339999437332153
CCCC[n+]1ccccc1.O=S(=O)([N-]S(=O)(=O)C(F)(F)F)C(F)(F)F,1.4132627248764038,1.4491000175476074
Cn1cc[n+](C)c1.COP(=O)([O-])OC,1.232893466949463,1.2582999467849731
CCCCCC[n+]1ccc(C)cc1C.O=S(=O)([N-]S(=O)(=O)C(F)(F)F)C(F)(F)F,1.3167524337768555,1.339400053024292
CC[N+]1(C)CCOCC1.N#C[N-]C#N,1.1592991352081299,1.1682000160217285
CC[n+]1ccn(CCOC)c1.N#C[S-],1.1531623601913452,1.1220999956130981
CCCCCCCCCCCCCC[P+](CCCCCC)(CCCCCC)CCCCCC.[Cl-],0.9250629544258118,0.8906000256538391
CCCCCCCCC[N+]1(C)CCOCC1.N#C[N-]C#N,1.042881965637207,1.0325000286102295
C=Cn1cc[n+](CCCCCC)c1.[Br-],1.211625576019287,1.2094000577926636
CCCC[N+]1(C)CCCC1.N#C[C-](C#N)C#N,1.0270452499389648,1.0067100524902344
C[N+](C)(C)CCO.O=S(=O)([O-])CCN(CCO)CCO,1.2436463832855225,1.2447999715805054
CCOCC[P+](CC)(CC)CC.O=S(=O)([N-]S(=O)(=O)C(F)(F)F)C(F)(F)F,1.3215925693511963,1.340000033378601
CC[N+](C)(C)CCO.O=S(=O)([N-]S(=O)(=O)C(F)(F)F)C(F)(F)F,1.4447451829910278,1.4949899911880493
CC[N+](C)(C)CCOC.FC(F)(F)C(F)(F)[P-](F)(F)(F)(C(F)(F)C(F)(F)F)C(F)(F)C(F)(F)F,1.5800914764404297,1.6249200105667114
CCCC[P+](CCCC)(CCCC)CCCC.O=S(=O)([O-])CC(O)CN1CCOCC1,1.0636441707611084,1.0568000078201294
CCCCC[N+](CC)(CC)CC.O=S(=O)([N-]S(=O)(=O)C(F)(F)F)C(F)(F)F,1.2856011390686035,1.3214999437332153
CCCCCCCCCC[n+]1ccn(C)c1.[Br-],1.1205391883850098,1.1282000541687012
CC[S+](C)CC.O=S(=O)([N-]S(=O)(=O)C(F)(F)F)C(F)(F)F,1.4480005502700806,1.5006999969482422
CCCC[P+](CCCC)(CCCC)CCCC.O=C([O-])C1CCCO1,1.0495741367340088,1.0037000179290771
Cn1cc[n+](CCO)c1.O=C([O-])C(F)(F)F,1.34699285030365,1.3664000034332275
CCn1cc[n+](C)c1.COCCOCCOS(=O)(=O)[O-],1.2203989028930664,1.2365000247955322
C=CC[n+]1ccn(CCC#N)c1.N#C[S-],1.1832510232925415,1.1620999574661255
OCC[NH2+]c1ccccc1.CCCCC(=O)[O-],1.0669355392456055,1.0388000011444092
CC[n+]1cccc(C)c1.O=S(=O)(F)[N-]S(=O)(=O)F,1.398655891418457,1.407099962234497
CCCCCC[n+]1cc[nH]c1.O=S(=O)([N-]S(=O)(=O)C(F)(F)F)C(F)(F)F,1.3701000213623047,1.402400016784668
CCC[n+]1ccn(C)c1.CCC(=O)[O-],1.1049628257751465,1.0526000261306763
CC[n+]1ccn(C)c1.N#Cc1ccc[n-]1,1.102583646774292,1.0855000019073486
C=CC[N+](C)(C)CC.N#C[N-]C#N,1.0444371700286865,1.0097999572753906
CC[N+](C)(C)CCOC.O=S(=O)([N-]S(=O)(=O)C(F)(F)F)C(F)(F)F,1.4139373302459717,1.4500000476837158
CCCC[S+]1CCCC1.N#C[N-]C#N,1.099782109260559,1.0980000495910645
CCc1cccc[n+]1CC.CCOS(=O)(=O)[O-],1.1973260641098022,1.2201999425888062
Cc1cc(C)[n+](-c2ccc(Cl)cc2)n1C.CS(=O)(=O)[O-],1.2817769050598145,1.3046000003814697
CCCCCCCCn1cc[n+](C)c1.N#C[S-],1.0429601669311523,1.0353000164031982
CC[n+]1cccc(C)c1.O=C([O-])C(F)(F)C(F)(F)C(F)(F)C(F)(F)F,1.4295525550842285,1.4536000490188599
CCCCCCCCCCCCCC[P+](CCCCCC)(CCCCCC)CCCCCC.FC(F)(F)C(F)(F)[P-](F)(F)(F)(C(F)(F)C(F)(F)F)C(F)(F)C(F)(F)F,1.1639615297317505,1.1959999799728394
CCn1cc[n+](CC)c1.CCOS(=O)(=O)[O-],1.1864248514175415,1.2034000158309937
CC[n+]1ccn(C)c1.N#C[S-],1.131121039390564,1.1160000562667847
CCCCCCCCCCCCCC[P+](CCCCCC)(CCCCCC)CCCCCC.O=S(=O)([N-]S(=O)(=O)C(F)(F)F)C(F)(F)F,1.0729058980941772,1.066100001335144
CC[N+]1(C)CCCC1.CC(=O)[O-],1.0798813104629517,1.0644999742507935
CCCC[n+]1ccn(CCC#N)c1.[Cl-],1.1372511386871338,1.1294000148773193
CCCCCC[N+](CC)(CC)CC.O=S(=O)([N-]S(=O)(=O)C(F)(F)F)C(F)(F)F,1.2659703493118286,1.2920000553131104
CCCC[N+](C)(CC)CC.O=S(=O)([N-]S(=O)(=O)C(F)(F)F)C(F)(F)F,1.325209617614746,1.3799999952316284
Cn1cc[n+](CCO)c1.O=S(=O)([N-]S(=O)(=O)C(F)(F)F)C(F)(F)F,1.496716022491455,1.5750000476837158
C=CC[n+]1ccn(C=C)c1.[Br-],1.1969714164733887,1.2100000381469727
CC(C)[n+]1ccn(C)c1.O=S(=O)([N-]S(=O)(=O)C(F)(F)C(F)(F)F)C(F)(F)C(F)(F)F,1.508592128753662,1.551300048828125
CCCC[n+]1ccsc1.O=S(=O)([N-]S(=O)(=O)C(F)(F)F)C(F)(F)F,1.4564963579177856,1.5140000581741333
CCCCCC[n+]1ccn(C)c1.CC(O)C(N)C(=O)[O-],1.0943567752838135,1.083359956741333
CCCCCCCC[P+](CC)(CC)CC.N#Cc1ccc2cn[n-]c2c1,1.0460164546966553,1.0130000114440918
CCCCCC[N+]1(C)CCCCC1.O=S(=O)([N-]S(=O)(=O)C(F)(F)F)C(F)(F)F,1.288968563079834,1.3253999948501587
CCCC[n+]1ccn(C)c1.O=[N+]([O-])[O-],1.1555495262145996,1.152999997138977
CCCC[P+](CCCC)(CCCC)CCCC.O=S(=O)([O-])CC(O)CNC1CCCCC1,1.0406564474105835,1.0311000347137451
CC[N+](C)(C)CCO.CCOS(=O)(=O)[O-],1.1667847633361816,1.1256999969482422
OCCC[n+]1ccccc1.N#C[N-]C#N,1.1783615350723267,1.1710000038146973
C[NH2+]CCO.CCCCC(=O)[O-],1.0381345748901367,1.0162937641143799
CCCCCCCC[P+](CC)(CC)CC.O=S(=O)([N-]S(=O)(=O)C(F)(F)C(F)(F)F)C(F)(F)C(F)(F)F,1.297151803970337,1.320199966430664
CCCC[N+]1(C)CCCCC1.O=S(=O)([N-]S(=O)(=O)C(F)(F)F)C(F)(F)F,1.3322898149490356,1.3795599937438965
CCCC[n+]1ccn(C)c1.N#C[C-](C#N)C#N,1.0741645097732544,1.0466599464416504
CCCCCCCC[P+](CCCC)(CCCC)CCCC.FC(F)(F)C(F)(F)[P-](F)(F)(F)(C(F)(F)C(F)(F)F)C(F)(F)C(F)(F)F,1.2829784154891968,1.2999999523162842
CCCC[n+]1ccccc1.O=S(=O)([O-])C(F)(F)F,1.2751593589782715,1.314329981803894
CC[n+]1ccn(C)c1.CC(=O)[O-],1.1224308013916016,1.1039999723434448
C[n+]1ccn(CCCC#N)c1.O=S(=O)([N-]S(=O)(=O)C(F)(F)F)C(F)(F)F,1.4709938764572144,1.5146000385284424
CCCCCCCCOC[N+](C)(C)CCO.O=S(=O)([N-]S(=O)(=O)C(F)(F)F)C(F)(F)F,1.2714639902114868,1.284000039100647
CC(C)[N+](C)(C)CCO.O=S(=O)([N-]S(=O)(=O)C(F)(F)F)C(F)(F)F,1.417793869972229,1.4800000190734863
CCCCCCCCn1cc[n+](C)c1.FC(F)(F)C(F)(F)[P-](F)(F)(F)(C(F)(F)C(F)(F)F)C(F)(F)C(F)(F)F,1.4551365375518799,1.496880054473877
CCCC[P+](CCCC)(CCCC)CCCN.CC(N)C(=O)[O-],1.0079023838043213,0.9868000149726868
CC[n+]1ccn(C)c1.NCC(=O)[O-],1.164827585220337,1.1610000133514404
CCCn1cc[n+](C)c1.N#C[N-]C#N,1.1027218103408813,1.0769000053405762
CCCCC[P+](CC)(CC)CC.O=S(=O)([N-]S(=O)(=O)C(F)(F)F)C(F)(F)F,1.2917815446853638,1.3020000457763672
CCCCn1cc[n+](CCCC)c1.[Br-],1.1995325088500977,1.1937999725341797
CCCCCC[n+]1ccn(CCC#N)c1.O=S(=O)([O-])C(F)(F)F,1.270833134651184,1.2856999635696411
CC(C)C[n+]1ccn(C)c1.O=S(=O)([N-]S(=O)(=O)C(F)(F)F)C(F)(F)F,1.4137040376663208,1.4371999502182007
CCCCCCCCCCCCCC[P+](CCCCCC)(CCCCCC)CCCCCC.N#C[N-]C#N,0.9372842311859131,0.8999000191688538
CCCCC[n+]1ccn(C)c1.O=C([O-])O,1.1521202325820923,1.141800045967102
C[N+](C)(C)CCO.O=C([O-])C1CCCC1,1.104353427886963,1.0895999670028687
CCCC[n+]1ccc(C)cc1.O=S(=O)([O-])C(F)(F)F,1.2314701080322266,1.1699999570846558
CCC(O)=[N+](C)C.O=S(=O)([N-]S(=O)(=O)C(F)(F)F)C(F)(F)F,1.4636602401733398,1.520300030708313
Cn1cc[n+](CC(CBr)N=[N+]=[N-])c1.[Br-],1.2992655038833618,1.2899999618530273
CCCn1cc[n+](C)c1.O=P([O-])(O)O,1.1858174800872803,1.1955000162124634
CCCCCCCC[N+](C)(CCCCCCCC)CCCCCCCC.CCCCC(CC)CCC(=O)[O-],0.9346325397491455,0.8899999856948853
Cn1cc[n+](CC#N)c1.O=S(=O)([N-]S(=O)(=O)C(F)(F)F)C(F)(F)F,1.545889139175415,1.6083500385284424
CCCC[P+](CCCC)(CCCC)CCCC.O=S(=O)([O-])CCN(CCO)CCO,1.0737277269363403,1.0609999895095825
CCCC[n+]1ccn(C)c1.O=C([O-])O,1.1597623825073242,1.157099962234497
CCCCCCCC[P+](CC)(CC)CC.Ic1cc[n-]n1,1.2511608600616455,1.2519999742507935
CC[n+]1cccc(C)c1.CCOS(=O)(=O)[O-],1.2049272060394287,1.2196099758148193
Cc1cc(C)[nH+]c(C)c1.O=C[O-],1.0527114868164062,1.0210000276565552
CCCCCCCC[N+](C)(CCCCCCCC)CCCCCCCC.O=C([O-])C(F)(F)F,1.0210309028625488,0.9660000205039978
O=S(=O)(O)n1cc[n+](S(=O)(=O)O)c1.O=C([O-])C(F)(F)F,1.5633339881896973,1.6200000047683716
CCCCCCCC[n+]1ccn(C)c1.O=S(=O)([O-])O,1.264496088027954,1.3799999952316284
CCCCCC[N+](CCCCCC)=C(N(C)C)N(C)C.N#C[C-](C#N)C#N,0.9948963522911072,0.9560999870300293
CCCCCCCCCC[n+]1ccn(CCC#N)c1.O=C([O-])c1cccc(S(=O)(=O)O)c1,1.1608803272247314,1.1334999799728394
CCCCCCCC[P+](CC)(CC)CC.Cc1ncc([N+](=O)[O-])[n-]1,1.0521198511123657,1.0285999774932861
C[NH2+]CCO.CC(C)C(=O)[O-],1.0744850635528564,1.0434437990188599
CCCC[n+]1ccn(CCC(C)C)c1.O=S(=O)([N-]S(=O)(=O)C(F)(F)F)C(F)(F)F,1.2873367071151733,1.3186999559402466
CCCCn1cc[n+](CCC#N)c1.N#C[S-],1.1492031812667847,1.1605000495910645
c1c[nH+]c[nH]1.CCCCCCCC(=O)[O-],1.0132074356079102,0.9869999885559082
OCC[NH2+]CCO.O=C[O-],1.2074085474014282,1.1941250562667847
CCCC[N+]1(C)CCOCC1.CC(=O)NC(CC(C)C)C(=O)[O-],1.0841490030288696,1.069000005722046
CCCCn1cc[n+](C)c1C.FC(F)(F)C(F)(F)[P-](F)(F)(F)(C(F)(F)C(F)(F)F)C(F)(F)C(F)(F)F,1.5073943138122559,1.5983999967575073
CCCCCC[n+]1ccc(C#N)cc1.O=S(=O)([N-]S(=O)(=O)C(F)(F)F)C(F)(F)F,1.3663840293884277,1.406999945640564
CCCCCCCC[n+]1ccccc1.O=S(=O)([N-]S(=O)(=O)C(F)(F)F)C(F)(F)F,1.3111692667007446,1.326799988746643
CCCCCCCC[P+](CCCC)(CCCC)CCCC.O=C1C=C([O-])c2ccccc21,1.0100315809249878,0.984499990940094
CCC[N+]1(C)CCCC1.O=S(=O)([N-]S(=O)(=O)C(F)(F)F)C(F)(F)F,1.3800342082977295,1.3600000143051147
C=CC[n+]1ccn(C)c1.O=C([O-])CO,1.1821539402008057,1.1890000104904175
CCCCCn1cc[n+](C)c1.O=S(=O)([N-]S(=O)(=O)C(F)(F)F)C(F)(F)F,1.3786135911941528,1.4103000164031982
CCCC[N+]1(C)CCCC1.[Br-],1.226886510848999,1.2211999893188477
N#CC[P+](c1ccccc1)(c1ccccc1)c1ccccc1.C=CC(=O)NC(C)(C)CS(=O)(=O)[O-],1.2809926271438599,1.23989999294281
CCCC[N+](C)(CCCC)CCCC.O=S(=O)([N-]S(=O)(=O)C(F)(F)F)C(F)(F)F,1.2473491430282593,1.2627999782562256
COCCOCC[n+]1ccn(C)c1.F[P-](F)(F)(F)(F)F,1.3270214796066284,1.3200000524520874
CC[S+](CC)CC.O=S(=O)([N-]S(=O)(=O)C(F)(F)F)C(F)(F)F,1.402428150177002,1.4607000350952148
CC[n+]1ccn(C)n1.CC(=O)[O-],1.1518919467926025,1.1460000276565552
CC[NH+](CC)CC.O=S(=O)([O-])O,1.1678205728530884,1.1428899765014648
Cn1cc[n+](Cc2ccccc2)c1.O=S(=O)([N-]S(=O)(=O)C(F)(F)F)C(F)(F)F,1.4429643154144287,1.4910000562667847
C=C[n+]1ccn(CCCC)c1.NCCCCC(N)C(=O)[O-],1.0828989744186401,1.0967999696731567
CCCC[P+](CC)(CCCC)CCCC.CCOP(=O)([O-])OCC,1.029797911643982,1.0083999633789062
C[NH+](C)C.CC(=O)[O-],1.0833686590194702,1.0537999868392944
C=CC[n+]1ccn(C)c1.[Cl-],1.1572425365447998,1.1509000062942505
CCCC[n+]1ccn(C)c1.[Cl-],1.0977532863616943,1.0750000476837158
C[N+](C)(CCO)CCO.CS(=O)(=O)[O-],1.2821217775344849,1.298200011253357
CCCC[N+]1(C)CCOCC1.CCCCO[PH](=O)[O-],1.1160683631896973,1.1187000274658203
COCC[N+]1(C)CCCC1.O=S(=O)([N-]S(=O)(=O)C(F)(F)F)C(F)(F)F,1.4069530963897705,1.4536999464035034
CC[n+]1ccn(C)c1.CCOP(=O)([O-])OCC,1.1205108165740967,1.1449999809265137
CCCC[P+](CCCC)(CCCC)CCC(F)(F)C(F)(F)C(F)(F)C(F)(F)C(F)(F)C(F)(F)F.FC(F)(F)C(F)(F)[P-](F)(F)(F)(C(F)(F)C(F)(F)F)C(F)(F)C(F)(F)F,1.4365077018737793,1.4919999837875366
CCCCCCCC[n+]1ccn(CCC#N)c1.CCCCCCCCCCOS(=O)(=O)[O-],1.0915725231170654,1.0816999673843384
CCCCCCCC[P+](CC)(CC)CC.Brc1cccc2[n-]ncc12,1.1583844423294067,1.156000018119812
CCCCn1c(C)cc(C)[n+]1-c1ccccc1.CS(=O)(=O)[O-],1.1670523881912231,1.1862000226974487
CCCC[n+]1ccc(C)cc1.N#C[C-](C#N)C#N,1.0581066608428955,1.0367000102996826
CCCC[n+]1ccn(C)c1.[O-][Cl+3]([O-])([O-])[O-],1.2500951290130615,1.2526999711990356
CCCCCCCCn1cc[n+](C)c1.O=S(=O)([O-])C(F)(F)C(F)(F)C(F)(F)C(F)(F)F,1.312049150466919,1.3300000429153442
Cc1ccc(-[n+]2c(C)cc(C)n2C)cc1.CS(=O)(=O)[O-],1.1953504085540771,1.2236000299453735
CCCCCC[n+]1ccn(C)c1.[I-],1.3470555543899536,1.38100004196167
Cn1cc[n+](Cc2ccccc2)c1.[Cl-],1.184823751449585,1.1928000450134277
CC[N+](C)(C)CCOC(C)=O.O=S(=O)([N-]S(=O)(=O)C(F)(F)F)C(F)(F)F,1.4211325645446777,1.4586999416351318
COCC[n+]1ccn(C)c1.F[P-](F)(F)(F)(F)F,1.367436408996582,1.399999976158142
C=C[n+]1ccn(CCCC)c1.N=C(N)NCCCC(N)C(=O)[O-],1.1863328218460083,1.2038999795913696
CCCC[n+]1ccn(C)c1.NCC(=O)[O-],1.101189136505127,1.1109000444412231
CCC[N+]1(C)CCOCC1.CC(=O)NC(CC(C)C)C(=O)[O-],1.0943808555603027,1.0813000202178955
CCCCCC[n+]1cc(C)cc(C)c1.O=S(=O)([N-]S(=O)(=O)C(F)(F)F)C(F)(F)F,1.3098928928375244,1.3281400203704834
CC(C)CCC[n+]1ccn(C)c1.O=S(=O)([N-]S(=O)(=O)C(F)(F)F)C(F)(F)F,1.3554868698120117,1.3724000453948975
CCCCCC[NH+](CCCCCC)CCCCCC.CCCCCC(=O)[O-],0.8876733183860779,0.8461999893188477
CCCC[n+]1ccn(CCC#N)c1.O=S(=O)([O-])c1ccccc1,1.2403792142868042,1.236799955368042
COCC[N+]1(C)CCCC1.N#C[N-]C#N,1.1896789073944092,1.2089999914169312
Cn1cc[n+](CCO)c1.O=S(=O)([O-])C(F)(F)C(F)(F)C(F)(F)C(F)(F)F,1.56272554397583,1.6200000047683716
CC(C)OC(=O)C1CCC[NH2+]1.CCCCCCCCCCCCOS(=O)(=O)[O-],1.0545802116394043,1.0468000173568726
CCCCCCCCCCCCCC[P+](CCCCCC)(CCCCCC)CCCCCC.N#Cc1nc[n-]c1C#N,0.9405078291893005,0.919700026512146
CCn1cc[n+](CC)c1.CCOP(=O)([O-])OCC,1.1180607080459595,1.1259599924087524
CC[n+]1ccn(C)c1.COP(=O)([O-])OC,1.2126528024673462,1.2178000211715698
CCCCCCCC[P+](CCCC)(CCCC)CCCC.[Cl-],0.9668257236480713,0.9243999719619751
CCCCCCCCCCCC[P+](CCCC)(CCCC)CCCC.c1c[n-]nn1,0.9343671202659607,0.911899983882904
CCCOC[N+](C)(C)CCOC(C)=O.O=S(=O)([N-]S(=O)(=O)C(F)(F)F)C(F)(F)F,1.367523431777954,1.3930000066757202
CCCC[n+]1ccc(C)cc1.O=S(=O)([N-]S(=O)(=O)C(F)(F)F)C(F)(F)F,1.3683791160583496,1.350000023841858
CC[N+]1(C)CCOCC1.CC(=O)NC(C)C(=O)[O-],1.1494280099868774,1.1507999897003174
CCC[N+](C)(C)C.O=S(=O)([N-]S(=O)(=O)C(F)(F)F)C(F)(F)F,1.3813191652297974,1.4292999505996704
Cc1cc(C)[n+](-c2ccccc2)n1C.CS(=O)(=O)[O-],1.2183136940002441,1.246999979019165
CCCCCCCCCOC[N+](C)(C)CCO.O=S(=O)([N-]S(=O)(=O)C(F)(F)F)C(F)(F)F,1.2529443502426147,1.2680000066757202
CC[N+](C)(C)CCO.CC1(C)CC(OS(=O)(=O)[O-])CC(C)(C)N1[O],1.1590088605880737,1.141800045967102
CCCCCCCCCCCCCC[P+](CCCCCC)(CCCCCC)CCCCCC.c1nnn[n-]1,0.9200797080993652,0.902400016784668
C=CC[N+](C)(C)CC.O=S(=O)([O-])C(F)(F)F,1.2622720003128052,1.2575000524520874
CCCC[NH+](CCCC)CCCC.O=S(=O)([N-]S(=O)(=O)C(F)(F)F)C(F)(F)F,1.2260230779647827,1.2407000064849854
CCCCCCCC[NH+](CCCCCCCC)CCCCCCCC.O=C([O-])CCCCCCCCC(=O)O,0.9597607254981995,0.9257000088691711
CC[NH+](C(C)C)C(C)C.O=C[O-],1.0445462465286255,1.0140000581741333
CCC[n+]1ccccc1.N#C[N-]C#N,1.1093451976776123,1.0901000499725342
CC[n+]1ccn(C)c1.c1c[n-]nn1,1.1328728199005127,1.1325000524520874
CCCCCCCC[P+](CC)(CC)CC.O=S(=O)([N-]S(=O)(=O)C(F)(F)F)C(F)(F)F,1.2308472394943237,1.2441999912261963
CCCCCCn1cc[n+](C)c1.FC(F)(F)C(F)(F)[P-](F)(F)(F)(C(F)(F)C(F)(F)F)C(F)(F)C(F)(F)F,1.5070085525512695,1.5570000410079956
CCCCCCCCCC[N+](CC)(CC)CC.O=S(=O)([N-]S(=O)(=O)C(F)(F)F)C(F)(F)F,1.189330816268921,1.2180999517440796
Cn1cc[n+](CC(CBr)N=[N+]=[N-])c1.N#C[N-]C#N,1.2998648881912231,1.309999942779541
CCOCCOCC[n+]1ccn(CC(C)(C)C)c1.O=S(=O)([N-]S(=O)(=O)C(F)(F)F)C(F)(F)F,1.3020613193511963,1.3207000494003296
CCC=C[n+]1ccn(C)c1C.O=[N+]([O-])c1cn[n-]c1,1.1953234672546387,1.180799961090088
CCCC[n+]1ccn(C)c1.COP(=O)([O-])OC,1.1564736366271973,1.1578999757766724
CC[NH3+].CCCC(=O)[O-],0.9933032393455505,0.9620000123977661
C[N+]1=C(O)CCC1.CCC(=O)[O-],1.0443141460418701,1.0278600454330444
CCCCCCCCn1cc[n+](C)c1.CCOS(=O)(=O)[O-],1.1011217832565308,1.1159000396728516
CCCCn1cc[n+](C)c1.O=S(=O)(F)[N-]S(=O)(=O)F,1.325537919998169,1.357200026512146
CCCCCn1cc[n+](CCCC)c1.O=S(=O)([N-]S(=O)(=O)C(F)(F)F)C(F)(F)F,1.3011845350265503,1.3173999786376953
C[N+](C)(C)CCO.CCCCCC(=O)[O-],1.0400505065917969,1.0156999826431274
CCCCCCCCCCOC[N+](C)(C)CCO.O=S(=O)([N-]S(=O)(=O)C(F)(F)F)C(F)(F)F,1.2354594469070435,1.2589999437332153
CCC[N+]1(C)CCOCC1.N#C[N-]C#N,1.1311897039413452,1.163699984550476
CCCCCCCC[P+](CCCC)(CCCC)CCCC.O=S(=O)([N-]S(=O)(=O)C(F)(F)F)C(F)(F)F,1.1553270816802979,1.1619999408721924
N#CCCC[n+]1ccccc1.O=S(=O)([N-]S(=O)(=O)C(F)(F)F)C(F)(F)F,1.4945807456970215,1.534000039100647
CCCCCCCC[N+]1(C)CCCC1.O=S(=O)([N-]S(=O)(=O)C(F)(F)F)C(F)(F)F,1.263206958770752,1.2910000085830688
CCC[n+]1cn(C)cn1.O=[N+]([O-])[O-],1.2164570093154907,1.2367000579833984
CCCCCC[n+]1ccn(C)c1.N#C[S-],1.0779448747634888,1.0568000078201294
CCCC[n+]1ccn(CC)c1.O=S(=O)([N-]S(=O)(=O)C(F)(F)F)C(F)(F)F,1.3629350662231445,1.4019999504089355
CCCC[n+]1ccn(C)c1C.O=S(=O)([O-])O,1.185688853263855,1.2106000185012817
CCCn1cc[n+](C)c1C.O=S(=O)([N-]S(=O)(=O)C(F)(F)F)C(F)(F)F,1.4078309535980225,1.4539999961853027
CCCCCCCCn1cc[n+](C)c1.COP(=O)([O-])OC,1.096389889717102,1.0821000337600708
C[n+]1ccn(CCCc2ccccc2)c1.O=S(=O)([N-]S(=O)(=O)C(F)(F)F)C(F)(F)F,1.401626467704773,1.4550000429153442
CC1CCC(C(C)C)C(OCn2cc[n+](C)c2)C1.O=S(=O)([N-]S(=O)(=O)C(F)(F)F)C(F)(F)F,1.3112832307815552,1.3326300382614136
CCCCCC[N+]1(C)CCOCC1.O=S(=O)(F)[N-]S(=O)(=O)F,1.2795867919921875,1.2973999977111816
Cn1cc[n+](Cc2ccccc2)c1.N#C[N-]C#N,1.1605539321899414,1.1581000089645386
Cc1n(S(=O)(=O)O)cc[n+]1S(=O)(=O)O.O=C([O-])C(F)(F)F,1.5713238716125488,1.590000033378601
CCCCCC[N+]1(CC)CCCC1.O=S(=O)([N-]S(=O)(=O)C(F)(F)F)C(F)(F)F,1.2806097269058228,1.3220000267028809
CCCC[P+](CC)(CC)CC.O=[N+]([O-])c1cn[n-]c1,1.099961280822754,1.0784000158309937
c1cc[n+](CC2CCCCC2)cc1.O=S(=O)([N-]S(=O)(=O)C(F)(F)F)C(F)(F)F,1.4003276824951172,1.42330002784729
CCC[N+](C)(C)CC.O=S(=O)([N-]S(=O)(=O)C(F)(F)F)C(F)(F)F,1.3778146505355835,1.402999997138977
C[n+]1ccn(CCc2ccccc2)c1.O=S(=O)([N-]S(=O)(=O)C(F)(F)F)C(F)(F)F,1.423702597618103,1.4700000286102295
CCC[n+]1ccn(C)c1.CC(=O)[O-],1.1053452491760254,1.0782999992370605
C[N+](C)(C)CCO.O=C([O-])C1CCCCC1,1.1031304597854614,1.0678000450134277
CCCCCCCC[NH+](CCCCCCCC)CCCCCCCC.CCCCCC(=O)[O-],0.8670841455459595,0.8445000052452087
CCCCC[n+]1ccn(C)c1.N#C[N-]C#N,1.0605523586273193,1.0494999885559082
CC[N+]1(C)CCOCC1.CCO[PH](=O)[O-],1.1687195301055908,1.1615999937057495
CCCCCCn1cc[n+](C)c1.N#C[C-](C#N)C#N,1.0431349277496338,1.019700050354004
COCC[N+]1(C)CCOCC1.FC(F)(F)C(F)(F)[P-](F)(F)(F)(C(F)(F)C(F)(F)F)C(F)(F)C(F)(F)F,1.5678883790969849,1.6756999492645264
CC[n+]1ccn(C)c1.O=C([O-])C1CCCN1,1.1670868396759033,1.1550999879837036
CCCCCC[n+]1ccn(C)c1C.O=S(=O)([N-]S(=O)(=O)C(F)(F)F)C(F)(F)F,1.319606065750122,1.3530999422073364
CCCC[n+]1cccc(C)c1.O=S(=O)([O-])C(F)(F)F,1.2482373714447021,1.279770016670227
CCCCCCCCCCCCCC[P+](CCCCCC)(CCCCCC)CCCCCC.O=S(=O)([O-])C(F)(F)C(F)(F)C(F)(F)C(F)(F)C(F)(F)C(F)(F)C(F)(F)C(F)(F)F,1.1595053672790527,1.1729999780654907
COCCOCC[n+]1ccn(C)c1.[Cl-],1.1444518566131592,1.1399999856948853
CCCCCCC[n+]1ccccc1.O=S(=O)([N-]S(=O)(=O)C(F)(F)F)C(F)(F)F,1.33400559425354,1.354099988937378
C[N+](C)(C)CCO.NC(CO)C(=O)[O-],1.1994402408599854,1.2125999927520752
CCCCCCCCCCCCCC[P+](CCCCCC)(CCCCCC)CCCCCC.CC(=O)[O-],0.9444470405578613,0.8913000226020813
CCn1cc[n+](C)c1.NCCC(=O)[O-],1.1300175189971924,1.1469000577926636
COCCn1cc[n+](C)c1.CCC(=O)[O-],1.1311439275741577,1.1094000339508057
CCCCCCCC[n+]1ccn(C)c1.O=S(=O)([O-])C(F)(F)F,1.1836527585983276,1.1888099908828735
CCn1cc[n+](C)c1.Nc1ncnc2nc[n-]c12,1.2378170490264893,1.2331199645996094
CCCCCCn1c[n+](C)cn1.O=S(=O)([N-]S(=O)(=O)C(F)(F)F)C(F)(F)F,1.369070291519165,1.399999976158142
CCCCCCCn1cc[n+](CCCCCCC)c1.O=S(=O)([N-]S(=O)(=O)C(F)(F)F)C(F)(F)F,1.1981688737869263,1.2252000570297241
C[N+]1(C)CCN(c2ccccc2)CC1.[I-],1.0469601154327393,1.006700038909912
C=CC[NH+](C)C.O=S(=O)([O-])C(F)(F)F,1.2884255647659302,1.3029999732971191
CCCC[n+]1ccccc1.N#C[N-]C#N,1.07395339012146,1.0687999725341797
CCCC[N+](C)(C)CC.CCOS(=O)(=O)[O-],1.1912999153137207,1.2080999612808228
Cn1cc[n+](CC(Br)CN=[N+]=[N-])c1.[Br-],1.3232024908065796,1.340000033378601
C[n+]1ccn(CCCc2ccccc2)c1.F[P-](F)(F)(F)(F)F,1.3815118074417114,1.406999945640564
CCCCCCCCCC[n+]1cc[nH]c1.O=S(=O)([N-]S(=O)(=O)C(F)(F)F)C(F)(F)F,1.2657015323638916,1.287500023841858
Cc1ccc[n+](C)c1.COS(=O)(=O)[O-],1.2990596294403076,1.3025000095367432
CCCCCCCC[N+](C)(CCCCCCCC)CCCCCCCC.CCCCCCCCC=CCCCCCCCC(=O)[O-],0.9175918698310852,0.887499988079071
C[N+]1(CC(O)CO)CCCC1.O=S(=O)([N-]S(=O)(=O)C(F)(F)F)C(F)(F)F,1.4568232297897339,1.6100000143051147
CCCCn1cc[n+](C)c1.CCC(=O)[O-],1.0663000345230103,1.034909963607788
COCC[n+]1ccn(C)c1.O=S(=O)([N-]S(=O)(=O)C(F)(F)F)C(F)(F)F,1.459057331085205,1.5049999952316284
CCOC(=O)C[n+]1ccn(C)c1.[Cl-],1.1711527109146118,1.1779999732971191
Cn1cc[n+](C(C)(C)C)c1.O=S(=O)([N-]S(=O)(=O)C(F)(F)C(F)(F)F)C(F)(F)C(F)(F)F,1.4844757318496704,1.5252000093460083
CCCCCC[n+]1ccccc1.F[P-](F)(F)(F)(F)F,1.2475217580795288,1.25
C=Cn1cc[n+](CC(CBr)N=[N+]=[N-])c1.N#C[N-]C#N,1.304771900177002,1.309999942779541
CCCCC[n+]1ccn(C)c1.CC(O)C(N)C(=O)[O-],1.1164495944976807,1.1010799407958984
CC[n+]1ccn(C)c1C.O=S(=O)([N-]S(=O)(=O)C(F)(F)F)C(F)(F)F,1.443636178970337,1.4910000562667847
CCCCCCCC[N+](C)(CCCCCCCC)CCCCCCCC.[Cl-],0.9264799356460571,0.8880000114440918
CCCCn1cc[n+](CCC#N)c1.N#C[N-]C#N,1.1254295110702515,1.1200000047683716
CC[n+]1ccsc1.O=S(=O)([O-])C(F)(F)F,1.4617571830749512,1.5089999437332153
CCCCCCCCCC[N+](C)(C)C(C)C.O=S(=O)([N-]S(=O)(=O)C(F)(F)F)C(F)(F)F,1.1730457544326782,1.1799999475479126
CCCCn1cc[n+](CC)c1.CCOP(=O)([O-])OCC,1.0928690433502197,1.0832099914550781
CCCC[P+](CCCC)(CCCC)CCOC.O=S(=O)([N-]S(=O)(=O)C(F)(F)F)C(F)(F)F,1.21331787109375,1.2382999658584595
CCCCCC[n+]1ccn(C)c1.CCC(=O)[O-],1.0269274711608887,1.007349967956543
CCCCn1cc[n+](C)c1.Cc1c[n-]c(=O)[nH]c1=O,1.1727161407470703,1.1637099981307983
CCC[N+]1(C)CCCC1.O=S(=O)(F)[N-]S(=O)(=O)F,1.312375783920288,1.3387000560760498
CCCC[N+](C)(C)CCO.CC1(C)CC(OS(=O)(=O)[O-])CC(C)(C)N1[O],1.1287680864334106,1.1090999841690063
CCCC[n+]1ccn(C)c1.CCCCCCCCOS(=O)(=O)[O-],1.0978317260742188,1.0679999589920044
CCCCCCCC[N+](CC)(CC)CC.O=S(=O)([N-]S(=O)(=O)C(F)(F)F)C(F)(F)F,1.2242028713226318,1.2492400407791138
C=CC[n+]1ccn(C)c1.CCCC(=O)[O-],1.078951120376587,1.062000036239624
Cn1cc[n+](CCCCS(=O)(=O)O)c1.O=S(=O)([O-])C(F)(F)F,1.4335482120513916,1.4781999588012695
CCCC[N+](C)(CCCC)CCCC.NC(CO)C(=O)[O-],1.0590349435806274,1.0156999826431274
CCCCCC[n+]1ccn(C)c1.O=[N+]([O-])c1cn[n-]c1,1.1339818239212036,1.1232999563217163
C[NH2+]CCO.CCC(=O)[O-],1.0890905857086182,1.0713437795639038
CCCCCC[N+]1(C)CCCC1.CCCCCCO[PH](=O)[O-],1.0385887622833252,1.0607000589370728
CCN(CC)c1c(N(CC)CC)[c+]1N(CC)CC.O=S(=O)([N-]S(=O)(=O)C(F)(F)F)C(F)(F)F,1.269645094871521,1.2733999490737915
C[n+]1ccn(Cc2ccc3ccccc3c2)c1.O=S(=O)([N-]S(=O)(=O)C(F)(F)F)C(F)(F)F,1.438759207725525,1.4819999933242798
CC[P+](CC)(CC)CCOC.O=S(=O)([N-]S(=O)(=O)C(F)(F)F)C(F)(F)F,1.3373922109603882,1.3747999668121338
CCn1cc[n+](C)c1.CC(O)C(=O)[O-],1.1486469507217407,1.1461000442504883
CC(C)OC(=O)C([NH3+])C(C)C.CCCCCCCCCCCCOS(=O)(=O)[O-],1.0359392166137695,1.0261000394821167
CCCCCC[n+]1ccn(C)c1.O=S(=O)([O-])O,1.2742269039154053,1.3079999685287476
C=CC[n+]1ccn(C)c1.O=C([O-])c1ccccc1,1.1548243761062622,1.1490000486373901
CCCCn1cc[n+](C)c1.FC(F)(F)C(F)(F)[P-](F)(F)(F)(C(F)(F)C(F)(F)F)C(F)(F)C(F)(F)F,1.5486290454864502,1.6258900165557861
C[n+]1ccn(CCO)c1.F[P-](F)(F)(F)(F)F,1.433456540107727,1.4800000190734863
CCn1cc[n+](C)c1.N#C[N-]S(=O)(=O)C(F)(F)F,1.3469862937927246,1.347000002861023
COCC[NH3+].O=[N+]([O-])[O-],1.2402878999710083,1.2519999742507935
CCCCCCCCCCn1cc[n+](CCC#N)c1.CCCCCCCCOC(=O)CC(C(=O)OCCCCCCCC)S(=O)(=O)[O-],1.0685865879058838,1.0357999801635742
CCCCCCCCCCCCCC[P+](CCCCCC)(CCCCCC)CCCCCC.CCCCCCCC(=O)[O-],0.9219784140586853,0.8813999891281128
CCCC[n+]1ccn(C)c1.NCCS(=O)(=O)[O-],1.1787798404693604,1.1921000480651855
C[N+]1=C(O)CCC1.CCCCC(=O)[O-],1.0168193578720093,0.9900100231170654
COCC[n+]1ccccc1.N#C[N-]C#N,1.1638020277023315,1.152500033378601
CCCC[n+]1ccccc1.O=C([O-])C(F)(F)F,1.2559735774993896,1.2325999736785889
CCCCCC[n+]1cc(C)cc(C)c1CCCCC.O=S(=O)([N-]S(=O)(=O)C(F)(F)F)C(F)(F)F,1.2221245765686035,1.2534699440002441
CC[N+]1(C)CCCC1.CCOP(=O)([O-])OCC,1.1242884397506714,1.1080000400543213
C[N+]1=C(O)CCC1.CCCC(=O)[O-],1.0397484302520752,1.0061099529266357
CCCCC[N+](C)(C)CCO.O=S(=O)([N-]S(=O)(=O)C(F)(F)F)C(F)(F)F,1.3512392044067383,1.382789969444275
CC[N+](C)(CCO)CCO.O=S(=O)([N-]S(=O)(=O)C(F)(F)F)C(F)(F)F,1.4542194604873657,1.5157500505447388
CCCCCCCc1cccc[n+]1CC.O=S(=O)([N-]S(=O)(=O)C(F)(F)F)C(F)(F)F,1.2904016971588135,1.3207999467849731
COC[P+](c1ccccc1)(c1ccccc1)c1ccccc1.C=CC(=O)NC(C)(C)CS(=O)(=O)[O-],1.2208328247070312,1.2181999683380127
CCCCn1cc[n+](CCCC)c1.O=S(=O)([N-]S(=O)(=O)C(F)(F)F)C(F)(F)F,1.3025596141815186,1.3428000211715698
CCCCn1cc[n+](CCC#N)c1.CCCCCCCCCCCCOS(=O)(=O)[O-],1.105151653289795,1.1232000589370728
CC[n+]1ccn(C)c1.c1nnn[n-]1,1.161598563194275,1.1684999465942383
CCOCn1cc[n+](C)c1.O=S(=O)([N-]S(=O)(=O)C(F)(F)F)C(F)(F)F,1.445920467376709,1.5015000104904175
CCC[n+]1ccn(C)c1.O=C([O-])O,1.1709167957305908,1.1655000448226929
CCCn1cc[n+](CC)c1.O=S(=O)([N-]S(=O)(=O)C(F)(F)F)C(F)(F)F,1.4170032739639282,1.4536000490188599
CCCCCC[n+]1ccn(C)c1.O=S(=O)([O-])C(F)(F)F,1.2269946336746216,1.2396999597549438
CCCCCCCCCCC[n+]1ccn(COC2CC(C)CCC2C(C)C)c1.O=S(=O)([N-]S(=O)(=O)C(F)(F)F)C(F)(F)F,1.1655720472335815,1.1827499866485596
CCCCCCCCn1cc[n+](CCC#N)c1.[Cl-],1.0718481540679932,1.0427000522613525
CCCC[NH3+].CC(=O)[O-],0.9803683757781982,0.9559999704360962
COCCn1cc[n+](C)c1.N#C[S-],1.1710258722305298,1.177299976348877
CC[N+]1(C)CCCCC1.CCOS(=O)(=O)[O-],1.1831939220428467,1.1813000440597534
COC[n+]1ccn(C)c1.O=S(=O)([N-]S(=O)(=O)C(F)(F)F)C(F)(F)F,1.5174025297164917,1.551200032234192
CCCC[N+](C)(C)CCO.O=S(=O)([N-]S(=O)(=O)C(F)(F)F)C(F)(F)F,1.375428318977356,1.4153000116348267
CCCCCCCCCCCCCC[P+](CCCCCC)(CCCCCC)CCCCCC.[Br-],0.9935228824615479,0.9552000164985657
CCCCC[N+](C)(C)CC.O=S(=O)([N-]S(=O)(=O)C(F)(F)F)C(F)(F)F,1.3185054063796997,1.3414000272750854
CCCCc1cccc[n+]1CC.O=S(=O)([N-]S(=O)(=O)C(F)(F)F)C(F)(F)F,1.3610475063323975,1.40910005569458
CCCCCC[n+]1ccn(C)c1.O=[N+]([O-])[O-],1.1299253702163696,1.1174999475479126
CCCCCCCCn1cc[n+](C)c1.COCCOCCOS(=O)(=O)[O-],1.121153712272644,1.1166000366210938
CCCCCCCC[NH+](CCCCCCCC)CCCCCCCC.O=C([O-])CCCCC(=O)O,0.9636134505271912,0.9448000192642212
CCCCCCCC[n+]1ccn(C)c1.O=S(=O)([N-]S(=O)(=O)C(F)(F)C(F)(F)F)C(F)(F)C(F)(F)F,1.3753944635391235,1.3959699869155884
CCCC[N+]1(C)CCCC1.COS(=O)(=O)[O-],1.1722701787948608,1.1670000553131104
CCCCCCCCCCCCCC[P+](CCCC)(CCCC)CCCC.CCCCCCCCCCCCc1ccccc1S(=O)(=O)[O-],0.9892648458480835,0.9556000232696533
CC[n+]1ccccc1.O=S(=O)(F)[N-]S(=O)(=O)F,1.4374191761016846,1.4586999416351318
CCCC[n+]1ccccc1.O=S(=O)(F)[N-]S(=O)(=O)F,1.3396430015563965,1.36899995803833
CCCCC[n+]1ccccc1.O=S(=O)([N-]S(=O)(=O)C(F)(F)F)C(F)(F)F,1.3943508863449097,1.4210000038146973
Cn1cc[n+](Cc2ccccc2)c1.COS(=O)(=O)[O-],1.193514108657837,1.1845999956130981
CCc1n(S(=O)(=O)O)cc[n+]1S(=O)(=O)O.O=C([O-])C(F)(F)F,1.536323070526123,1.559999942779541
CCC[n+]1ccccc1.O=S(=O)([O-])C(F)(F)F,1.3544318675994873,1.371999979019165
CCOCCOCC[n+]1ccn(CCC(C)C)c1.O=S(=O)([N-]S(=O)(=O)C(F)(F)F)C(F)(F)F,1.290649652481079,1.3198000192642212
C=C[n+]1ccn(CCCCCCCC)c1.[Br-],1.1539374589920044,1.1720999479293823
CCCC[n+]1ccn(CC)c1.O=C([O-])C(F)(F)F,1.199198603630066,1.1829999685287476
CCCCCC[n+]1ccn(C)c1.COP(=O)([O-])OC,1.1219794750213623,1.1160999536514282
CCCCCC[n+]1ccccc1.O=S(=O)(F)[N-]S(=O)(=O)F,1.299286127090454,1.301900029182434
c1ccc(C[P+](c2ccccc2)(c2ccccc2)c2ccccc2)cc1.C=CC(=O)NC(C)(C)CS(=O)(=O)[O-],1.2190937995910645,1.2318999767303467
CC[n+]1ccn(C)c1.CCCCCCCCCCOS(=O)(=O)[O-],1.1001322269439697,1.1007000207901
CCCn1cc[n+](C)c1.[I-],1.4884531497955322,1.5470999479293823
COCCCC[n+]1ccn(C)c1.[Cl-],1.1196038722991943,1.1208000183105469
CCCCCC[NH+](CCCCCC)CCCCCC.CCCCCCCC(=O)[O-],0.880968451499939,0.847599983215332
COCC[N+]1(C)CCOCC1.O=S(=O)([N-]S(=O)(=O)C(F)(F)F)C(F)(F)F,1.428899884223938,1.5002000331878662
CCn1cc[n+](C)c1.CCCCOS(=O)(=O)[O-],1.1628361940383911,1.1756999492645264
CC[n+]1ccn(C)c1.NCCS(=O)(=O)[O-],1.2583281993865967,1.2519999742507935
CC[n+]1cccc(C)c1.O=S(=O)([N-]S(=O)(=O)C(F)(F)F)C(F)(F)F,1.4611753225326538,1.4885400533676147
CCn1cc[n+](CC)c1.O=S(=O)([N-]S(=O)(=O)C(F)(F)F)C(F)(F)F,1.4379475116729736,1.4759999513626099
CC[n+]1ccccc1.O=S(=O)([O-])C(F)(F)F,1.3880012035369873,1.4048000574111938
c1ccc(Cn2cc[n+](Cc3ccccc3)c2)cc1.O=S(=O)([N-]S(=O)(=O)C(F)(F)F)C(F)(F)F,1.416414499282837,1.434000015258789
CCCCC[N+]1(C)CCCCC1.O=S(=O)([N-]S(=O)(=O)C(F)(F)F)C(F)(F)F,1.306632399559021,1.3501299619674683
CCCCCCCC[N+](CCCCCCCC)(CCCCCCCC)CCCCCCCC.CCCCCCCCC=CCCCCCCCC(=O)[O-],0.9135185480117798,0.8752999901771545
CCCC[NH3+].O=C[O-],1.0183409452438354,0.973800003528595
CCCCCC[N+](C)(C)C(C)C.O=S(=O)([N-]S(=O)(=O)C(F)(F)F)C(F)(F)F,1.265674114227295,1.2899999618530273
CC[NH3+].CC(=O)[O-],1.022811770439148,1.0177099704742432
C[N+](C)(C)CCO.O=C([O-])C1CCCN1,1.1401212215423584,1.1339999437332153
CCCCCCCCCC[n+]1ccn(C)c1.[Cl-],1.01123046875,0.9871000051498413
COCCOCCOCC[n+]1ccccc1.O=S(=O)([N-]S(=O)(=O)C(F)(F)F)C(F)(F)F,1.3975279331207275,1.4320000410079956
C[NH2+]CCO.CCCCCC(=O)[O-],1.0265893936157227,0.9941999912261963
CCCCCCCC[N+]1(C)CCCCC1.CCCCCCCCO[PH](=O)[O-],1.0084270238876343,0.9693999886512756
CCCCn1cc[n+](C)c1.O=C([O-])c1ccccc1,1.1160446405410767,1.1052000522613525
CCCCCCCC[n+]1ccccc1.O=[N+]([O-])[O-],1.11366605758667,1.0894999504089355
CCCC[n+]1ccn(CCC#N)c1.[Br-],1.2895302772521973,1.3047000169754028
CCC[N+]1(C)CC2CCC(CC2)C1.O=S(=O)([N-]S(=O)(=O)C(F)(F)F)C(F)(F)F,1.3438372611999512,1.4040000438690186
C=C[n+]1ccn(CCCC)c1.CC(C)C(N)C(=O)[O-],0.946803092956543,0.7968000173568726
CCCCCCCC[P+](CC)(CC)CC.O=[N+]([O-])c1cn[n-]c1,1.0606741905212402,1.031999945640564
C[N+](CCO)(CCO)CCO.O=S(=O)([N-]S(=O)(=O)C(F)(F)F)C(F)(F)F,1.5075955390930176,1.5672500133514404
CCCCCCOC[N+](C)(C)CCO.O=S(=O)([N-]S(=O)(=O)C(F)(F)F)C(F)(F)F,1.3138295412063599,1.343000054359436
CCCC[n+]1ccn(C)c1C.N#C[S-],1.1099516153335571,1.0781999826431274
COCCC[n+]1ccccc1.O=S(=O)([N-]S(=O)(=O)C(F)(F)F)C(F)(F)F,1.4452910423278809,1.4789999723434448
CCC[n+]1ccn(C)c1.CC(O)C(N)C(=O)[O-],1.1582472324371338,1.1445200443267822
CCCCCCCC[P+](CC)(CC)CC.Brc1ccc2cn[n-]c2c1,1.1605119705200195,1.1610000133514404
CCCCCCC[n+]1ccn(C)c1.F[P-](F)(F)(F)(F)F,1.2395199537277222,1.2625999450683594
CCCC[N+](C)(CCCC)CCCC.CC(O)C(N)C(=O)[O-],1.0292770862579346,0.9994999766349792
C[N+]1=C(O)CCC1.O=C[O-],1.0895581245422363,1.071660041809082
CCCCCCCCCC[N+](C)(C)C.O=S(=O)([N-]S(=O)(=O)C(F)(F)F)C(F)(F)F,1.2003581523895264,1.2259999513626099
CCCCCC[n+]1ccsc1.O=S(=O)([N-]S(=O)(=O)C(F)(F)F)C(F)(F)F,1.4019898176193237,1.4609999656677246
C=CC[n+]1ccn(C)c1.O=C[O-],1.1384670734405518,1.1299999952316284
CCCn1cc[n+](CCC)c1.O=S(=O)([N-]S(=O)(=O)C(F)(F)F)C(F)(F)F,1.376595377922058,1.3990000486373901
Cn1cc[n+](CCO)c1.CC(=O)[O-],1.1647279262542725,1.176800012588501
CCCCCCCOC[N+](C)(C)CCOC(C)=O.O=S(=O)([N-]S(=O)(=O)C(F)(F)F)C(F)(F)F,1.2755334377288818,1.2970000505447388
CCOCCn1cc[n+](C)c1.CCC(=O)[O-],1.1057177782058716,1.079699993133545
CCCCCCn1cc[n+](CC)c1.[Br-],1.1817556619644165,1.194000005722046
CCCC[n+]1ccn(C)c1.O=S(=O)([O-])C(F)(F)C(F)OC(F)(F)C(F)(F)F,1.4111688137054443,1.4229999780654907
CCCCNC(=O)Cn1cc[n+](CC)c1.O=S(=O)([N-]S(=O)(=O)C(F)(F)F)C(F)(F)F,1.371286153793335,1.4179999828338623
CC[n+]1ccn(C)c1.c1nc[n-]n1,1.1518646478652954,1.1390000581741333
CCCCC[n+]1ccn(COC2CC(C)CCC2C(C)C)c1.O=S(=O)([N-]S(=O)(=O)C(F)(F)F)C(F)(F)F,1.254756212234497,1.2581299543380737
CCCC[n+]1ccn(C)c1.O=C([N-]S(=O)(=O)C(F)(F)F)C(F)(F)C(F)(F)F,1.383965253829956,1.4146000146865845
CCCC[P+](CCCC)(CCCC)CCCC.CC(O)C(N)C(=O)[O-],1.0063742399215698,0.9799000024795532
CCC[N+](C)(C)CCO.CC1(C)CC(OS(=O)(=O)[O-])CC(C)(C)N1[O],1.141926646232605,1.1223000288009644
C[N+](C)(C)CCO.NCCC(=O)[O-],1.1214735507965088,1.120300054550171
CCCCCCCCCCCC[n+]1ccccc1.O=S(=O)([N-]S(=O)(=O)C(F)(F)F)C(F)(F)F,1.2465397119522095,1.2488000392913818
CC[n+]1ccccc1.CCOS(=O)(=O)[O-],1.2598466873168945,1.2519999742507935
CCCCn1cc[n+](C)c1.CC(N)C(=O)[O-],1.1066960096359253,1.080199956893921
CCCCCCCC[n+]1cccc(C#N)c1.O=S(=O)([N-]S(=O)(=O)C(F)(F)F)C(F)(F)F,1.3210780620574951,1.3551000356674194
CCCC[n+]1ccn(C)c1.N#Cc1nc(C(F)(F)F)[n-]c1C#N,1.1934404373168945,1.1996999979019165
CCCC[P+](C)(CCCC)CCCC.COS(=O)(=O)[O-],1.075819969177246,1.0586999654769897
CCCCCCCCC[n+]1ccn(C)c1.F[P-](F)(F)(F)(F)F,1.2139537334442139,1.2125999927520752
CCn1cc[n+](C)c1.FC(F)(F)C(F)(F)[P-](F)(F)(F)(C(F)(F)C(F)(F)F)C(F)(F)C(F)(F)F,1.6315456628799438,1.707900047302246
CCCC[n+]1ccn(CC)c1.CS(=O)(=O)[O-],1.164374828338623,1.1410000324249268
CCCCC(CC)C[NH2+]CCN.O=S(=O)([O-])C(F)(F)F,1.2072422504425049,1.222000002861023
CCCCCCCC[n+]1ccsc1.O=S(=O)([N-]S(=O)(=O)C(F)(F)F)C(F)(F)F,1.3459745645523071,1.3930000066757202
CCCC[n+]1ccn(C)c1.CC(=O)CCC(=O)[O-],1.1033051013946533,1.1139999628067017
CCC[n+]1ccn(C)c1.NC(CCC(=O)O)C(=O)[O-],1.2328214645385742,1.229200005531311
Cn1cc[n+](C)c1.N#C[S-],1.1430168151855469,1.1574000120162964
CC[NH3+].CCC(=O)[O-],1.0023787021636963,0.9873999953269958
C[N+](C)(C)CCO.NCC(=O)[O-],1.1611223220825195,1.146299958229065
COCC[n+]1ccccc1.N#C[S-],1.20326828956604,1.1969000101089478
CCCCCCCCCC[n+]1ccn(CCC#N)c1.CCCCCCCCCCCCOS(=O)(=O)[O-],1.065859079360962,1.0504000186920166
CCCCCC[n+]1ccccc1.CC(=O)[O-],1.204417109489441,1.232100009918213
CC(C)CCCC[n+]1ccn(C)c1.O=S(=O)([N-]S(=O)(=O)C(F)(F)F)C(F)(F)F,1.3355941772460938,1.3442000150680542
C[n+]1ccn(CCCN)c1.F[P-](F)(F)(F)(F)F,1.3938305377960205,1.496000051498413
CC[N+](C)(C)CCO.CCCCS(=O)(=O)[O-],1.1257028579711914,1.1116000413894653
CCCCCC[N+]1(C)CCOCC1.CCCCCCO[PH](=O)[O-],1.0525338649749756,1.0199999809265137
CCC[N+]1(C)CCCC1.[Br-],1.237558126449585,1.2599999904632568
CCCCCCC[n+]1ccn(C)c1.[Br-],1.1767421960830688,1.1448999643325806
CCCC[P+](CCCC)(CCCC)CCCC.NC(CO)C(=O)[O-],1.0405410528182983,0.9922999739646912
C[NH2+]CCO.CCCC(=O)[O-],1.0623692274093628,1.039199948310852
CCCCCCCCCCn1cc[n+](C)c1.N#C[S-],1.0253242254257202,1.0110000371932983
COCC[n+]1ccccc1.O=S(=O)([N-]S(=O)(=O)C(F)(F)F)C(F)(F)F,1.4660755395889282,1.5148999691009521
CCCC[n+]1ccn(C)c1.COCCOCCOS(=O)(=O)[O-],1.1694363355636597,1.1699999570846558
CCCCCC[n+]1ccccc1.O=[N+]([O-])[O-],1.154693603515625,1.1124999523162842
CCCCCCCCCCOC[N+](C)(C)CCOC(C)=O.O=S(=O)([N-]S(=O)(=O)C(F)(F)F)C(F)(F)F,1.220272421836853,1.2200000286102295
CCC[NH+](CC)CC.O=S(=O)([O-])C(F)(F)F,1.2066388130187988,1.222000002861023
CCOCC[n+]1ccn(C)c1.CC(O)C(N)C(=O)[O-],1.1712987422943115,1.1543999910354614
CC[N+]1(C)CCCC1.COP(=O)([O-])OC,1.178194522857666,1.1779999732971191
CC[NH+](CC)CC.CC(=O)[O-],1.0214811563491821,1.009600043296814
CCCCC[N+]1(C)CCCC1.[Br-],1.1936558485031128,1.1889599561691284
CCC[N+](C)(C)CCN(C)C.O=S(=O)([N-]S(=O)(=O)C(F)(F)F)C(F)(F)F,1.364736557006836,1.343500018119812
CCCCCC[NH+](CCCCCC)CCCCCC.CCCC(=O)[O-],0.8861241340637207,0.8442999720573425
CC[n+]1ccn(C)c1C.O=S(=O)([O-])O,1.2502278089523315,1.2544000148773193
CCCC[N+]1(C)CCCC1.O=S(=O)(F)[N-]S(=O)(=O)C(F)(F)F,1.3179595470428467,1.3569999933242798
CCCCCCCCCCCC[n+]1ccn(COC2CC(C)CCC2C(C)C)c1.O=S(=O)([N-]S(=O)(=O)C(F)(F)F)C(F)(F)F,1.159288763999939,1.1730600595474243
CCCCCCCC[N+](C)(CCCCCCCC)CCCCCCCC.N#C[N-]C#N,0.9101445078849792,0.8899999856948853
CCCCCCCCCCCCCC[P+](CCCCCC)(CCCCCC)CCCCCC.O=[N+]([O-])c1cn[n-]c1,0.9732058644294739,0.939300000667572
CCCCCCC[N+]1(C)CCOCC1.N#C[N-]C#N,1.0730122327804565,1.063099980354309
CCCCCC[NH2+]CCN.O=S(=O)([N-]S(=O)(=O)C(F)(F)F)C(F)(F)F,1.3476089239120483,1.3775999546051025
CC(C)C[P+](C)(CC(C)C)CC(C)C.Cc1ccc(S(=O)(=O)[O-])cc1,1.0916541814804077,1.0679999589920044
C1CC[NH2+]C1.O=[N+]([O-])[O-],1.2385647296905518,1.1679999828338623
CCOCCOCC[n+]1ccn(C(CC)CC)c1.O=S(=O)([N-]S(=O)(=O)C(F)(F)F)C(F)(F)F,1.301478385925293,1.3179999589920044
C[NH+]1CCOCC1.CCCCCCCCCC(=O)[O-],0.9220005869865417,0.8934000134468079
C=CC[n+]1ccn(C)c1.[Br-],1.176101565361023,1.1699999570846558
C=CC[n+]1ccn(C)c1.N#C[S-],1.1649419069290161,1.1670000553131104
CCCCCCCCCCCCCC[P+](CCCCCC)(CCCCCC)CCCCCC.CCCC(=O)[O-],0.9270201325416565,0.8903999924659729
CCCCCCCCCC[P+](CC)(CC)CC.O=[N+]([O-])c1cn[n-]c1,1.0446897745132446,1.0109000205993652
CCCCCC[N+]1(C)CCOCC1.N#C[N-]C#N,1.0902249813079834,1.069700002670288
CCCC[n+]1ccn(C)c1.NC(=O)CCC(=O)[O-],1.1572781801223755,1.1540000438690186
CC[N+](C)(C)CCCO.O=S(=O)([N-]S(=O)(=O)C(F)(F)F)C(F)(F)F,1.3982253074645996,1.4638500213623047
C=CC[NH+](CC)CC.O=S(=O)([O-])C(F)(F)F,1.2356672286987305,1.2549999952316284
CCCOCCn1cc[n+](C)c1.O=S(=O)([N-]S(=O)(=O)C(F)(F)F)C(F)(F)F,1.3893541097640991,1.4210000038146973
C[N+]1(CCCC#N)CCCC1.N#C[N-]C#N,1.1137607097625732,1.0964000225067139
CCCC[n+]1ccccc1.C=CC(=O)NC(C)(C)CS(=O)(=O)[O-],1.167508840560913,1.1959999799728394
CCOCCn1cc[n+](C)c1.CC(=O)[O-],1.1373462677001953,1.100100040435791
CC[N+](CCO)(CCO)CCO.O=S(=O)([N-]S(=O)(=O)C(F)(F)F)C(F)(F)F,1.4718501567840576,1.530174970626831
CCCCCCCC[N+]1(C)CCOCC1.CCCCCCCCO[PH](=O)[O-],1.0175899267196655,0.9781000018119812
CCCC[n+]1ccn(C)c1.O=C([O-])CO,1.1390279531478882,1.1292999982833862
CCCC[n+]1cccc(C#N)c1.O=S(=O)([N-]S(=O)(=O)C(F)(F)F)C(F)(F)F,1.4328862428665161,1.4789999723434448
CCC[NH+](C)C.O=S(=O)([O-])C(F)(F)F,1.2628166675567627,1.2760000228881836
CC[n+]1ccn(CCOC)c1.O=S(=O)([O-])C(F)(F)F,1.3376600742340088,1.340399980545044
CCCC[P+](CCCC)(CCCC)CCCC.O=C([O-])c1cccs1,1.070764183998108,1.0391000509262085
COCCCC[n+]1ccn(C)c1.CC(O)C(N)C(=O)[O-],1.1540558338165283,1.1469000577926636
CCC[n+]1cn(C)cn1.O=S(=O)([O-])C(F)(F)F,1.3723325729370117,1.3796000480651855
CCCCCC[N+](CCCCCC)=C(N(C)C)N(C)C.N#C[N-]C#N,0.9797853231430054,0.968500018119812
CCCCC[n+]1ccccc1.CC(=O)[O-],1.227874994277954,1.267899990081787
CCCC[P+](CCCC)(CCCC)CCOCC.O=S(=O)([O-])C(F)(F)F,1.1220285892486572,1.1109999418258667
C=Cc1ccc(Cn2cc[n+](C)c2C)cc1.O=S(=O)([N-]S(=O)(=O)C(F)(F)F)C(F)(F)F,1.334657907485962,1.3420000076293945
CC[n+]1ccn(COC2CC(C)CCC2C(C)C)c1.O=S(=O)([N-]S(=O)(=O)C(F)(F)F)C(F)(F)F,1.293383002281189,1.3115700483322144
CCCCCCCCn1cc[n+](CCC#N)c1.O=C([O-])c1cccc(S(=O)(=O)O)c1,1.1766830682754517,1.182800054550171
CCOC[n+]1ccccc1.O=S(=O)([N-]S(=O)(=O)C(F)(F)F)C(F)(F)F,1.4653102159500122,1.5117000341415405
CC[n+]1ccn(C)c1.O=C([O-])C(F)(F)C(F)(F)C(F)(F)C(F)(F)F,1.4487749338150024,1.486799955368042
CCCCCC[P+](CCCC)(CCCC)CCCC.O=S(=O)([N-]S(=O)(=O)C(F)(F)F)C(F)(F)F,1.177952766418457,1.1820000410079956
CCn1c[n+](C)cn1.O=S(=O)([N-]S(=O)(=O)C(F)(F)F)C(F)(F)F,1.4974334239959717,1.559999942779541
CCCCCc1c(C)cc(C)c[n+]1CC.O=S(=O)([N-]S(=O)(=O)C(F)(F)F)C(F)(F)F,1.311110258102417,1.3238999843597412
C=C[n+]1ccn(CC(N)=O)c1.O=S(=O)([N-]S(=O)(=O)C(F)(F)F)C(F)(F)F,1.5387945175170898,1.607100009918213
CCCC[N+]1(C)CCCCC1.N#C[C-](C#N)C#N,1.0192471742630005,1.0099999904632568
CCCCCCCC[P+](CC)(CC)CC.Brc1c[n-]cn1,1.160980224609375,1.1619999408721924
CCCCCC[n+]1ccccc1.N#C[N-]C#N,1.0613106489181519,1.0363999605178833
C[N+](CCO)(CCO)CCO.COS(=O)(=O)[O-],1.3293355703353882,1.343999981880188
CCCC[N+]1(C)CCCC1.CCCCO[PH](=O)[O-],1.0901521444320679,1.0815999507904053
C=CC[n+]1ccn(C)c1.CC(O)C(=O)[O-],1.1599855422973633,1.1480000019073486
C[n+]1ccn(CCCC#N)c1.O=S(=O)([O-])C(F)(F)F,1.3804681301116943,1.4408999681472778
CCCCCCCCC[P+](CC)(CC)CC.O=[N+]([O-])c1cn[n-]c1,1.0520532131195068,1.0218000411987305
CCn1cc[n+](CC)c1.[Br-],1.3567321300506592,1.351199984550476
C[N+]1(CCCO)CCOCC1.N#C[N-]C#N,1.1980814933776855,1.1754000186920166
CCCCCCCC[NH+](CCCCCCCC)CCCCCCCC.CCCC(=O)[O-],0.866089940071106,0.842199981212616
CC[N+]1(C)CCOCC1.CCOP(=O)([O-])OCC,1.1599071025848389,1.159000039100647
CCn1cn[n+](C)c1.CC(=O)[O-],1.140730619430542,1.1089999675750732
N#CCCn1cc[n+](Cc2ccccc2)c1.N#C[S-],1.1861493587493896,1.1740000247955322
CCCCn1c[n+](C)cn1.O=S(=O)([N-]S(=O)(=O)C(F)(F)F)C(F)(F)F,1.4213651418685913,1.4859999418258667
COCC[n+]1ccn(C)c1.[Cl-],1.1727640628814697,1.1622999906539917
CCCOC[N+](C)(C)CCO.O=S(=O)([N-]S(=O)(=O)C(F)(F)F)C(F)(F)F,1.3865286111831665,1.4199999570846558
Cn1cc[n+](CCCSCCC(F)(F)C(F)(F)C(F)(F)C(F)(F)C(F)(F)C(F)(F)C(F)(F)C(F)(F)F)c1.O=S(=O)([N-]S(=O)(=O)C(F)(F)F)C(F)(F)F,1.6200976371765137,1.6720000505447388
CCCCCCCCCC[n+]1ccccc1.O=S(=O)([N-]S(=O)(=O)C(F)(F)F)C(F)(F)F,1.2761454582214355,1.2834999561309814
C[N+](C)(C)CCO.CC(N)C(=O)[O-],1.1275640726089478,1.1129000186920166
CCCCCCn1cc[n+](CCC#N)c1.[Cl-],1.1024539470672607,1.0741000175476074
COCC[N+]1(C)CCCCC1.FC(F)(F)C(F)(F)[P-](F)(F)(F)(C(F)(F)C(F)(F)F)C(F)(F)C(F)(F)F,1.543146014213562,1.6073499917984009
CCCn1c(C)cc(C)[n+]1C.O=S(=O)([N-]S(=O)(=O)C(F)(F)F)C(F)(F)F,1.3960909843444824,1.4292999505996704
CCCC[P+](CCCC)(CCCC)CCCC.O=C([O-])C1CCCN1,1.0261281728744507,0.9925000071525574
CCCCCCCCn1cc[n+](C)c1.[I-],1.3015172481536865,1.304819941520691
CCCCn1cc[n+](C)c1.CCCC(=O)[O-],1.0226001739501953,1.0322200059890747
CN(C)C(=[NH2+])N(C)C.O=S(=O)([N-]S(=O)(=O)C(F)(F)C(F)(F)F)C(F)(F)C(F)(F)F,1.5127077102661133,1.5713000297546387
COCCn1cc[n+](C)c1.CC(=O)[O-],1.1583337783813477,1.1339999437332153
CCCCCC[n+]1ccn(CCC#N)c1.CCCCC(CC)COC(=O)CC(C(=O)OCC(CC)CCCC)S(=O)(=O)[O-],1.0828181505203247,1.0889999866485596
C=C[n+]1ccn(CCCC)c1.O=C([O-])C1CCCN1,1.1108900308609009,1.2278000116348267
C=Cc1ccc(C[N+](CC)(CC)CC)cc1.O=S(=O)([N-]S(=O)(=O)C(F)(F)F)C(F)(F)F,1.3508086204528809,1.4110000133514404
CCCCCC[n+]1ccn(CC)c1.O=S(=O)([N-]S(=O)(=O)C(F)(F)F)C(F)(F)F,1.3191379308700562,1.3450000286102295
CC[n+]1ccn(CCOC)c1.CC(=O)[O-],1.1727551221847534,1.1923999786376953
CC[n+]1ccn(C)c1.CC(N)C(=O)[O-],1.1697494983673096,1.1361000537872314
CCCCCn1cc[n+](CC)c1.O=S(=O)([N-]S(=O)(=O)C(F)(F)F)C(F)(F)F,1.3499796390533447,1.3894000053405762
CC[n+]1ccsc1.O=S(=O)([N-]S(=O)(=O)C(F)(F)F)C(F)(F)F,1.5636509656906128,1.6160000562667847
CCCC[N+]1(C)CCCC1.CC(=O)[O-],1.0308889150619507,1.0211999416351318
c1cc[nH+]cc1.CCOCCOS(=O)(=O)[O-],1.2691705226898193,1.281000018119812
CCCC[N+]1(C)CCOCC1.CC(=O)NC(C(=O)[O-])C(C)C,1.1023449897766113,1.0825999975204468
CCCC[n+]1ccn(C)c1.O=P([O-])(O)O,1.1587789058685303,1.1764999628067017
CCCCCCCC[n+]1ccc2ccccc2c1.N#C[S-],1.085776686668396,1.0616999864578247
CCCC[N+](C)(C)CC.O=S(=O)([N-]S(=O)(=O)C(F)(F)F)C(F)(F)F,1.3454421758651733,1.3720749616622925
Cc1ccc[n+](CC(C)C)c1.O=S(=O)([N-]S(=O)(=O)C(F)(F)F)C(F)(F)F,1.3932898044586182,1.412600040435791
CCCn1cc[n+](C)c1.[Br-],1.3698577880859375,1.3162000179290771
C=CCn1cc[n+](C)c1.CCC(=O)[O-],1.100857138633728,1.0859999656677246
CCCCCCC[n+]1ccn(C)c1.N#C[C-](C#N)C#N,1.0305980443954468,1.009600043296814
C[NH2+]CCO.CC(=O)[O-],1.1018530130386353,1.1008937358856201
CCCCCn1cc[n+](CCCCC)c1.O=S(=O)([N-]S(=O)(=O)C(F)(F)F)C(F)(F)F,1.2763326168060303,1.2924000024795532
C=CC[NH+](C)CC=C.O=S(=O)([O-])C(F)(F)F,1.2604658603668213,1.253000020980835
CC[S+]1CCCC1.N#C[N-]C#N,1.1509406566619873,1.1349999904632568
C[n+]1ccn(CCCS(=O)(=O)O)c1.CC(=O)[O-],1.2471680641174316,1.2635999917984009
CCCCCCCC[P+](CC)(CC)CC.Cc1n[n-]cc1Br,1.1463115215301514,1.11899995803833
CCCCCOC[N+](C)(C)CCO.O=S(=O)([N-]S(=O)(=O)C(F)(F)F)C(F)(F)F,1.3369771242141724,1.378000020980835
CCOC[N+]1(C)CCCC1.O=S(=O)([N-]S(=O)(=O)C(F)(F)F)C(F)(F)F,1.3784711360931396,1.4391000270843506
CCCC[n+]1cscc1C.O=S(=O)([N-]S(=O)(=O)C(F)(F)F)C(F)(F)F,1.4227831363677979,1.4882999658584595
CCCC[n+]1ccn(CCCS(=O)(=O)O)c1.CC(=O)[O-],1.1731832027435303,1.1793999671936035
CCCCCCCOC[N+](C)(C)CCO.O=S(=O)([N-]S(=O)(=O)C(F)(F)F)C(F)(F)F,1.2918833494186401,1.309000015258789
CCCCCCCCn1cc[n+](CC)c1.[Br-],1.1430262327194214,1.145400047302246
CCCn1cc[n+](C)c1C.O=S(=O)([C-](S(=O)(=O)C(F)(F)F)S(=O)(=O)C(F)(F)F)C(F)(F)F,1.5294177532196045,1.597000002861023
COC(=O)CCC[n+]1ccn(C)c1.N#C[N-]C#N,1.1693123579025269,1.1734999418258667
CCCCCCCCCCCC[n+]1cc[nH]c1.O=S(=O)([N-]S(=O)(=O)C(F)(F)F)C(F)(F)F,1.2264256477355957,1.260699987411499
CCCCn1cc[n+](C)c1.CC(C)Cc1ccc(C(C)C(=O)[O-])cc1,1.0578410625457764,1.0290000438690186
Cn1cc[n+](CCCC#N)c1.N#C[N-]C#N,1.1430250406265259,1.152400016784668
CCCn1cc[n+](C)c1C.O=[N+]([O-])c1cn[n-]c1,1.199409008026123,1.1821999549865723
C=Cc1ccc(C[N+]2(C)CCCC2)cc1.O=S(=O)([N-]S(=O)(=O)C(F)(F)F)C(F)(F)F,1.3031420707702637,1.2569999694824219
CCCCCCCCCCCCCC[P+](CCCCCC)(CCCCCC)CCCCCC.O=[N+]([O-])c1c[n-]cn1,0.9775642156600952,0.9401000142097473
C[N+]1(CCCO)CCOCC1.O=S(=O)([N-]S(=O)(=O)C(F)(F)F)C(F)(F)F,1.4636335372924805,1.5361000299453735
CCC[N+](C)(CC)CC.O=S(=O)([N-]S(=O)(=O)C(F)(F)F)C(F)(F)F,1.365889310836792,1.4199999570846558
C=Cc1ccc(C[N+](C)(C)CCCCCCCCCC)cc1.O=S(=O)([N-]S(=O)(=O)C(F)(F)F)C(F)(F)F,1.280914068222046,1.312999963760376
CCCCC[n+]1ccn(C)c1.CC(O)C(=O)[O-],1.1260210275650024,1.1059999465942383
Cn1cc[n+](C(C)(C)C)c1.O=S(=O)([N-]S(=O)(=O)C(F)(F)F)C(F)(F)F,1.4193538427352905,1.4465999603271484
OCC[n+]1ccccc1.O=S(=O)([N-]S(=O)(=O)C(F)(F)F)C(F)(F)F,1.5226020812988281,1.5895099639892578
CCCCCC[N+](CCCCCC)(CCCCCC)CCCCCC.CCCCCCCCC=CCCCCCCCC(=O)[O-],0.9209016561508179,0.886900007724762
CCCCCCCCCCCCOC[N+](C)(C)CCO.O=S(=O)([N-]S(=O)(=O)C(F)(F)F)C(F)(F)F,1.20793616771698,1.194000005722046
CN(C)C(=[NH2+])N(C)C.c1c[n-]cn1,1.0258588790893555,0.9927999973297119
C[N+]1=C(O)CCC1.CCCCCC(=O)[O-],1.0048635005950928,0.9788100123405457
CCCCCC[N+]1(C)CCOCC1.CC(=O)NC(C)C(=O)[O-],1.0967506170272827,1.086899995803833
OCC[NH2+]c1ccccc1.CCC(=O)[O-],1.0702866315841675,1.0729999542236328
CCCCCCCCCCCCCC[P+](CCCCCC)(CCCCCC)CCCCCC.CCCCCCCCCC(=O)[O-],0.9188324213027954,0.8805999755859375
CCn1cc[n+](C)c1.O=c1cc[n-]c(=O)[nH]1,1.2277473211288452,1.2291200160980225
CCCC[N+](C)(C)C(C)C.O=S(=O)([N-]S(=O)(=O)C(F)(F)F)C(F)(F)F,1.318447232246399,1.3600000143051147
CCCCCC[n+]1ccn(C)c1.CCOS(=O)(=O)[O-],1.147118330001831,1.1380000114440918
CCCCCCSC(N(C)C)=[N+](C)C.O=S(=O)([N-]S(=O)(=O)C(F)(F)F)C(F)(F)F,1.3203588724136353,1.3389999866485596
CCCCCC[N+]1(C)CCOCC1.CC(=O)NC(C(=O)[O-])C(C)C,1.0815393924713135,1.0693000555038452
N#CCC[n+]1ccn(Cc2ccccc2)c1.[Cl-],1.1864560842514038,1.2027000188827515
CCC[n+]1ccn(C)c1.NCC(=O)[O-],1.1376818418502808,1.1358000040054321
CCCCCCCC[n+]1cc(C)cc(C)c1.O=S(=O)([N-]S(=O)(=O)C(F)(F)F)C(F)(F)F,1.2598488330841064,1.285599946975708
CCCC[N+]1(C)C2CCC1CC(O)C2.[NH3+]C(CCC(=O)[O-])C(=O)[O-],1.1565805673599243,1.1562000513076782
CC[NH2+]CC.O=S(=O)([O-])O,1.3471159934997559,1.3799999952316284
CCCCCn1cc[n+](C)c1.CC(=O)[O-],1.0789324045181274,1.0300999879837036
CCn1cc[n+](C)c1.O=C([N-]S(=O)(=O)C(F)(F)F)C(F)(F)F,1.4200875759124756,1.4539999961853027
CCCCn1cc[n+](CCC#N)c1.CCCCCCCCOC(=O)CC(C(=O)OCCCCCCCC)S(=O)(=O)[O-],1.0960780382156372,1.1104999780654907
C[N+]1(CCO)CCCC1.COP(=O)([O-])OC,1.240203619003296,1.2339999675750732
CCCCCCCCSC(N(C)C)=[N+](C)C.O=S(=O)([N-]S(=O)(=O)C(F)(F)F)C(F)(F)F,1.2741289138793945,1.2967000007629395
CC[n+]1ccc(C)cc1.O=S(=O)([N-]S(=O)(=O)C(F)(F)F)C(F)(F)F,1.4496484994888306,1.4919999837875366
CCCCC[n+]1ccccc1.O=C([O-])C(F)(F)F,1.27668297290802,1.3186999559402466
CCCC[n+]1ccn(C)c1.CC(O)C(=O)[O-],1.1279029846191406,1.1002000570297241
CCCCCCCCCCCCCC[P+](CCCCCC)(CCCCCC)CCCCCC.O=S(=O)([O-])C(F)(F)C(F)(F)C(F)(F)C(F)(F)F,1.0953227281570435,1.0800000429153442
CCCC[n+]1ccn(CC)c1.F[P-](F)(F)(F)(F)F,1.3075562715530396,1.3279999494552612
CC[N+]1(C)CCCC1.O=C([O-])CO,1.141792893409729,1.1339999437332153
CCCC[N+]1(C)CCCCC1.N#C[N-]C#N,1.0404940843582153,1.016129970550537
CCCCCCn1cc[n+](C)c1.O=C1[N-]S(=O)(=O)c2ccccc21,1.186569333076477,1.2033499479293823
CCCn1cc[n+](C)c1.NC(CO)C(=O)[O-],1.1905676126480103,1.18149995803833
CCCCCC[n+]1cccc(C#N)c1.O=S(=O)([N-]S(=O)(=O)C(F)(F)F)C(F)(F)F,1.3766568899154663,1.4089000225067139
CCCC[N+](C)(C)CCC.O=S(=O)([N-]S(=O)(=O)C(F)(F)F)C(F)(F)F,1.3160827159881592,1.3480000495910645
Cn1cc[n+](CCCl)c1.N#C[N-]C#N,1.210512638092041,1.238700032234192
CCCn1cc[n+](C)c1C.N#C[S-],1.124241590499878,1.0937000513076782
CCCCOC[N+](C)(C)CCO.O=S(=O)([N-]S(=O)(=O)C(F)(F)F)C(F)(F)F,1.3660017251968384,1.3860000371932983
CCCCCCCCCCCCCC[P+](CCCCCC)(CCCCCC)CCCCCC.O=C([O-])C(F)(F)C(F)(F)C(F)(F)C(F)(F)C(F)(F)C(F)(F)C(F)(F)C(F)(F)F,1.1408230066299438,1.1549999713897705
CCCCCC[n+]1ccn(COC2CC(C)CCC2C(C)C)c1.O=S(=O)([N-]S(=O)(=O)C(F)(F)F)C(F)(F)F,1.2327775955200195,1.2374600172042847
CCn1cc[n+](C)c1.O=c1[n-]cnc2nc[nH]c12,1.2569938898086548,1.2621899843215942
CCCC[n+]1cccc(C)c1C.O=S(=O)([N-]S(=O)(=O)C(F)(F)F)C(F)(F)F,1.3580291271209717,1.3846999406814575
CC[NH+]1CCNCC1.CCC(=O)[O-],1.0431581735610962,1.0083999633789062
CCCCCC[N+](C)(C)C.O=S(=O)([N-]S(=O)(=O)C(F)(F)F)C(F)(F)F,1.2884291410446167,1.3109999895095825
CCC[N+]1(C)CCCC1.CC(=O)[O-],1.0578436851501465,1.0399999618530273
CCCC[n+]1ccn(C)c1.CC(C)(C)C(=O)[O-],1.0687553882598877,1.0570000410079956
CCCCCCCCCCCCn1cc[n+](CC)c1.[Br-],1.1055511236190796,1.0809999704360962
OCC[NH2+]c1ccccc1.CCCCCC(=O)[O-],1.0608389377593994,1.0355000495910645
CCCCCCCC[P+](CC)(CC)CC.Clc1n[n-]c2ccccc12,1.0889892578125,1.0429999828338623
CCCCC[S+]1CCCC1.O=S(=O)([N-]S(=O)(=O)C(F)(F)F)C(F)(F)F,1.3325715065002441,1.309999942779541
N#CCCC[n+]1ccccc1.N#C[N-]C#N,1.159690022468567,1.1679999828338623
CCCC[N+]1(C)C2CCC1CC(O)C2.NC(Cc1c[nH]c2ccccc12)C(=O)[O-],1.1595505475997925,1.1406999826431274
CCCC[n+]1cc(C)cc(C)c1.O=S(=O)([N-]S(=O)(=O)C(F)(F)F)C(F)(F)F,1.3431380987167358,1.381600022315979
CCOCCn1cc[n+](C)c1.CC(O)C(=O)[O-],1.1282596588134766,1.12909996509552
CCCCCC[n+]1ccn(C)c1.N#Cc1ccc[n-]1,1.0538760423660278,1.0218000411987305
CCCC[n+]1ccn(C)c1.O=S(=O)([N-]S(=O)(=O)C(F)(F)C(F)(F)F)C(F)(F)C(F)(F)F,1.466558814048767,1.5140000581741333
CCCCCn1c(C)cc(C)[n+]1-c1ccccc1.CS(=O)(=O)[O-],1.1543738842010498,1.169100046157837
CCCCCCCCCn1cc[n+](C)c1.[Br-],1.162050485610962,1.14752995967865
Cn1cn[n+](CCN=[N+]=[N-])c1.[O-][Cl+3]([O-])([O-])[O-],1.5356981754302979,1.600000023841858
CCCCn1cc[nH+]c1.O=S(=O)([N-]S(=O)(=O)C(F)(F)F)C(F)(F)F,1.4214940071105957,1.4718999862670898
COCCCn1cc[n+](C)c1.O=S(=O)([N-]S(=O)(=O)C(F)(F)F)C(F)(F)F,1.4439054727554321,1.468400001525879
CCCCCCCCCCCC[n+]1ccn(CC)c1.O=S(=O)([O-])C(F)(F)F,1.1149981021881104,1.1089999675750732
C=Cn1cc[n+](CCCC)c1.[Br-],1.2859779596328735,1.3171000480651855
CC(C)COC(=O)C(C)[NH3+].CCCCCCCCCCCCOS(=O)(=O)[O-],1.0453399419784546,1.0418000221252441
CC(C)OC(=O)C(C)[NH3+].CCCCCCCCCCCCOS(=O)(=O)[O-],1.0561161041259766,1.0469000339508057
CCC[N+]1(C)CCOCC1.CC(=O)NC(C)C(=O)[O-],1.1341973543167114,1.1360000371932983
CCCCCC[n+]1ccn(C)c1.c1nc[n-]n1,1.124535322189331,1.122499942779541
CCC[N+](C)(CC)CC.O=S(=O)(F)[N-]S(=O)(=O)F,1.283485770225525,1.287500023841858
CCC[N+]1(C)CCCC1.CC(O)C(=O)[O-],1.095129132270813,1.0800000429153442
CCc1cccc[n+]1CC.O=S(=O)([N-]S(=O)(=O)C(F)(F)F)C(F)(F)F,1.4201775789260864,1.4706000089645386
CCCCCC[n+]1ccn(C)c1C.O=[N+]([O-])c1cn[n-]c1,1.1278340816497803,1.118899941444397
CCC[N+]1(C)CCCC1.N#C[N-]C#N,1.0568757057189941,1.0268000364303589
CCC[n+]1ccccc1.O=C([O-])C(F)(F)F,1.320101261138916,1.388200044631958
CCCC[NH+](C)C.O=S(=O)([N-]S(=O)(=O)C(F)(F)F)C(F)(F)F,1.3626693487167358,1.4127999544143677
CCCCn1cc[n+](C)c1.O=C[O-],1.097885012626648,1.0734100341796875
CC[P+](CC)(CC)COCCOC.O=[N+]([O-])c1cn[n-]c1,1.1547495126724243,1.1390000581741333
CCCC[N+]1(C)CCCC1.C=CC(=O)NC(C)(C)CS(=O)(=O)[O-],1.1182518005371094,1.1059999465942383
CCCCC[N+](C)(C)CCO.CC1(C)CC(OS(=O)(=O)[O-])CC(C)(C)N1[O],1.119801640510559,1.0944000482559204
CCCCCCCC[n+]1ccn(C)c1.N#C[N-]C#N,1.0234991312026978,1.0
CCCC[N+]1(C)C2CCC1CC(O)C2.NC(CO)C(=O)[O-],1.175849437713623,1.1668000221252441
CCCC[n+]1ccccc1C.O=S(=O)([N-]S(=O)(=O)C(F)(F)F)C(F)(F)F,1.3883193731307983,1.4759999513626099
C=Cn1cc[n+](CC(CBr)N=[N+]=[N-])c1.[Br-],1.3350844383239746,1.3600000143051147
CC[N+]1(C)CCCC1.CCO[PH](=O)[O-],1.1354403495788574,1.1230000257492065
CCCC[n+]1ccn(CC)c1.CCOS(=O)(=O)[O-],1.1585325002670288,1.1990000009536743
C[n+]1ccn(CCC(F)(F)C(F)(F)C(F)(F)C(F)(F)C(F)(F)C(F)(F)F)c1.O=S(=O)([N-]S(=O)(=O)C(F)(F)F)C(F)(F)F,1.647438883781433,1.684499979019165
CCCC[n+]1ccn(C)c1.O=S(=O)([O-])C(F)(F)C(F)(F)OC(F)C(F)(F)F,1.434254765510559,1.4490000009536743
CCC[n+]1ccc(C)cc1.O=S(=O)([N-]S(=O)(=O)C(F)(F)F)C(F)(F)F,1.4155104160308838,1.4509299993515015
CCCC[P+](CC)(CC)CC.Cc1ncc([N+](=O)[O-])[n-]1,1.082452654838562,1.0652999877929688
CCCCCCCC[N+](CC)(CC)CC.O=S(=O)(F)[N-]S(=O)(=O)F,1.164217472076416,1.1646000146865845
CC(C)n1cc[n+](C)c1.O=S(=O)(F)[N-]S(=O)(=O)F,1.3671188354492188,1.3948999643325806
CCC[n+]1ccn(COC2CC(C)CCC2C(C)C)c1.O=S(=O)([N-]S(=O)(=O)C(F)(F)F)C(F)(F)F,1.2932953834533691,1.2915199995040894
N#CCC[n+]1ccn(CCO)c1.[Cl-],1.2601131200790405,1.2549999952316284
[N-]=[N+]=NCCn1c[nH+]c(N=[N+]=[N-])n1.O=[N+]([O-])[O-],1.5250842571258545,1.5800000429153442
CN(C)C(=[NH2+])N(C)C.CCCCCC(=O)[O-],1.0092262029647827,0.9940999746322632
COCCCCn1cc[n+](C)c1.CC(N)C(=O)[O-],1.1560273170471191,1.155500054359436
CCCCCCCC[n+]1ccn(COC2CC(C)CCC2C(C)C)c1.O=S(=O)([N-]S(=O)(=O)C(F)(F)F)C(F)(F)F,1.1952613592147827,1.2170100212097168
CCCCCCCC[NH+](CCCCCCCC)CCCCCCCC.CCCCCCCC(=O)[O-],0.8628831505775452,0.8461999893188477
CC[n+]1ccccc1.O=C([O-])C(F)(F)F,1.3622641563415527,1.416700005531311
CCCCCCn1cc[n+](CCCC)c1.[Br-],1.1605662107467651,1.1454999446868896
CC(C)COC(=O)C1CCC[NH2+]1.CCCCCCCCCCCCOS(=O)(=O)[O-],1.050437569618225,1.0358999967575073
CCCC[n+]1ccn(C)c1.CCCCC(CC)COC(=O)CC(C(=O)OCC(CC)CCCC)S(=O)(=O)[O-],1.0808693170547485,1.0820000171661377
CCCC[P+](CCCC)(CCCC)CCCC.NCCS(=O)(=O)[O-],1.0464404821395874,1.0268000364303589
CCC[N+](C)(C)C(C)C.O=S(=O)([N-]S(=O)(=O)C(F)(F)F)C(F)(F)F,1.3571090698242188,1.399999976158142
CCCCCCCC[n+]1cc[nH]c1.O=S(=O)([N-]S(=O)(=O)C(F)(F)F)C(F)(F)F,1.3124736547470093,1.3463000059127808
C[N+]1(CCCO)CCOCC1.N#C[C-](C#N)C#N,1.1669490337371826,1.1619999408721924
CCOC[N+](C)(C)CCO.O=S(=O)([N-]S(=O)(=O)C(F)(F)F)C(F)(F)F,1.4098730087280273,1.4529999494552612
CCCC[n+]1cccc(C)c1.FC(F)(F)C(F)(F)[P-](F)(F)(F)(C(F)(F)C(F)(F)F)C(F)(F)C(F)(F)F,1.5263988971710205,1.5859999656677246
CCCC[n+]1cccn1C.O=S(=O)([N-]S(=O)(=O)C(F)(F)F)C(F)(F)F,1.4039356708526611,1.4509999752044678
CCCn1cc[n+](C)c1.O=[N+]([O-])[O-],1.1781177520751953,1.184000015258789
CCCCCCCCCC[N+](C)(C)CCC.O=S(=O)([N-]S(=O)(=O)C(F)(F)F)C(F)(F)F,1.1961183547973633,1.2009999752044678
CCCC[N+](C)(C)CCN(C)C.O=S(=O)([N-]S(=O)(=O)C(F)(F)F)C(F)(F)F,1.3390191793441772,1.322100043296814
CCCCCC[NH2+]CCN.O=C([O-])C(F)(F)F,1.147060751914978,1.1634000539779663
C[n+]1ccn(CCCC#N)c1.O=S(=O)(F)[N-]S(=O)(=O)F,1.4559481143951416,1.5113999843597412
CCn1cc[n+](C)c1.O=S(=O)([O-])C(F)(F)C(F)(F)C(F)(F)C(F)(F)F,1.5139508247375488,1.5464999675750732
CC[N+]1(C)CCOCC1.CC(=O)NC(CC(C)C)C(=O)[O-],1.1082992553710938,1.104200005531311
CCCCCn1cc[n+](CCOCCOCC)c1.O=S(=O)([N-]S(=O)(=O)C(F)(F)F)C(F)(F)F,1.3151813745498657,1.3174999952316284
CCCC[N+](C)(CCCC)CCCC.NCCCCC(N)C(=O)[O-],1.0213088989257812,0.9797000288963318
Cn1cc[n+](C)c1.CC(=O)[O-],1.131639838218689,1.1275999546051025
OCC[NH2+]c1ccccc1.CCCC(=O)[O-],1.0685415267944336,1.0608999729156494
CCCCCn1cc[n+](C)c1C.O=S(=O)([N-]S(=O)(=O)C(F)(F)F)C(F)(F)F,1.339044213294983,1.3954999446868896
CCCCCCCCCC[N+]1(C)CCCC1.O=S(=O)([N-]S(=O)(=O)C(F)(F)F)C(F)(F)F,1.230593204498291,1.25
CCCC[n+]1ccccc1.FC(F)(F)C(F)(F)[P-](F)(F)(F)(C(F)(F)C(F)(F)F)C(F)(F)C(F)(F)F,1.5552806854248047,1.6330000162124634
CCCCCCCCCCCn1cc[n+](C)c1.O=S(=O)([N-]S(=O)(=O)C(F)(F)F)C(F)(F)F,1.2443833351135254,1.2613999843597412
CCCCCCCCCCCOC[N+](C)(C)CCO.O=S(=O)([N-]S(=O)(=O)C(F)(F)F)C(F)(F)F,1.2202690839767456,1.2300000190734863
CCCC[n+]1ccn(C)c1.NC(CCC(=O)O)C(=O)[O-],1.2103382349014282,1.194000005722046
CCCCCCCCc1cccc[n+]1CC.O=S(=O)([N-]S(=O)(=O)C(F)(F)F)C(F)(F)F,1.2683842182159424,1.2973999977111816
C[N+](C)(C)CCO.CCC(=O)[O-],1.0912909507751465,1.0714999437332153
CC(C)CC[n+]1ccn(C)c1.O=S(=O)([N-]S(=O)(=O)C(F)(F)F)C(F)(F)F,1.3689281940460205,1.4033000469207764
CCCCCC[n+]1ccn(C)c1.c1c[n-]nn1,1.073689579963684,1.0425000190734863
CCn1cc[nH+]c1.O=S(=O)([N-]S(=O)(=O)C(F)(F)F)C(F)(F)F,1.510587453842163,1.569100022315979
CCCCC(CC)C[NH2+]CCN.O=C([O-])C(F)(F)F,1.1285215616226196,1.1305999755859375
CCCCCCCCCCCC[N+](CC)(CC)CC.O=S(=O)([N-]S(=O)(=O)C(F)(F)F)C(F)(F)F,1.1630877256393433,1.1877000331878662
CCCCCCCC[n+]1ccc2ccccc2c1.O=S(=O)([N-]S(=O)(=O)C(F)(F)F)C(F)(F)F,1.30716073513031,1.3308000564575195
CC[n+]1ccn(C)c1.[Br-],1.3028454780578613,1.388100028038025
C=C[n+]1ccn(CCCC)c1.CC(N)C(=O)[O-],1.0531067848205566,1.0282000303268433
CCCCCCCCCC[P+](CCCC)(CCCC)CCCC.O=S(=O)([N-]S(=O)(=O)C(F)(F)F)C(F)(F)F,1.1355385780334473,1.1419999599456787
CCOCC[n+]1ccn(C)c1.O=S(=O)([N-]S(=O)(=O)C(F)(F)F)C(F)(F)F,1.4217954874038696,1.4577000141143799
CCn1cc[n+](C)c1.Cc1c[n-]c(=O)[nH]c1=O,1.1966642141342163,1.21396005153656
CCCCCCCC[P+](CCCCCCCC)(CCCCCCCC)CCCCCCCC.O=S(=O)([N-]S(=O)(=O)C(F)(F)F)C(F)(F)F,1.0727283954620361,1.06659996509552
CCCCCCCC[n+]1ccn(C)c1.O=P([O-])(O)OP(=O)(O)O,1.1612248420715332,1.4259999990463257
CCCCc1n(S(=O)(=O)O)cc[n+]1S(=O)(=O)O.O=C([O-])C(F)(F)F,1.4370590448379517,1.4900000095367432
[N-]=[N+]=NCC[n+]1cn(N)cn1.[O-][Cl+3]([O-])([O-])[O-],1.5855398178100586,1.6299999952316284
CC[N+](C)(C)CCOCCOC.O=S(=O)([N-]S(=O)(=O)C(F)(F)F)C(F)(F)F,1.3795645236968994,1.3911000490188599
C[n+]1cn(CCN=[N+]=[N-])cn1.O=[N+]([O-])[O-],1.4350489377975464,1.4500000476837158
Cn1cc[n+](CCN)c1.F[P-](F)(F)(F)(F)F,1.4621915817260742,1.561900019645691
CC[NH+](C)C.CC(=O)[O-],1.0351990461349487,1.0161000490188599
CCCCCC[n+]1cn(CCCCS(=O)(=O)O)cn1.O=S(=O)([O-])C(F)(F)F,1.313938856124878,1.3175599575042725
COCCC[N+]1(C)CCCC1.O=S(=O)([N-]S(=O)(=O)C(F)(F)F)C(F)(F)F,1.3892356157302856,1.424399971961975
CC[n+]1ccn(C)c1.CC(O)C(=O)[O-],1.144871473312378,1.1425000429153442
CCCC[n+]1ccn(C)c1C.CC(N)C(=O)[O-],1.1226452589035034,1.0882999897003174
CCCC[n+]1ccn(C)c1.C=CC(=O)NC(C)(C)CS(=O)(=O)[O-],1.1504219770431519,1.156000018119812
CCCCCC[n+]1cc(C)cc(C)c1C.O=S(=O)([N-]S(=O)(=O)C(F)(F)F)C(F)(F)F,1.2995611429214478,1.3361799716949463
CCCOCC[n+]1ccccc1.O=S(=O)([N-]S(=O)(=O)C(F)(F)F)C(F)(F)F,1.3941543102264404,1.4305000305175781
CC[NH+](CC)CC.O=P([O-])(O)O,1.1317437887191772,1.1256999969482422
CC[n+]1c(C)cc(C)n1C.O=S(=O)([N-]S(=O)(=O)C(F)(F)F)C(F)(F)F,1.4346764087677002,1.458899974822998
CCCCCCCCOC[N+](C)(C)CCOC(C)=O.O=S(=O)([N-]S(=O)(=O)C(F)(F)F)C(F)(F)F,1.254488468170166,1.253999948501587
CCCC[n+]1ccn(C)c1.O=S(=O)([O-])C(F)(F)C(F)C(F)(F)F,1.350846529006958,1.409000039100647
CCCCCCCCCn1cc[n+](CCCCCCCCC)c1.O=S(=O)([N-]S(=O)(=O)C(F)(F)F)C(F)(F)F,1.1648921966552734,1.1691999435424805
CCCCC[N+]1(C)CCOCC1.N#C[N-]C#N,1.1066898107528687,1.1224000453948975
CN(C)C(=[NH2+])N(C)C.CCCCCCCC(=O)[O-],0.9903082847595215,0.9656000137329102
CCCOCC[N+]1(C)CCCC1.O=S(=O)([N-]S(=O)(=O)C(F)(F)F)C(F)(F)F,1.3501482009887695,1.3787000179290771
CCCCCCCCCCCCOC[N+](C)(C)CCOC(C)=O.O=S(=O)([N-]S(=O)(=O)C(F)(F)F)C(F)(F)F,1.1946605443954468,1.2000000476837158
CCCCCCC[P+](CC)(CC)CC.O=[N+]([O-])c1cn[n-]c1,1.070055603981018,1.0377999544143677
CCC[N+]1(C)CCOCC1.CC(=O)NC(C(=O)[O-])C(C)C,1.1086591482162476,1.1009999513626099
COCCOCCn1cc[n+](C)c1.CS(=O)(=O)[O-],1.2190215587615967,1.218000054359436
C[n+]1ccn(CCO)c1.CCC(=O)[O-],1.1262240409851074,1.1619999408721924
CCCCn1cc[n+](C)c1.O=C1[N-]S(=O)(=O)c2ccccc21,1.2161228656768799,1.2480499744415283
CCn1c[n+](CC)cc1C.O=S(=O)([N-]S(=O)(=O)C(F)(F)F)C(F)(F)F,1.4141817092895508,1.4320000410079956
CCCCC[n+]1ccn(C)c1.[Br-],1.248852252960205,1.2628300189971924
CCCCCc1c(C)cc(C)c[n+]1CCCC.O=S(=O)([N-]S(=O)(=O)C(F)(F)F)C(F)(F)F,1.2635469436645508,1.2882299423217773
CCC[N+](CCC)(CCC)CCC.[Br-],1.170138955116272,1.1699999570846558
CCCCC[P+](CC)(CC)CC.O=S(=O)(F)[N-]S(=O)(=O)F,1.2029069662094116,1.218999981880188
c1ccc([P+](c2ccccc2)(c2ccccc2)c2ccccc2)cc1.C=CC(=O)NC(C)(C)CS(=O)(=O)[O-],1.2575275897979736,1.239400029182434
CCCCC[n+]1ccn(C)c1.N#C[S-],1.0865191221237183,1.0630799531936646
C[n+]1ccccc1.COS(=O)(=O)[O-],1.3128771781921387,1.3447999954223633
CCCCCCCCCCCCCC[P+](CCCC)(CCCC)CCCC.CCCCCCCCCCCCc1ccc(S(=O)(=O)[O-])cc1,1.0031884908676147,0.9556000232696533
CCn1cc[n+](C)c1.O=C([O-])CO,1.1836884021759033,1.1959999799728394
Cn1cc[n+](C)c1.CO[PH](=O)[O-],1.2293781042099,1.2302000522613525
Cn1cc[n+](CCO)c1.O=C([O-])C(F)(F)C(F)(F)C(F)(F)C(F)(F)F,1.4878487586975098,1.5413000583648682
CCCC[n+]1ccn(C)c1.[Br-],1.281162977218628,1.302299976348877
CCCC[N+]1(C)CCOCC1.N#C[N-]C#N,1.1226993799209595,1.118299961090088
CCCCCCn1c(C)cc(C)[n+]1-c1ccccc1.CS(=O)(=O)[O-],1.1417527198791504,1.1416000127792358
CCCC[n+]1ccc(N(C)C)cc1.O=S(=O)([N-]S(=O)(=O)C(F)(F)F)C(F)(F)F,1.3599759340286255,1.3970999717712402
CC[N+]1(C)CCOCC1.CC(=O)NC(C(=O)[O-])C(C)C,1.1249101161956787,1.1231000423431396
CCCCCCCCCCCCCC[P+](CCCCCC)(CCCCCC)CCCCCC.Cc1ncc([N+](=O)[O-])[n-]1,0.9717186093330383,0.9387000203132629
Cn1cn[n+](CCN=[N+]=[N-])c1.O=[N+]([O-])[O-],1.4413623809814453,1.4900000095367432
CCCCCCCCCCCCCC[P+](CCCCCC)(CCCCCC)CCCCCC.O=C([O-])C(F)(F)C(F)(F)C(F)(F)C(F)(F)F,1.0916016101837158,1.0770000219345093
CCOCCOCC[n+]1ccn(C2CCCC2)c1.O=S(=O)([N-]S(=O)(=O)C(F)(F)F)C(F)(F)F,1.333387017250061,1.368499994277954
CCCC[n+]1ccn(C)c1.NC(CC(=O)O)C(=O)[O-],1.202046513557434,1.1829999685287476
C[N+](C)(C)CCO.NC(Cc1ccccc1)C(=O)[O-],1.1675447225570679,1.1650999784469604
CCCCCCCCCCCCn1c[n+](C)cn1.O=S(=O)([N-]S(=O)(=O)C(F)(F)F)C(F)(F)F,1.2498618364334106,1.2619999647140503
CCCC[P+](CCCC)(CCCC)CCOCC.O=C([O-])C(F)(F)F,1.0991541147232056,1.055999994277954
CCCCCCCCCCCCCC[P+](CCCCCC)(CCCCCC)CCCCCC.Clc1nc[n-]c1Cl,1.0038021802902222,0.9643999934196472
CCCn1cc[n+](C)c1.O=S(=O)(F)[N-]S(=O)(=O)F,1.3710143566131592,1.3950999975204468
CCCCCC[n+]1ccn(CCC#N)c1.O=C([O-])c1cccc(S(=O)(=O)O)c1,1.2146129608154297,1.2446000576019287
CCCCCCCCCCCCCC[P+](CCCCCC)(CCCCCC)CCCCCC.O=S(=O)([O-])C(F)(F)F,0.9907121062278748,0.9822999835014343
CCCCCC[N+]1(C)CCOCC1.N#C[C-](C#N)C#N,1.0679371356964111,1.0396000146865845
CCCCCCCC[n+]1ccn(CCC#N)c1.O=S(=O)([O-])c1ccccc1,1.1909676790237427,1.205199956893921
CCCCCCC[N+](C)(C)CC.O=S(=O)([N-]S(=O)(=O)C(F)(F)F)C(F)(F)F,1.2666834592819214,1.2910000085830688
COC[n+]1ccccc1.O=S(=O)([N-]S(=O)(=O)C(F)(F)F)C(F)(F)F,1.5054430961608887,1.5670000314712524
C[N+]1=C(O)CCC1.CC(=O)[O-],1.0674268007278442,1.0460599660873413
Cn1cc[nH+]c1.CC(=O)[O-],1.0941929817199707,1.0753300189971924
C[N+]1(CCO)CCCC1.O=S(=O)([N-]S(=O)(=O)C(F)(F)F)C(F)(F)F,1.4511889219284058,1.5174000263214111
CCCCCCCCCCn1cc[n+](C)c1.O=C1[N-]S(=O)(=O)c2ccccc21,1.1568526029586792,1.1325500011444092
CCCCCCCCCC[n+]1ccn(COC2CC(C)CCC2C(C)C)c1.O=S(=O)([N-]S(=O)(=O)C(F)(F)F)C(F)(F)F,1.1731573343276978,1.194290041923523
CCOC[N+](C)(C)CCOC(C)=O.O=S(=O)([N-]S(=O)(=O)C(F)(F)F)C(F)(F)F,1.3865413665771484,1.4259999990463257
CCCCCCCCCCCCCC[P+](CCCCCC)(CCCCCC)CCCCCC.CS(=O)(=O)[O-],0.9535465240478516,0.9280999898910522
CCC[n+]1ccn(C)c1.COS(=O)(=O)[O-],1.3318572044372559,1.5113999843597412
C[NH2+]CCO.O=C[O-],1.1402918100357056,1.1283124685287476
C=CC[N+](C)(C)CC.O=S(=O)([N-]S(=O)(=O)C(F)(F)F)C(F)(F)F,1.4055591821670532,1.4239000082015991
CC[n+]1ccn(C)c1.Cc1ccc(S(=O)(=O)[O-])cc1,1.1894892454147339,1.2100000381469727
CCCn1cc[n+](C)c1.NCCS(=O)(=O)[O-],1.1993485689163208,1.219099998474121
CCCCC[n+]1ccn(C)c1C.O=S(=O)([O-])O,1.1762615442276,1.1900999546051025
CCCC[N+](C)(CCCC)CCCC.NCCS(=O)(=O)[O-],1.0698118209838867,1.0511000156402588
CCCCCCCCn1cc[n+](C)c1.O=C1[N-]S(=O)(=O)c2ccccc21,1.168053150177002,1.1629999876022339
COCCn1cc[n+](C)c1.CS(=O)(=O)[O-],1.232645034790039,1.2338000535964966
CCCCCn1cc[n+](C)c1.CCC(=O)[O-],1.055401086807251,1.020509958267212
C[N+]1(Cc2ccccc2)CCCC1.O=S(=O)([N-]S(=O)(=O)C(F)(F)F)C(F)(F)F,1.3899375200271606,1.4443999528884888
CC[N+]1(C)CCOCC1.O=C([O-])CO,1.2202590703964233,1.2325999736785889
CCCC[NH+](CCCC)CCCC.[Cl-],1.1172794103622437,1.1059999465942383
CCCCCC[N+]1(C)CCOCC1.O=S(=O)([N-]S(=O)(=O)C(F)(F)F)C(F)(F)F,1.331970453262329,1.3712999820709229
CC(C)CCn1c[n+](CCCCS(=O)(=O)O)cn1.O=S(=O)([O-])C(F)(F)F,1.3169211149215698,1.3733199834823608
C[N+](C)(C)CCO.O=S(=O)([N-]S(=O)(=O)C(F)(F)F)C(F)(F)F,1.4524117708206177,1.5265475511550903
C=CC[n+]1ccn(C)c1.CC(=O)[O-],1.1154567003250122,1.1109999418258667
CCCCCCCC[N+]1(C)CCOCC1.CC(=O)NC(C(=O)[O-])C(C)C,1.0590918064117432,1.0404000282287598
CCOCC[n+]1ccccc1.O=S(=O)([N-]S(=O)(=O)C(F)(F)F)C(F)(F)F,1.431368112564087,1.4661999940872192
[N-]=[N+]=NCCn1c[nH+]cn1.[O-][Cl+3]([O-])([O-])[O-],1.5757882595062256,1.6100000143051147
CCCCCCCCCCCCn1cc[n+](CCCC)c1.[Br-],1.0821094512939453,1.055999994277954
CCCCCCCCn1cc[n+](CCCC)c1.[Br-],1.1197552680969238,1.1196999549865723
C[NH+]1CCOCC1.CCCCCC(=O)[O-],0.9593403935432434,0.9286999702453613
C[N+]1(CC#N)CCCC1.O=S(=O)([N-]S(=O)(=O)C(F)(F)F)C(F)(F)F,1.4777023792266846,1.5377999544143677
CCCCCCCCCCCOC[N+](C)(C)CCOC(C)=O.O=S(=O)([N-]S(=O)(=O)C(F)(F)F)C(F)(F)F,1.2070881128311157,1.2100000381469727
CCCC[N+]1(C)C2CCC1CC(O)C2.NCC(=O)[O-],1.1600714921951294,1.142799973487854
CCCC[n+]1ccn(C)c1.O=S(=O)([O-])C(F)(F)C(F)OC(F)(F)F,1.3653326034545898,1.3930000066757202
Cn1cc[n+](C)c1.COCCOS(=O)(=O)[O-],1.279038667678833,1.3140000104904175
CCCCCC[n+]1ccn(C)c1.c1nnn[n-]1,1.0790656805038452,1.0680999755859375
N#CC[n+]1ccccc1.O=S(=O)([N-]S(=O)(=O)C(F)(F)F)C(F)(F)F,1.5689224004745483,1.6311999559402466
CCCC[N+]1(C)CCCC1.N#C[N-]S(=O)(=O)C(F)(F)F,1.218299150466919,1.2319999933242798
CCCC[N+]1(C)C2CCC1CC(O)C2.CC(N)C(=O)[O-],1.1355599164962769,1.1233999729156494
CCCCCC[N+](C)(C)CCC.O=S(=O)([N-]S(=O)(=O)C(F)(F)F)C(F)(F)F,1.2750234603881836,1.284999966621399
CCCCCCCCn1c[n+](C)cn1.O=S(=O)([N-]S(=O)(=O)C(F)(F)F)C(F)(F)F,1.317542314529419,1.3420000076293945
CCCC[n+]1ccn(C)c1.CCCCOP(=O)([O-])OCCCC,1.0533332824707031,1.046180009841919
CCC[n+]1ccn(C)c1.N#C[S-],1.1072803735733032,1.084089994430542
CCCC[N+]1(C)CCCC1.N#C[S-],1.0465610027313232,1.0247999429702759
CCCCCCCn1c(C)cc(C)[n+]1-c1ccccc1.CS(=O)(=O)[O-],1.1318027973175049,1.1238000392913818
CCCC[n+]1ccc(C#N)cc1.O=S(=O)([N-]S(=O)(=O)C(F)(F)F)C(F)(F)F,1.4229642152786255,1.4742000102996826
C[n+]1ccn(CCO)c1.FC(F)(F)C(F)(F)[P-](F)(F)(F)(C(F)(F)C(F)(F)F)C(F)(F)C(F)(F)F,1.6815261840820312,1.7645399570465088
CCCCCCCC[N+]1(C)CCCC1.CCCCCCCCO[PH](=O)[O-],1.004619836807251,0.9890999794006348
CCCC[N+](C)(C)CCOCCN(C)C.O=S(=O)([N-]S(=O)(=O)C(F)(F)F)C(F)(F)F,1.3365973234176636,1.4394999742507935
CCCC[N+]1(C)CCCCC1.CCCCO[PH](=O)[O-],1.0838555097579956,1.0536099672317505
CCc1cccc[n+]1C.COS(=O)(=O)[O-],1.2760423421859741,1.2847000360488892
CC[n+]1ccn(C)c1.[Cl-],1.1368783712387085,1.1230100393295288
CCCCCCCCn1cc[n+](CCCCCCCC)c1.O=S(=O)([N-]S(=O)(=O)C(F)(F)F)C(F)(F)F,1.1762242317199707,1.1948000192642212
C[N+](C)(C)CCO.CCCC(=O)[O-],1.0721439123153687,1.0464999675750732
CCCC[n+]1cccc(C)c1.N#C[N-]C#N,1.0639084577560425,1.0496000051498413
CCCCCCCC[P+](CCCC)(CCCC)CCCC.CC(=O)C=C(C)[O-],0.9472501277923584,0.921999990940094
CCCCCCCC[P+](CCCC)(CCCC)CCCC.CC1(C)CC(=O)C=C([O-])C1,0.965818464756012,0.9332000017166138
CC(C)OC(=O)CCC([NH3+])C(=O)OC(C)C.CCCCCCCCCCCCOS(=O)(=O)[O-],1.051755666732788,1.0503000020980835
C=CC[N+](C)(C)CC.O=C([O-])C(F)(F)F,1.2167953252792358,1.2210999727249146
CCC[n+]1cn(C)cn1.Cc1ccc(S(=O)(=O)[O-])cc1,1.2425929307937622,1.2247999906539917
COCCCC[n+]1ccn(C)c1.NC(CC(=O)O)C(=O)[O-],1.2384535074234009,1.2187000513076782
CCCC[P+](CC)(CCCC)CCCC.O=S(=O)([N-]S(=O)(=O)C(F)(F)F)C(F)(F)F,1.2217351198196411,1.24399995803833
CCCCn1cc[n+](C)c1.O=c1cc[n-]c(=O)[nH]1,1.1780927181243896,1.1761399507522583
C[NH+](C)CCO.CC1(C)CC(OS(=O)(=O)[O-])CC(C)(C)N1[O],1.1778773069381714,1.1755000352859497
CC[NH+]1CCOCC1.CCCCCC(=O)[O-],0.9755144119262695,0.9333999752998352
CCCC[N+]1(C)CCOCC1.CC(=O)NC(C)C(=O)[O-],1.1228530406951904,1.1152000427246094
C=CC[n+]1ccn(C=C)c1.N#C[N-]C#N,1.1806633472442627,1.190000057220459
CCCCCCCCCCCC[P+](CCCC)(CCCC)CCCC.O=S(=O)([N-]S(=O)(=O)C(F)(F)F)C(F)(F)F,1.1175843477249146,1.1299999952316284
CCCC[n+]1ccn(C)c1.CCCCCCOC(=O)CC(C(=O)OCCCCCC)C(C(=O)OCCCCCC)S(=O)(=O)[O-],1.0785753726959229,1.0789999961853027
CCCCn1cc[n+](C)c1.O=c1[n-]cnc2nc[nH]c12,1.2121059894561768,1.207900047302246
CCCCCCn1cc[n+](C)c1.CC1=CC(=O)[N-]S(=O)(=O)O1,1.1785402297973633,1.1959999799728394
CCCCCCCC[NH+](CCCCCCCC)CCCCCCCC.O=C([O-])c1ccccc1C(=O)O,1.0146437883377075,0.9699000120162964
CCCc1cccc[n+]1CC.O=S(=O)([N-]S(=O)(=O)C(F)(F)F)C(F)(F)F,1.406776785850525,1.4471999406814575
CC[N+]1(C)CCCCC1.CCO[PH](=O)[O-],1.1294372081756592,1.094099998474121
COC[N+]1(C)CCCC1.O=S(=O)(F)[N-]S(=O)(=O)F,1.3550922870635986,1.4047499895095825
CCC[N+](C)(C)CCOCCN(C)C.O=S(=O)([N-]S(=O)(=O)C(F)(F)F)C(F)(F)F,1.3570899963378906,1.3414000272750854
CCCC[n+]1ccn(CCC#N)c1.O=S(=O)([O-])C(F)(F)F,1.3045910596847534,1.3323999643325806
CCCC[n+]1ccn(C)c1.O=S(=O)([C-](S(=O)(=O)C(F)(F)F)S(=O)(=O)C(F)(F)F)C(F)(F)F,1.5233525037765503,1.559999942779541
CCCC[n+]1ccc(C)cc1.N#C[S-],1.0835130214691162,1.061269998550415
CCCCC[N+]1(C)CCCC1.O=S(=O)([N-]S(=O)(=O)C(F)(F)F)C(F)(F)F,1.3151516914367676,1.3599200248718262
CCCCCCCC[N+]1(C)CCOCC1.N#C[N-]C#N,1.0573313236236572,1.0347000360488892
CCCCCCCC[N+]1(C)CCOCC1.CC(=O)NC(C)C(=O)[O-],1.0758540630340576,1.059999942779541
Cn1cc[n+](Cc2ccccc2)c1.C=CC(=O)NC(C)(C)CS(=O)(=O)[O-],1.1561455726623535,1.1480000019073486
Cn1cc[n+](CC(Br)CN=[N+]=[N-])c1.N#C[N-]C#N,1.2764030694961548,1.2799999713897705
CCCCCCCCCCn1cc[n+](CCCCCCCCCC)c1.O=S(=O)([N-]S(=O)(=O)C(F)(F)F)C(F)(F)F,1.1562570333480835,1.1521999835968018
CCCCCCN(CCCCCC)C(N(C)C)=[N+](CCCCCC)CCCCCC.[Cl-],0.94807368516922,0.9430000185966492
CCCCCCCC[n+]1ccn(C)c1.O=S(=O)([O-])C(F)(F)C(F)F,1.237528681755066,1.2330000400543213
CCn1cc[nH+]c1.CC(=O)[O-],1.1143780946731567,1.0341999530792236
CCCCCC[N+]1(C)CCCCC1.CCCCCCO[PH](=O)[O-],1.0392167568206787,1.013100028038025
CCCC[P+](CCCC)(CCCC)CCCN.CC(C)C(N)C(=O)[O-],1.0089151859283447,0.9807000160217285
C=C[n+]1ccn(CCCC)c1.NC(Cc1c[nH]cn1)C(=O)[O-],1.3217183351516724,1.3502999544143677
CCCCn1cc[n+](C)c1C.CC(O)C(N)C(=O)[O-],1.1162078380584717,1.1231000423431396
CCCCCc1cccc[n+]1CC.O=S(=O)([N-]S(=O)(=O)C(F)(F)F)C(F)(F)F,1.344576120376587,1.3710999488830566
CCCC[N+](CCO)(CCO)CCO.O=S(=O)([N-]S(=O)(=O)C(F)(F)F)C(F)(F)F,1.3965576887130737,1.4570250511169434
CCCCCCOCn1cc[n+](COCCCCCC)c1.O=S(=O)([N-]S(=O)(=O)C(F)(F)F)C(F)(F)F,1.239806056022644,1.2548999786376953
CC[NH+]=C(N(C)C)N(C)C.O=S(=O)([N-]S(=O)(=O)C(F)(F)F)C(F)(F)F,1.3867714405059814,1.409999966621399
CCCCCCn1cc[n+](CCCCCC)c1.O=S(=O)([N-]S(=O)(=O)C(F)(F)F)C(F)(F)F,1.2370641231536865,1.2549999952316284
Cc1n(CCCC#N)cc[n+]1C.N#C[N-]C#N,1.164381980895996,1.1679999828338623
CCCC[n+]1ccccc1.O=[N+]([O-])[O-],1.1908520460128784,1.1885000467300415
