run_name,best_epoch,train_R2Score,train_R2Score_step,train_MeanSquaredError,train_MeanSquaredError_step,train_MeanAbsoluteError,train_MeanAbsoluteError_step,train_PearsonCorrCoef,train_PearsonCorrCoef_step,train_MeanAbsolutePercentageError,train_MeanAbsolutePercentageError_step,train_loss,train_loss_step,lr-AdamW,val_R2Score,val_MeanSquaredError,val_MeanAbsoluteError,val_PearsonCorrCoef,val_MeanAbsolutePercentageError,val_loss,train_R2Score_epoch,train_MeanSquaredError_epoch,train_MeanAbsoluteError_epoch,train_PearsonCorrCoef_epoch,train_MeanAbsolutePercentageError_epoch,train_loss_epoch,train_gate_0,train_gate_1,train_gate_2,train_gate_3,train_gate_4
MULTI_LAYER_EXP-MoE_4_GIN_cross-lipo_base-cross-parallel-4,191,0.8391115665435791,0.8391115665435791,0.2081834375858307,0.2081834375858307,0.36597326397895813,0.36597326397895813,0.9223147630691528,0.9223147630691528,0.9210603833198547,0.9210603833198547,0.2081834375858307,0.2081834375858307,0.0034169028513133526,0.6773603558540344,0.47965696454048157,0.5299578309059143,0.8279812932014465,0.8496370911598206,0.47965696454048157,0.8191677331924438,0.24260428547859192,0.38727688789367676,0.9301717877388,207.47438049316406,0.24260428547859192,0.7001355290412903,0.2998645007610321
MULTI_LAYER_EXP-MoE_4_GIN-lipo_base-baseline-parallel-4,186,0.8644998073577881,0.8644998073577881,0.24187473952770233,0.24187473952770233,0.40072882175445557,0.40072882175445557,0.9386554956436157,0.9386554956436157,0.35749825835227966,0.35749825835227966,0.24187473952770233,0.24187473952770233,0.0037253452464938164,0.6762738227844238,0.4829489290714264,0.5204622745513916,0.8274179697036743,0.891386866569519,0.4829489290714264,0.816753625869751,0.23475994169712067,0.3785066306591034,0.9328162670135498,254.29412841796875,0.23475994169712067,0.497397780418396,0.502602219581604
MULTI_LAYER_EXP-MoE_6_GIN_cross-lipo_base-cross-parallel-6,190,0.8646256327629089,0.8646256327629089,0.18706350028514862,0.18706350028514862,0.3374917805194855,0.3374917805194855,0.9404234886169434,0.9404234886169434,0.9805387258529663,0.9805387258529663,0.18706350028514862,0.18706350028514862,0.003479424864053726,0.673058807849884,0.49180442094802856,0.5210350155830383,0.8261569738388062,0.7798600792884827,0.49180442094802856,0.855474054813385,0.1929634064435959,0.3470439314842224,0.9490706920623779,287.6074523925781,0.1929634064435959,0.4022553861141205,0.255929172039032,0.34181541204452515
MULTI_LAYER_EXP-MoE_6_GIN-lipo_base-baseline-parallel-6,188,0.7911514639854431,0.7911514639854431,0.2642412483692169,0.2642412483692169,0.43174731731414795,0.43174731731414795,0.9277986884117126,0.9277986884117126,0.42541253566741943,0.42541253566741943,0.2642412483692169,0.2642412483692169,0.0036032856442034245,0.6667999029159546,0.49409544467926025,0.5261352062225342,0.823255181312561,0.8325715065002441,0.49409544467926025,0.8317391276359558,0.22516994178295135,0.37246963381767273,0.938647449016571,413.8422546386719,0.22516994178295135,0.2512434422969818,0.3400215208530426,0.4087351858615875
MULTI_LAYER_EXP-MoE_8_GIN_cross-lipo_base-cross-parallel-8,191,0.8293015360832214,0.8293015360832214,0.17511513829231262,0.17511513829231262,0.3289928734302521,0.3289928734302521,0.9276177883148193,0.9276177883148193,0.2192651629447937,0.2192651629447937,0.17511513829231262,0.17511513829231262,0.0034169028513133526,0.694625735282898,0.4505767524242401,0.5106610059738159,0.8379257917404175,0.8648905158042908,0.4505767524242401,0.8579001426696777,0.18720149993896484,0.337379515171051,0.9496696591377258,180.8540802001953,0.18720149993896484,0.27200183272361755,0.28112083673477173,0.23857736587524414,0.20830002427101135
MULTI_LAYER_EXP-MoE_8_GIN-lipo_base-baseline-parallel-8,120,0.891992449760437,0.891992449760437,0.1526757925748825,0.1526757925748825,0.31083646416664124,0.31083646416664124,0.9444636702537537,0.9444636702537537,0.272028386592865,0.272028386592865,0.1526757925748825,0.1526757925748825,0.0005540874553844333,0.646220326423645,0.5246098637580872,0.5303298234939575,0.8116505742073059,0.8815853595733643,0.5246098637580872,0.8584955930709839,0.18935124576091766,0.34291303157806396,0.9468192458152771,417.741455078125,0.18935124576091766,0.38217100501060486,0.16768595576286316,0.20559526979923248,0.2445477694272995
MULTI_LAYER_EXP-MoE_4_GIN_cross-freesolv_base-cross-parallel-4,185,0.7732483744621277,0.7732483744621277,2.2194342613220215,2.2194342613220215,1.3114322423934937,1.3114322423934937,0.9851700067520142,0.9851700067520142,0.5096765756607056,0.5096765756607056,2.2194342613220215,2.2194342613220215,0.001254248432815075,0.8826462030410767,1.408779501914978,0.7911197543144226,0.9441305994987488,0.6658555269241333,1.408779501914978,0.8674452304840088,1.6150901317596436,0.9741950631141663,0.9698712825775146,3631.3623046875,1.6150901317596436,0.7454679012298584,0.25453221797943115
MULTI_LAYER_EXP-MoE_4_GIN-freesolv_base-baseline-parallel-4,182,0.8922242522239685,0.8922242522239685,1.4408133029937744,1.4408133029937744,0.9077695608139038,0.9077695608139038,0.9716588258743286,0.9716588258743286,0.706439197063446,0.706439197063446,1.4408133029937744,1.4408133029937744,0.0015270134899765253,0.8536891937255859,2.2725636959075928,0.7953611612319946,0.9345404505729675,0.7239661812782288,2.2725636959075928,0.8796979784965515,1.5161234140396118,0.869188129901886,0.9697719812393188,1229.6099853515625,1.5161234140396118,0.5293613076210022,0.4706387221813202
MULTI_LAYER_EXP-MoE_6_GIN_cross-freesolv_base-cross-parallel-6,162,0.8263269662857056,0.8263269662857056,1.8617947101593018,1.8617947101593018,1.0500444173812866,1.0500444173812866,0.9617056250572205,0.9617056250572205,10851.955078125,10851.955078125,1.8617947101593018,1.8617947101593018,0.0037526011001318693,0.8934317231178284,1.26839017868042,0.7469629645347595,0.9482924342155457,0.657119870185852,1.26839017868042,0.8636005520820618,1.7616673707962036,0.9947028756141663,0.9673742651939392,4124.822265625,1.7616673707962036,0.166698157787323,0.3418821692466736,0.4914196729660034
MULTI_LAYER_EXP-MoE_6_GIN-freesolv_base-baseline-parallel-6,187,0.7979730367660522,0.7979730367660522,4.237105369567871,4.237105369567871,1.6273174285888672,1.6273174285888672,0.9745529890060425,0.9745529890060425,0.3388833701610565,0.3388833701610565,4.237105369567871,4.237105369567871,0.0010848725214600563,0.8554332256317139,2.1797728538513184,0.7803834676742554,0.9326218962669373,0.6967133283615112,2.1797728538513184,0.8650556206703186,1.8701879978179932,0.9836834073066711,0.9588185548782349,4653.74267578125,1.8701879978179932,0.37235480546951294,0.36511871218681335,0.2625264823436737
MULTI_LAYER_EXP-MoE_8_GIN_cross-freesolv_base-cross-parallel-8,163,0.8996597528457642,0.8996597528457642,1.8302509784698486,1.8302509784698486,1.0973689556121826,1.0973689556121826,0.9658893346786499,0.9658893346786499,0.7436856031417847,0.7436856031417847,1.8302509784698486,1.8302509784698486,0.0036311764270067215,0.8904874324798584,1.71735417842865,0.7377794981002808,0.9549515843391418,0.649834930896759,1.71735417842865,0.8529463410377502,1.9540674686431885,1.0182873010635376,0.961868941783905,8279.935546875,1.9540674686431885,0.12623141705989838,0.1631891131401062,0.6047717928886414,0.10580769926309586
MULTI_LAYER_EXP-MoE_8_GIN-freesolv_base-baseline-parallel-8,197,0.8990203142166138,0.8990203142166138,1.056067943572998,1.056067943572998,0.72491455078125,0.72491455078125,0.9645583033561707,0.9645583033561707,0.440816730260849,0.440816730260849,1.056067943572998,1.056067943572998,0.00040837761480361223,0.9182468056678772,1.3837190866470337,0.6449490785598755,0.9656838774681091,0.4341554045677185,1.3837190866470337,0.8930553197860718,1.4266844987869263,0.8637256026268005,0.9699319005012512,1345.5,1.4266844987869263,0.19240310788154602,0.28225231170654297,0.08933090418577194,0.4360136389732361
MULTI_LAYER_EXP-MoE_4_GIN_cross-esolv_base-cross-parallel-4,124,0.881422758102417,0.881422758102417,0.2707245945930481,0.2707245945930481,0.42182013392448425,0.42182013392448425,0.9597151279449463,0.9597151279449463,0.17878034710884094,0.17878034710884094,0.2707245945930481,0.2707245945930481,0.004602242261171341,0.894084095954895,0.2973589599132538,0.3892733156681061,0.947273850440979,0.24281162023544312,0.2973589599132538,0.8618147969245911,0.35390886664390564,0.4450676441192627,0.9503705501556396,0.2694459557533264,0.35390886664390564,0.5068963766098022,0.49310362339019775
MULTI_LAYER_EXP-MoE_4_GIN-esolv_base-baseline-parallel-4,138,0.6537714004516602,0.6537714004516602,0.46028104424476624,0.46028104424476624,0.5307379364967346,0.5307379364967346,0.9419341683387756,0.9419341683387756,0.21833422780036926,0.21833422780036926,0.46028104424476624,0.46028104424476624,0.0025483036879450083,0.9012838006019592,0.252034991979599,0.3396133482456207,0.9523533582687378,0.2162880301475525,0.252034991979599,0.8665748238563538,0.35025978088378906,0.430520236492157,0.9537157416343689,0.25355830788612366,0.35025978088378906,0.5297794938087463,0.4702204763889313
MULTI_LAYER_EXP-MoE_6_GIN_cross-esolv_base-cross-parallel-6,147,0.9241784811019897,0.9241784811019897,0.18986794352531433,0.18986794352531433,0.3634386658668518,0.3634386658668518,0.9617605805397034,0.9617605805397034,0.22345368564128876,0.22345368564128876,0.18986794352531433,0.18986794352531433,0.001350371865555644,0.8936033248901367,0.27625393867492676,0.35569751262664795,0.9475625157356262,0.21190157532691956,0.27625393867492676,0.8520135283470154,0.3715837001800537,0.4533911943435669,0.9610763192176819,0.32726627588272095,0.3715837001800537,0.3062591254711151,0.35364124178886414,0.3400996923446655
MULTI_LAYER_EXP-MoE_6_GIN-esolv_base-baseline-parallel-6,154,0.906651496887207,0.906651496887207,0.31486859917640686,0.31486859917640686,0.3685830235481262,0.3685830235481262,0.9632728099822998,0.9632728099822998,0.19141174852848053,0.19141174852848053,0.31486859917640686,0.31486859917640686,0.0006629197741858661,0.9041107892990112,0.24804949760437012,0.3275247812271118,0.9547375440597534,0.22453023493289948,0.24804949760437012,0.9034221172332764,0.2604374587535858,0.3790275752544403,0.9627255797386169,0.24939985573291779,0.2604374587535858,0.3795148432254791,0.4066448509693146,0.2138402909040451
MULTI_LAYER_EXP-MoE_8_GIN_cross-esolv_base-cross-parallel-8,134,0.8647956252098083,0.8647956252098083,0.3148871958255768,0.3148871958255768,0.45725396275520325,0.45725396275520325,0.9740208387374878,0.9740208387374878,0.2750471234321594,0.2750471234321594,0.3148871958255768,0.3148871958255768,0.003079898888245225,0.9083408117294312,0.24115802347660065,0.3369452953338623,0.9560609459877014,0.19354745745658875,0.24115802347660065,0.881311297416687,0.3160363435745239,0.42391011118888855,0.9576404690742493,0.2640666365623474,0.3160363435745239,0.22901400923728943,0.2997625172138214,0.2817811965942383,0.18944230675697327
MULTI_LAYER_EXP-MoE_8_GIN-esolv_base-baseline-parallel-8,144,0.9157159328460693,0.9157159328460693,0.2521197199821472,0.2521197199821472,0.37986883521080017,0.37986883521080017,0.9614177346229553,0.9614177346229553,0.15107841789722443,0.15107841789722443,0.2521197199821472,0.2521197199821472,0.0017053900519385934,0.9085339307785034,0.23446112871170044,0.3181462287902832,0.9577411413192749,0.22418558597564697,0.23446112871170044,0.8815975785255432,0.3128965198993683,0.41888871788978577,0.9626688361167908,0.2771967947483063,0.3128965198993683,0.5222739577293396,0.12129165977239609,0.19121688604354858,0.1652175337076187
MULTI_LAYER_EXP-MoE_4_GIN_cross-mp_base-cross-parallel-4,93,0.8206695318222046,0.8206695318222046,991.0615844726562,991.0615844726562,23.987346649169922,23.987346649169922,0.9111547470092773,0.9111547470092773,0.528484046459198,0.528484046459198,991.0615844726562,991.0615844726562,0.0007817954756319523,0.6799019575119019,1789.8753662109375,31.88113021850586,0.8334894776344299,58683.91015625,1789.8753662109375,0.7803863286972046,1155.66455078125,26.02506446838379,0.9083422422409058,14650.248046875,1155.66455078125,0.4882420599460602,0.5117579102516174
MULTI_LAYER_EXP-MoE_4_GIN-mp_base-baseline-parallel-4,192,0.7811629772186279,0.7811629772186279,953.7355346679688,953.7355346679688,23.121891021728516,23.121891021728516,0.9157189726829529,0.9157189726829529,92609.71875,92609.71875,953.7355346679688,953.7355346679688,0.0007410857360810041,0.7014588713645935,1618.8780517578125,31.178659439086914,0.8437491655349731,88703.8828125,1618.8780517578125,0.8270409107208252,933.0428466796875,23.18764877319336,0.9278459548950195,28508.455078125,933.0428466796875,0.520169198513031,0.4798307716846466
MULTI_LAYER_EXP-MoE_6_GIN_cross-mp_base-cross-parallel-6,176,0.8908683061599731,0.8908683061599731,559.0319213867188,559.0319213867188,19.57330322265625,19.57330322265625,0.9460306167602539,0.9460306167602539,0.43899622559547424,0.43899622559547424,559.0319213867188,559.0319213867188,0.0008616423583589494,0.7170284390449524,1575.202392578125,30.40780258178711,0.8508399128913879,51711.0703125,1575.202392578125,0.8400579690933228,846.8742065429688,22.425092697143555,0.9314583539962769,34450.92578125,846.8742065429688,0.3085407316684723,0.37085217237472534,0.32060715556144714
MULTI_LAYER_EXP-MoE_6_GIN-mp_base-baseline-parallel-6,159,0.7981722950935364,0.7981722950935364,1094.41552734375,1094.41552734375,25.367351531982422,25.367351531982422,0.9015935659408569,0.9015935659408569,0.9532003998756409,0.9532003998756409,1094.41552734375,1094.41552734375,0.0009413926163688302,0.6954184174537659,1680.1383056640625,31.684349060058594,0.8411019444465637,109265.578125,1680.1383056640625,0.8329581618309021,912.9963989257812,23.286529541015625,0.9241073131561279,12625.0400390625,912.9963989257812,0.3189443349838257,0.3835156559944153,0.2975400686264038
MULTI_LAYER_EXP-MoE_8_GIN_cross-mp_base-cross-parallel-8,96,0.8670361042022705,0.8670361042022705,884.3870239257812,884.3870239257812,23.994403839111328,23.994403839111328,0.9345325827598572,0.9345325827598572,0.5273132920265198,0.5273132920265198,884.3870239257812,884.3870239257812,0.0007338908035308123,0.7422000765800476,1438.7991943359375,28.921056747436523,0.8654372096061707,81438.96875,1438.7991943359375,0.8359929919242859,883.4140625,22.922428131103516,0.9279102683067322,7607.3837890625,883.4140625,0.2610001564025879,0.26629072427749634,0.2593788206577301,0.21333032846450806
MULTI_LAYER_EXP-MoE_8_GIN-mp_base-baseline-parallel-8,172,0.900774359703064,0.900774359703064,729.2845458984375,729.2845458984375,20.39394760131836,20.39394760131836,0.9606233239173889,0.9606233239173889,0.5551713109016418,0.5551713109016418,729.2845458984375,729.2845458984375,0.0008853698964230716,0.7228586077690125,1530.4908447265625,29.77444076538086,0.8565582633018494,38237.6640625,1530.4908447265625,0.8405914306640625,859.0643310546875,22.596242904663086,0.9339562654495239,6247.40771484375,859.0643310546875,0.2417721450328827,0.27190232276916504,0.24799880385398865,0.23832671344280243
MULTI_LAYER_EXP-GIN-lipo_base-baseline-stacked-2,166,0.8089659810066223,0.8089659810066223,0.29624322056770325,0.29624322056770325,0.43064212799072266,0.43064212799072266,0.9114382266998291,0.9114382266998291,0.29715415835380554,0.29715415835380554,0.29624322056770325,0.29624322056770325,0.004791142884641886,0.6321629881858826,0.5502365231513977,0.557896077632904,0.799804151058197,0.8228921294212341,0.5502365231513977,0.7437910437583923,0.3308022618293762,0.45325127243995667,0.8934255242347717,421.37628173828125,0.3308022618293762,0.0
MULTI_LAYER_EXP-GIN-lipo_base-cross-stacked-2,195,0.8420991897583008,0.8420991897583008,0.1785597950220108,0.1785597950220108,0.3243308365345001,0.3243308365345001,0.933146595954895,0.933146595954895,0.2597633898258209,0.2597633898258209,0.1785597950220108,0.1785597950220108,0.003163666697219014,0.6577889323234558,0.507569432258606,0.5403949618339539,0.8207630515098572,0.8534460663795471,0.507569432258606,0.7842006683349609,0.2794610261917114,0.4195094406604767,0.9146525263786316,526.2772827148438,0.2794610261917114,0.0
MULTI_LAYER_EXP-GIN-lipo_base-baseline-stacked-4,199,0.8998889327049255,0.8998889327049255,0.16660122573375702,0.16660122573375702,0.31874993443489075,0.31874993443489075,0.9523516893386841,0.9523516893386841,0.2695939838886261,0.2695939838886261,0.16660122573375702,0.16660122573375702,0.0029070500750094652,0.6117298007011414,0.5746465921401978,0.5638594627380371,0.792990505695343,0.9738204479217529,0.5746465921401978,0.8464754223823547,0.19497859477996826,0.3428681790828705,0.94588303565979,134.90794372558594,0.19497859477996826,0.0
MULTI_LAYER_EXP-GIN-lipo_base-cross-stacked-4,194,0.926175594329834,0.926175594329834,0.13932488858699799,0.13932488858699799,0.3021353781223297,0.3021353781223297,0.9694520831108093,0.9694520831108093,0.20584048330783844,0.20584048330783844,0.13932488858699799,0.13932488858699799,0.00322737917304039,0.6427455544471741,0.5259498357772827,0.5466576814651489,0.8115152716636658,0.7032382488250732,0.5259498357772827,0.849188506603241,0.19582296907901764,0.34817615151405334,0.9459244608879089,218.343994140625,0.19582296907901764,0.0
MULTI_LAYER_EXP-GIN-lipo_base-baseline-stacked-6,194,0.8165792226791382,0.8165792226791382,0.23711009323596954,0.23711009323596954,0.4132969081401825,0.4132969081401825,0.9548326730728149,0.9548326730728149,1.5923519134521484,1.5923519134521484,0.23711009323596954,0.23711009323596954,0.00322737917304039,0.6378684639930725,0.5449444055557251,0.5544040203094482,0.8083691596984863,0.9455689787864685,0.5449444055557251,0.858995795249939,0.18586379289627075,0.33660534024238586,0.949374794960022,244.08840942382812,0.18586379289627075,0.0
MULTI_LAYER_EXP-GIN-lipo_base-cross-stacked-6,198,0.8843689560890198,0.8843689560890198,0.18247313797473907,0.18247313797473907,0.32875558733940125,0.32875558733940125,0.9490228891372681,0.9490228891372681,0.46767255663871765,0.46767255663871765,0.18247313797473907,0.18247313797473907,0.002971399575471878,0.6461544036865234,0.5314153432846069,0.5423794388771057,0.8096234798431396,0.8489398956298828,0.5314153432846069,0.8610034584999084,0.1848476231098175,0.33554404973983765,0.9488389492034912,328.8211669921875,0.1848476231098175,0.0
MULTI_LAYER_EXP-GIN-lipo_base-baseline-stacked-8,181,0.8889294266700745,0.8889294266700745,0.1674649715423584,0.1674649715423584,0.3348104655742645,0.3348104655742645,0.9536744952201843,0.9536744952201843,0.2057945728302002,0.2057945728302002,0.1674649715423584,0.1674649715423584,0.004020882770419121,0.6463308930397034,0.5307321548461914,0.5501448512077332,0.8103446364402771,0.950145959854126,0.5307321548461914,0.8483558297157288,0.2003338634967804,0.35228824615478516,0.9431418776512146,274.5113220214844,0.2003338634967804,0.0
MULTI_LAYER_EXP-GIN-lipo_base-cross-stacked-8,171,0.47993940114974976,0.47993940114974976,0.30919626355171204,0.30919626355171204,0.4166816473007202,0.4166816473007202,0.9264419674873352,0.9264419674873352,0.6366038918495178,0.6366038918495178,0.30919626355171204,0.30919626355171204,0.004557423759251833,0.6864251494407654,0.47049063444137573,0.5232582688331604,0.8340659141540527,0.9020936489105225,0.47049063444137573,0.82366943359375,0.22794057428836823,0.3760814368724823,0.9333495497703552,498.12445068359375,0.22794057428836823,0.0
MULTI_LAYER_EXP-GIN-freesolv_base-baseline-stacked-2,89,0.7832685708999634,0.7832685708999634,1.662973403930664,1.662973403930664,1.0784918069839478,1.0784918069839478,0.9519454836845398,0.9519454836845398,0.5008262395858765,0.5008262395858765,1.662973403930664,1.662973403930664,0.0017867819406092167,0.8681637048721313,2.01845121383667,0.7780507206916809,0.9438360929489136,0.7173174023628235,2.01845121383667,0.8620447516441345,2.0186562538146973,1.0085805654525757,0.9467434287071228,3162.026123046875,2.0186562538146973,0.0
MULTI_LAYER_EXP-GIN-freesolv_base-cross-stacked-2,126,0.793457567691803,0.793457567691803,1.738397240638733,1.738397240638733,1.0213500261306763,1.0213500261306763,0.9236470460891724,0.9236470460891724,0.8422619104385376,0.8422619104385376,1.738397240638733,1.738397240638733,0.007563399150967598,0.8829571008682251,1.4166028499603271,0.7865287661552429,0.9432421922683716,0.8040786981582642,1.4166028499603271,0.8240053057670593,2.3205246925354004,1.1180551052093506,0.9394494891166687,2099.096435546875,2.3205246925354004,0.0
MULTI_LAYER_EXP-GIN-freesolv_base-baseline-stacked-4,165,0.7879266738891602,0.7879266738891602,3.7533226013183594,3.7533226013183594,1.2676334381103516,1.2676334381103516,0.9299682378768921,0.9299682378768921,0.41676148772239685,0.41676148772239685,3.7533226013183594,3.7533226013183594,0.0033898064866662025,0.787649929523468,3.41909122467041,0.9283227920532227,0.9027686715126038,0.8462288975715637,3.41909122467041,0.872775673866272,2.093552589416504,0.919834315776825,0.9564464092254639,826.4733276367188,2.093552589416504,0.0
MULTI_LAYER_EXP-GIN-freesolv_base-cross-stacked-4,167,0.8346280455589294,0.8346280455589294,2.359626293182373,2.359626293182373,1.0029094219207764,1.0029094219207764,0.9319060444831848,0.9319060444831848,0.3542556166648865,0.3542556166648865,2.359626293182373,2.359626293182373,0.003151105483993888,0.8508670926094055,2.365535020828247,0.8058907985687256,0.9310754537582397,0.7177324295043945,2.365535020828247,0.9027663469314575,1.5279030799865723,0.8964270949363708,0.967876136302948,3894.27783203125,1.5279030799865723,0.0
MULTI_LAYER_EXP-GIN-freesolv_base-baseline-stacked-6,181,0.8897196650505066,0.8897196650505066,1.5393518209457397,1.5393518209457397,1.08115553855896,1.08115553855896,0.9707533121109009,0.9707533121109009,0.3501327633857727,0.3501327633857727,1.5393518209457397,1.5393518209457397,0.0016226087464019656,0.8069259524345398,2.980536460876465,0.9438474178314209,0.9081725478172302,0.7014967799186707,2.980536460876465,0.83420330286026,1.9527127742767334,0.9442484974861145,0.9682177305221558,1234.4901123046875,1.9527127742767334,0.0
MULTI_LAYER_EXP-GIN-freesolv_base-cross-stacked-6,169,0.9293378591537476,0.9293378591537476,1.2761213779449463,1.2761213779449463,0.8270686864852905,0.8270686864852905,0.9729399085044861,0.9729399085044861,0.308439165353775,0.308439165353775,1.2761213779449463,1.2761213779449463,0.002915901830419898,0.869318962097168,1.7311594486236572,0.7946979999542236,0.9399967193603516,0.6643308997154236,1.7311594486236572,0.870568573474884,2.004098653793335,0.9563936591148376,0.9567890167236328,1930.830322265625,2.004098653793335,0.0
MULTI_LAYER_EXP-GIN-freesolv_base-baseline-stacked-8,153,0.9308309555053711,0.9308309555053711,1.0738475322723389,1.0738475322723389,0.7759395241737366,0.7759395241737366,0.9672974348068237,0.9672974348068237,0.6996487379074097,0.6996487379074097,1.0738475322723389,1.0738475322723389,0.0048486003652215,0.7946344017982483,2.9423458576202393,0.9752752780914307,0.9074743986129761,0.675593376159668,2.9423458576202393,0.837213397026062,2.1718664169311523,1.065419316291809,0.9482496380805969,634.09765625,2.1718664169311523,0.0
MULTI_LAYER_EXP-GIN-freesolv_base-cross-stacked-8,150,0.6180964708328247,0.6180964708328247,11.48186206817627,11.48186206817627,2.3492136001586914,2.3492136001586914,0.9491448998451233,0.9491448998451233,45116.9375,45116.9375,11.48186206817627,11.48186206817627,0.0052069686353206635,0.8124460577964783,2.7570719718933105,0.9280351996421814,0.9164659380912781,0.7565187811851501,2.7570719718933105,0.8048975467681885,2.7154619693756104,1.1599156856536865,0.9411086440086365,6472.0166015625,2.7154619693756104,0.0
MULTI_LAYER_EXP-GIN-esolv_base-baseline-stacked-2,79,0.8349209427833557,0.8349209427833557,0.3407436013221741,0.3407436013221741,0.45431482791900635,0.45431482791900635,0.93846595287323,0.93846595287323,0.23112823069095612,0.23112823069095612,0.3407436013221741,0.3407436013221741,0.00029704163898713887,0.9039023518562317,0.24884159862995148,0.3535715639591217,0.954868495464325,0.2170441448688507,0.24884159862995148,0.8592421412467957,0.37187516689300537,0.4554785192012787,0.9389951825141907,0.3702949583530426,0.37187516689300537,0.0
MULTI_LAYER_EXP-GIN-esolv_base-cross-stacked-2,160,0.5720241665840149,0.5720241665840149,0.6371819972991943,0.6371819972991943,0.6111856698989868,0.6111856698989868,0.9498069286346436,0.9498069286346436,0.27365967631340027,0.27365967631340027,0.6371819972991943,0.6371819972991943,0.0002574002428445965,0.9002886414527893,0.27017325162887573,0.3706761300563812,0.9532083868980408,0.24593670666217804,0.27017325162887573,0.890437126159668,0.29169708490371704,0.3936900198459625,0.9561187028884888,0.28550153970718384,0.29169708490371704,0.0
MULTI_LAYER_EXP-GIN-esolv_base-baseline-stacked-4,130,0.9118221402168274,0.9118221402168274,0.22848454117774963,0.22848454117774963,0.37692779302597046,0.37692779302597046,0.962324857711792,0.962324857711792,0.25907042622566223,0.25907042622566223,0.22848454117774963,0.22848454117774963,0.0036823670379817486,0.8683443069458008,0.34388861060142517,0.4191766083240509,0.9345598220825195,0.2975206971168518,0.34388861060142517,0.8701137900352478,0.3357142210006714,0.452426016330719,0.9608500003814697,0.32851383090019226,0.3357142210006714,0.0
MULTI_LAYER_EXP-GIN-esolv_base-cross-stacked-4,191,0.8299635648727417,0.8299635648727417,0.41885629296302795,0.41885629296302795,0.4335535168647766,0.4335535168647766,0.937740683555603,0.937740683555603,0.2976594865322113,0.2976594865322113,0.41885629296302795,0.41885629296302795,0.00803050771355629,0.9056074619293213,0.24052704870700836,0.3522815406322479,0.9540877342224121,0.2173503190279007,0.24052704870700836,0.8326584696769714,0.41624775528907776,0.47336915135383606,0.9423004388809204,0.2890814542770386,0.41624775528907776,0.0
MULTI_LAYER_EXP-GIN-esolv_base-baseline-stacked-6,198,0.8352386951446533,0.8352386951446533,0.33343905210494995,0.33343905210494995,0.4189196825027466,0.4189196825027466,0.948336660861969,0.948336660861969,0.18158166110515594,0.18158166110515594,0.33343905210494995,0.33343905210494995,0.007790977135300636,0.8703314661979675,0.3388199806213379,0.40497830510139465,0.936235785484314,0.2589239776134491,0.3388199806213379,0.8759461641311646,0.33262282609939575,0.4346717298030853,0.9534731507301331,0.3086407780647278,0.33262282609939575,0.0
MULTI_LAYER_EXP-GIN-esolv_base-cross-stacked-6,79,0.862214982509613,0.862214982509613,0.4845563769340515,0.4845563769340515,0.5125711560249329,0.5125711560249329,0.9420155882835388,0.9420155882835388,0.38428303599357605,0.38428303599357605,0.4845563769340515,0.4845563769340515,0.00029704163898713887,0.8726977705955505,0.32461801171302795,0.3948463499546051,0.939182698726654,0.2049383968114853,0.32461801171302795,0.8666704893112183,0.36118844151496887,0.4445269703865051,0.9424503445625305,0.30643773078918457,0.36118844151496887,0.0
MULTI_LAYER_EXP-GIN-esolv_base-baseline-stacked-8,197,0.9134252071380615,0.9134252071380615,0.2578645944595337,0.2578645944595337,0.37988775968551636,0.37988775968551636,0.9611219167709351,0.9611219167709351,0.1820560097694397,0.1820560097694397,0.2578645944595337,0.2578645944595337,0.007828962057828903,0.8812418580055237,0.3127535581588745,0.4120672941207886,0.9394002556800842,0.24278496205806732,0.3127535581588745,0.8800234198570251,0.3200550973415375,0.4339164197444916,0.9511880874633789,0.3133464455604553,0.3200550973415375,0.0
MULTI_LAYER_EXP-GIN-esolv_base-cross-stacked-8,135,0.9164988398551941,0.9164988398551941,0.2524312436580658,0.2524312436580658,0.36035025119781494,0.36035025119781494,0.9610351920127869,0.9610351920127869,0.16477340459823608,0.16477340459823608,0.2524312436580658,0.2524312436580658,0.0029325128998607397,0.8926545977592468,0.26548588275909424,0.3640531003475189,0.9485231041908264,0.2584652304649353,0.26548588275909424,0.8866986632347107,0.30466175079345703,0.4125632643699646,0.9539831280708313,0.2831733226776123,0.30466175079345703,0.0
MULTI_LAYER_EXP-GIN-mp_base-baseline-stacked-2,182,0.7402133941650391,0.7402133941650391,1247.461669921875,1247.461669921875,27.921751022338867,27.921751022338867,0.8775354027748108,0.8775354027748108,0.8420038223266602,0.8420038223266602,1247.461669921875,1247.461669921875,0.0008209188235923648,0.668073832988739,1829.10302734375,33.2042350769043,0.8210322856903076,28990.310546875,1829.10302734375,0.7881486415863037,1145.177734375,26.57541847229004,0.900422215461731,16504.892578125,1145.177734375,0.0
MULTI_LAYER_EXP-GIN-mp_base-cross-stacked-2,182,0.6039280891418457,0.6039280891418457,1634.27294921875,1634.27294921875,33.364295959472656,33.364295959472656,0.901633620262146,0.901633620262146,0.42760688066482544,0.42760688066482544,1634.27294921875,1634.27294921875,0.0008209188235923648,0.6891829371452332,1719.1900634765625,32.172447204589844,0.8366584181785583,52165.16015625,1719.1900634765625,0.7773390412330627,1187.161376953125,26.717586517333984,0.8978728652000427,31550.6640625,1187.161376953125,0.0
MULTI_LAYER_EXP-GIN-mp_base-baseline-stacked-4,177,0.844451904296875,0.844451904296875,720.9553833007812,720.9553833007812,20.224821090698242,20.224821090698242,0.9282349944114685,0.9282349944114685,0.6356523633003235,0.6356523633003235,720.9553833007812,720.9553833007812,0.000855270482134074,0.6547686457633972,1888.8125,32.610076904296875,0.8153362274169922,96197.796875,1888.8125,0.8247385025024414,933.7567138671875,23.879064559936523,0.9257659316062927,19268.79296875,933.7567138671875,0.0
MULTI_LAYER_EXP-GIN-mp_base-cross-stacked-4,104,0.8566393852233887,0.8566393852233887,820.580078125,820.580078125,23.338987350463867,23.338987350463867,0.9258334040641785,0.9258334040641785,0.6507448554039001,0.6507448554039001,820.580078125,820.580078125,0.0005824390100315213,0.6608186364173889,1870.190673828125,33.3256721496582,0.8188101053237915,88625.4453125,1870.190673828125,0.788624107837677,1134.675537109375,26.165006637573242,0.9055087566375732,11295.544921875,1134.675537109375,0.0
MULTI_LAYER_EXP-GIN-mp_base-baseline-stacked-6,179,0.9108360409736633,0.9108360409736633,510.16326904296875,510.16326904296875,18.40863037109375,18.40863037109375,0.9551023244857788,0.9551023244857788,0.5458803772926331,0.5458803772926331,510.16326904296875,510.16326904296875,0.0008420189842581749,0.6636487245559692,1815.8250732421875,32.465736389160156,0.8189035058021545,72710.8828125,1815.8250732421875,0.8356375098228455,878.8356323242188,23.15271759033203,0.9320574998855591,32756.29296875,878.8356323242188,0.0
MULTI_LAYER_EXP-GIN-mp_base-cross-stacked-6,198,0.8686367273330688,0.8686367273330688,794.71875,794.71875,21.43158531188965,21.43158531188965,0.9450003504753113,0.9450003504753113,0.48895370960235596,0.48895370960235596,794.71875,794.71875,0.0006873037782497704,0.6336173415184021,2019.9254150390625,33.32948303222656,0.8047724366188049,57219.16015625,2019.9254150390625,0.8476967811584473,806.6652221679688,22.00295639038086,0.936335563659668,26796.591796875,806.6652221679688,0.0
MULTI_LAYER_EXP-GIN-mp_base-baseline-stacked-8,184,0.8924714922904968,0.8924714922904968,554.2391357421875,554.2391357421875,18.367990493774414,18.367990493774414,0.9483013153076172,0.9483013153076172,0.42315149307250977,0.42315149307250977,554.2391357421875,554.2391357421875,0.0008060745894908905,0.6424487829208374,1938.0806884765625,33.37284469604492,0.8121703863143921,93130.171875,1938.0806884765625,0.8521526455879211,786.9930419921875,21.793376922607422,0.9395785927772522,19290.1640625,786.9930419921875,0.0
MULTI_LAYER_EXP-GIN-mp_base-cross-stacked-8,194,0.8680928945541382,0.8680928945541382,752.152099609375,752.152099609375,19.414222717285156,19.414222717285156,0.9404566884040833,0.9404566884040833,0.4184063673019409,0.4184063673019409,752.152099609375,752.152099609375,0.0007235854282043874,0.6751101613044739,1769.0972900390625,31.720983505249023,0.8264888525009155,90751.5078125,1769.0972900390625,0.8542786836624146,786.9385375976562,21.61983871459961,0.9404067993164062,24655.900390625,786.9385375976562,0.0
