run_name,best_epoch,train_BinaryAUROC,train_BinaryAUROC_step,train_loss,train_loss_step,lr-AdamW,val_BinaryAUROC,val_loss,train_BinaryAUROC_epoch,train_loss_epoch,train_gate_0
bace_base_BASELINE_EXP-GIN-bace_base-2layer_fold,45,0.9790209531784058,0.9790209531784058,0.2530290186405182,0.2530290186405182,0.00024124210176523775,0.9002597961425781,0.400790810585022,0.9607909321784973,0.2990790009498596,0.0
bace_base_BASELINE_EXP-GIN-bace_base-2layer_fold,62,0.984375,0.984375,0.2065643072128296,0.2065643072128296,0.0021239053457975388,0.901010648727417,0.37732064723968506,0.9341809153556824,0.34259676933288574,0.0
bace_base_BASELINE_EXP-GIN-bace_base-2layer_fold,83,0.9642857313156128,0.9642857313156128,0.25521406531333923,0.25521406531333923,0.0006977493758313358,0.8792024254798889,0.5640952587127686,0.9700614213943481,0.2439367175102234,0.0
bace_base_BASELINE_EXP-GIN-bace_base-2layer_fold,52,0.9703704118728638,0.9703704118728638,0.2351909875869751,0.2351909875869751,0.0024235518649220467,0.895355761051178,0.4258972704410553,0.9308323264122009,0.3559781014919281,0.0
bace_base_BASELINE_EXP-GIN-bace_base-2layer_fold,56,0.9037036299705505,0.9037036299705505,0.4329526722431183,0.4329526722431183,0.0023536444641649723,0.8874697089195251,0.45161157846450806,0.9331235885620117,0.3627881109714508,0.0
bace_base_BASELINE_EXP-GAT-bace_base-2layer_fold,59,0.8741258978843689,0.8741258978843689,0.40509018301963806,0.40509018301963806,0.002256268635392189,0.8764392137527466,0.4738147556781769,0.8711302876472473,0.46819794178009033,0.0
bace_base_BASELINE_EXP-GAT-bace_base-2layer_fold,92,0.8739495277404785,0.8739495277404785,0.5108835697174072,0.5108835697174072,0.00020264853083062917,0.8827948570251465,0.4452773332595825,0.9199283719062805,0.3782293498516083,0.0
bace_base_BASELINE_EXP-GAT-bace_base-2layer_fold,103,0.8642856478691101,0.8642856478691101,0.4370557367801666,0.4370557367801666,0.0024299907963722944,0.8392528891563416,0.5992864966392517,0.9041721820831299,0.4067503809928894,0.0
bace_base_BASELINE_EXP-GAT-bace_base-2layer_fold,107,0.6293706297874451,0.6293706297874451,0.7665689587593079,0.7665689587593079,0.002413261216133833,0.866426944732666,0.4594820439815521,0.8820657134056091,0.43653422594070435,0.0
bace_base_BASELINE_EXP-GAT-bace_base-2layer_fold,74,0.9500000476837158,0.9500000476837158,0.3104988932609558,0.3104988932609558,0.0013483475195243955,0.8668122887611389,0.4720238149166107,0.8902868628501892,0.42070257663726807,0.0
bace_base_BASELINE_EXP-GCN-bace_base-2layer_fold,34,0.804195761680603,0.804195761680603,0.7060341835021973,0.7060341835021973,0.001700574648566544,0.892741858959198,0.44873014092445374,0.9288210868835449,0.35479798913002014,0.0
bace_base_BASELINE_EXP-GCN-bace_base-2layer_fold,43,1.0,1.0,0.3082536458969116,0.3082536458969116,0.0004435247974470258,0.8949756622314453,0.42420241236686707,0.9582958817481995,0.3060395419597626,0.0
bace_base_BASELINE_EXP-GCN-bace_base-2layer_fold,21,0.8714285492897034,0.8714285492897034,0.44595256447792053,0.44595256447792053,0.00043444809853099287,0.8698636889457703,0.4848632216453552,0.9150943756103516,0.37151193618774414,0.0
bace_base_BASELINE_EXP-GCN-bace_base-2layer_fold,43,1.0,1.0,0.175651416182518,0.175651416182518,0.0004435247974470258,0.9004305601119995,0.421004980802536,0.967761218547821,0.26003146171569824,0.0
bace_base_BASELINE_EXP-GCN-bace_base-2layer_fold,37,0.9185184836387634,0.9185184836387634,0.38775262236595154,0.38775262236595154,0.0012683351524174213,0.8898387551307678,0.4547368288040161,0.9507514238357544,0.31449851393699646,0.0
bbbp_base_BASELINE_EXP-GIN-bbbp_base-2layer_fold,73,0.9657143354415894,0.9657143354415894,0.254218727350235,0.254218727350235,0.000928828027099371,0.8945030570030212,0.3827698528766632,0.9868500232696533,0.13917501270771027,0.0
bbbp_base_BASELINE_EXP-GIN-bbbp_base-2layer_fold,27,0.8589743971824646,0.8589743971824646,0.30986112356185913,0.30986112356185913,0.001549657667055726,0.898472249507904,0.34666478633880615,0.929938793182373,0.28552624583244324,0.0
bbbp_base_BASELINE_EXP-GIN-bbbp_base-2layer_fold,26,0.9541666507720947,0.9541666507720947,0.38596442341804504,0.38596442341804504,0.0015729075530543923,0.9136527180671692,0.327854722738266,0.9367210268974304,0.26661890745162964,0.0
bbbp_base_BASELINE_EXP-GIN-bbbp_base-2layer_fold,56,0.96875,0.96875,0.22949351370334625,0.22949351370334625,0.0015351384645327926,0.9527714848518372,0.30103155970573425,0.9733595252037048,0.19870871305465698,0.0
bbbp_base_BASELINE_EXP-GIN-bbbp_base-2layer_fold,65,0.9679487347602844,0.9679487347602844,0.23631112277507782,0.23631112277507782,0.0012324651470407844,0.9036169052124023,0.38713547587394714,0.9707143306732178,0.17515791952610016,0.0
bbbp_base_BASELINE_EXP-GAT-bbbp_base-2layer_fold,83,0.9218750596046448,0.9218750596046448,0.2985730469226837,0.2985730469226837,0.0004575563652906567,0.9033617377281189,0.32683008909225464,0.9658982753753662,0.21505974233150482,0.0
bbbp_base_BASELINE_EXP-GAT-bbbp_base-2layer_fold,64,0.9275361895561218,0.9275361895561218,0.3311392664909363,0.3311392664909363,0.001316969865001738,0.9236744046211243,0.28758588433265686,0.952541708946228,0.2566468119621277,0.0
bbbp_base_BASELINE_EXP-GAT-bbbp_base-2layer_fold,43,0.8208333253860474,0.8208333253860474,0.5809635519981384,0.5809635519981384,0.0002921184350270778,0.9092633128166199,0.32429036498069763,0.9379628896713257,0.2765713930130005,0.0
bbbp_base_BASELINE_EXP-GAT-bbbp_base-2layer_fold,118,1.0,1.0,0.15250584483146667,0.15250584483146667,0.0014849299332126975,0.9396279454231262,0.29507550597190857,0.959916353225708,0.22982853651046753,0.0
bbbp_base_BASELINE_EXP-GAT-bbbp_base-2layer_fold,69,0.9732142686843872,0.9732142686843872,0.1772567629814148,0.1772567629814148,0.0010505963582545519,0.9112594723701477,0.3516579568386078,0.9425728917121887,0.25228261947631836,0.0
bbbp_base_BASELINE_EXP-GCN-bbbp_base-2layer_fold,51,0.9942857623100281,0.9942857623100281,0.11164083331823349,0.11164083331823349,0.0015847192844375968,0.8786672949790955,0.3939847946166992,0.9948559403419495,0.10626156628131866,0.0
bbbp_base_BASELINE_EXP-GCN-bbbp_base-2layer_fold,27,0.9567099809646606,0.9567099809646606,0.31847503781318665,0.31847503781318665,0.001549657667055726,0.8943078517913818,0.35938015580177307,0.9516142010688782,0.25091180205345154,0.0
bbbp_base_BASELINE_EXP-GCN-bbbp_base-2layer_fold,7,0.8914285898208618,0.8914285898208618,0.3943651616573334,0.3943651616573334,0.0013327838387340307,0.8883845210075378,0.34667253494262695,0.8386516571044922,0.4278757572174072,0.0
bbbp_base_BASELINE_EXP-GCN-bbbp_base-2layer_fold,29,1.0,1.0,0.19944819808006287,0.19944819808006287,0.0014697578735649586,0.9144214987754822,0.3911726176738739,0.9532857537269592,0.23597800731658936,0.0
bbbp_base_BASELINE_EXP-GCN-bbbp_base-2layer_fold,32,0.9318181872367859,0.9318181872367859,0.35686352849006653,0.35686352849006653,0.0012292335741221905,0.9103326797485352,0.3628533184528351,0.9589642286300659,0.2175409495830536,0.0
tox_base_BASELINE_EXP-GIN-tox_base-2layer_fold,43,0.9050847291946411,0.9050847291946411,0.2095903754234314,0.2095903754234314,0.0030944684986025095,0.9159483313560486,0.17613205313682556,0.9642922282218933,0.12843187153339386,0.0
tox_base_BASELINE_EXP-GIN-tox_base-2layer_fold,39,0.9836065769195557,0.9836065769195557,0.10495627671480179,0.10495627671480179,0.003431128803640604,0.9280605316162109,0.18502864241600037,0.8874644637107849,0.15029996633529663,0.0
tox_base_BASELINE_EXP-GIN-tox_base-2layer_fold,23,0.9344262480735779,0.9344262480735779,0.10148360580205917,0.10148360580205917,0.0025745402090251446,0.8376284241676331,0.2983790934085846,0.9412974119186401,0.15141674876213074,0.0
tox_base_BASELINE_EXP-GIN-tox_base-2layer_fold,35,0.9511494636535645,0.9511494636535645,0.16140328347682953,0.16140328347682953,0.003580421209335327,0.9065183401107788,0.18719059228897095,0.923905074596405,0.10119345784187317,0.0
tox_base_BASELINE_EXP-GIN-tox_base-2layer_fold,35,0.9833333492279053,0.9833333492279053,0.12009167671203613,0.12009167671203613,0.003580421209335327,0.9643057584762573,0.12609486281871796,0.9785234928131104,0.11301872134208679,0.0
tox_base_BASELINE_EXP-GAT-tox_base-2layer_fold,39,0.8338983058929443,0.8338983058929443,0.21801555156707764,0.21801555156707764,0.003431128803640604,0.9366738796234131,0.1789705455303192,0.9203071594238281,0.17603442072868347,0.0
tox_base_BASELINE_EXP-GAT-tox_base-2layer_fold,72,0.9958332777023315,0.9958332777023315,0.0548771508038044,0.0548771508038044,0.0035745527129620314,0.9606949687004089,0.19496217370033264,0.9613489508628845,0.11971107870340347,0.0
tox_base_BASELINE_EXP-GAT-tox_base-2layer_fold,18,0.8145160675048828,0.8145160675048828,0.15991657972335815,0.15991657972335815,0.003531435038894415,0.8644001483917236,0.27521398663520813,0.8758490085601807,0.19626277685165405,0.0
tox_base_BASELINE_EXP-GAT-tox_base-2layer_fold,100,0.9830508232116699,0.9830508232116699,0.08078336715698242,0.08078336715698242,0.0022546513937413692,0.9485212564468384,0.12277022004127502,0.9852749705314636,0.08444526791572571,0.0
tox_base_BASELINE_EXP-GAT-tox_base-2layer_fold,43,0.9624999165534973,0.9624999165534973,0.1198139414191246,0.1198139414191246,0.0030944684986025095,0.9461756944656372,0.11841969192028046,0.9188105463981628,0.17003732919692993,0.0
tox_base_BASELINE_EXP-GCN-tox_base-2layer_fold,21,0.936535120010376,0.936535120010376,0.2832026779651642,0.2832026779651642,0.0031299712136387825,0.904166579246521,0.20095595717430115,0.8889392018318176,0.16148459911346436,0.0
tox_base_BASELINE_EXP-GCN-tox_base-2layer_fold,23,0.9525424242019653,0.9525424242019653,0.11167441308498383,0.11167441308498383,0.0025745402090251446,0.9230034351348877,0.17036253213882446,0.9389752149581909,0.1641024947166443,0.0
tox_base_BASELINE_EXP-GCN-tox_base-2layer_fold,46,0.9791666269302368,0.9791666269302368,0.0936894491314888,0.0936894491314888,0.002757950918748975,0.8925735950469971,0.3112051486968994,0.9344340562820435,0.08012588322162628,0.0
tox_base_BASELINE_EXP-GCN-tox_base-2layer_fold,23,0.977011501789093,0.977011501789093,0.11932963877916336,0.11932963877916336,0.0025745402090251446,0.8856915235519409,0.19193288683891296,0.9255255460739136,0.16532765328884125,0.0
tox_base_BASELINE_EXP-GCN-tox_base-2layer_fold,22,0.9195402264595032,0.9195402264595032,0.1756802797317505,0.1756802797317505,0.0028729611076414585,0.9567826986312866,0.10957985371351242,0.8678350448608398,0.1929733157157898,0.0
tox_base_BASELINE_CROSS_EXP-GIN-tox_base-2layer_fold,46,0.9796611070632935,0.9796611070632935,0.11310609430074692,0.11310609430074692,0.002757950918748975,0.9144396781921387,0.16851027309894562,0.8925263285636902,0.15324610471725464,0.0
tox_base_BASELINE_CROSS_EXP-GIN-tox_base-2layer_fold,39,0.9838709831237793,0.9838709831237793,0.15087385475635529,0.15087385475635529,0.003431128803640604,0.9250815510749817,0.17431430518627167,0.9190645217895508,0.1592201590538025,0.0
tox_base_BASELINE_CROSS_EXP-GIN-tox_base-2layer_fold,23,0.9473684430122375,0.9473684430122375,0.17508776485919952,0.17508776485919952,0.0025745402090251446,0.8569833040237427,0.2946421205997467,0.8996638059616089,0.1772691309452057,0.0
tox_base_BASELINE_CROSS_EXP-GIN-tox_base-2layer_fold,39,0.9958332777023315,0.9958332777023315,0.06385459750890732,0.06385459750890732,0.003431128803640604,0.9179108142852783,0.1625211536884308,0.941664457321167,0.15813183784484863,0.0
tox_base_BASELINE_CROSS_EXP-GIN-tox_base-2layer_fold,40,0.9333332777023315,0.9333332777023315,0.15133056044578552,0.15133056044578552,0.0033940509893000126,0.9583811163902283,0.12555405497550964,0.8977101445198059,0.19954460859298706,0.0
bace_base_BASELINE_CROSS_EXP-GIN-bace_base-2layer_fold,57,0.951388955116272,0.951388955116272,0.3478943407535553,0.3478943407535553,0.0023253022227436304,0.8935116529464722,0.4196908473968506,0.9161295294761658,0.37710466980934143,0.0
bace_base_BASELINE_CROSS_EXP-GIN-bace_base-2layer_fold,87,0.9407407641410828,0.9407407641410828,0.3876992166042328,0.3876992166042328,0.00044809127575717866,0.9099332094192505,0.43118399381637573,0.9706292748451233,0.25304195284843445,0.0
bace_base_BASELINE_CROSS_EXP-GIN-bace_base-2layer_fold,79,0.9720279574394226,0.9720279574394226,0.23865669965744019,0.23865669965744019,0.0009787577437236905,0.893184859752655,0.5394559502601624,0.9629120826721191,0.2642093300819397,0.0
bace_base_BASELINE_CROSS_EXP-GIN-bace_base-2layer_fold,61,0.8999999761581421,0.8999999761581421,0.4153479337692261,0.4153479337692261,0.0021716607734560966,0.9058087468147278,0.38910973072052,0.9402113556861877,0.3584480285644531,0.0
bace_base_BASELINE_CROSS_EXP-GIN-bace_base-2layer_fold,74,0.9790209531784058,0.9790209531784058,0.2511136531829834,0.2511136531829834,0.0013483475195243955,0.8910000920295715,0.4907900094985962,0.9589793682098389,0.29013267159461975,0.0
bbbp_base_BASELINE_CROSS_EXP-GIN-bbbp_base-2layer_fold,27,0.9407408237457275,0.9407408237457275,0.2699970602989197,0.2699970602989197,0.001549657667055726,0.8991435170173645,0.3289702236652374,0.9236735701560974,0.30926018953323364,0.0
bbbp_base_BASELINE_CROSS_EXP-GIN-bbbp_base-2layer_fold,32,0.9142857193946838,0.9142857193946838,0.3316833972930908,0.3316833972930908,0.0012765740975737572,0.9102377891540527,0.313974529504776,0.956641435623169,0.23771768808364868,0.0
bbbp_base_BASELINE_CROSS_EXP-GIN-bbbp_base-2layer_fold,36,0.9485714435577393,0.9485714435577393,0.28936320543289185,0.28936320543289185,0.0009250124567188323,0.9040239453315735,0.31423425674438477,0.9681428670883179,0.21671709418296814,0.0
bbbp_base_BASELINE_CROSS_EXP-GIN-bbbp_base-2layer_fold,29,0.9657143354415894,0.9657143354415894,0.22431078553199768,0.22431078553199768,0.0014697578735649586,0.9384995102882385,0.28701135516166687,0.9390990734100342,0.2864972949028015,0.0
bbbp_base_BASELINE_CROSS_EXP-GIN-bbbp_base-2layer_fold,36,0.9871794581413269,0.9871794581413269,0.15743596851825714,0.15743596851825714,0.0008674629498273134,0.9031028151512146,0.36597204208374023,0.9666489958763123,0.21676920354366302,0.0
