run_name,best_epoch,train_R2Score,train_R2Score_step,train_MeanSquaredError,train_MeanSquaredError_step,train_MeanAbsoluteError,train_MeanAbsoluteError_step,train_PearsonCorrCoef,train_PearsonCorrCoef_step,train_MeanAbsolutePercentageError,train_MeanAbsolutePercentageError_step,train_loss,train_loss_step,lr-AdamW,val_R2Score,val_MeanSquaredError,val_MeanAbsoluteError,val_PearsonCorrCoef,val_MeanAbsolutePercentageError,val_loss,train_R2Score_epoch,train_MeanSquaredError_epoch,train_MeanAbsoluteError_epoch,train_PearsonCorrCoef_epoch,train_MeanAbsolutePercentageError_epoch,train_loss_epoch,train_gate_0,train_gate_1,train_gate_2,train_gate_3,train_gate_4,train_gate_5,train_gate_6,train_gate_7,train_gate_8,train_gate_9,train_gate_10,train_gate_11
lipo_base_MULTI_LAYER_EXP-MoE_4_GIN_cross-lipo_base-cross-parallel-4_fold,199,0.8086211085319519,0.8086211085319519,0.3604380786418915,0.3604380786418915,0.46751508116722107,0.46751508116722107,0.9536089301109314,0.9536089301109314,1.4153856039047241,1.4153856039047241,0.3604380786418915,0.3604380786418915,0.0029070500750094652,0.6387549638748169,0.4472501873970032,0.5013457536697388,0.8036350011825562,129.9862060546875,0.4472501873970032,0.8641874194145203,0.1903955191373825,0.34637877345085144,0.9493622183799744,478.4268493652344,0.1903955191373825,0.4135333299636841,0.5864666700363159
lipo_base_MULTI_LAYER_EXP-MoE_4_GIN_cross-lipo_base-cross-parallel-4_fold,180,0.832904040813446,0.832904040813446,0.15903685986995697,0.15903685986995697,0.33386194705963135,0.33386194705963135,0.9295348525047302,0.9295348525047302,0.23793381452560425,0.23793381452560425,0.15903685986995697,0.15903685986995697,0.004078085068613291,0.6814932227134705,0.4463444650173187,0.4924812912940979,0.8336551189422607,0.728829026222229,0.4463444650173187,0.8247866630554199,0.23845496773719788,0.3860207498073578,0.9352157115936279,171.02886962890625,0.23845496773719788,0.5764939785003662,0.42350608110427856
lipo_base_MULTI_LAYER_EXP-MoE_4_GIN_cross-lipo_base-cross-parallel-4_fold,116,0.8800417184829712,0.8800417184829712,0.2322843074798584,0.2322843074798584,0.39241382479667664,0.39241382479667664,0.9611449241638184,0.9611449241638184,1.4026331901550293,1.4026331901550293,0.2322843074798584,0.2322843074798584,0.0009005374740809202,0.640847384929657,0.47553250193595886,0.5105918049812317,0.8061923980712891,3893.8017578125,0.47553250193595886,0.8524875044822693,0.20011556148529053,0.3527009189128876,0.944505512714386,320.17138671875,0.20011556148529053,0.6165242195129395,0.38347572088241577
lipo_base_MULTI_LAYER_EXP-MoE_4_GIN_cross-lipo_base-cross-parallel-4_fold,63,0.7916964888572693,0.7916964888572693,0.3427964448928833,0.3427964448928833,0.4570559561252594,0.4570559561252594,0.8945293426513672,0.8945293426513672,0.4976474642753601,0.4976474642753601,0.3427964448928833,0.3427964448928833,0.00014531785564031452,0.6497645974159241,0.5132949948310852,0.5204231142997742,0.8157579898834229,0.624796450138092,0.5132949948310852,0.7731199264526367,0.30842557549476624,0.4385095238685608,0.8983076810836792,743.6664428710938,0.30842557549476624,0.49883875250816345,0.5011612772941589
lipo_base_MULTI_LAYER_EXP-MoE_4_GIN_cross-lipo_base-cross-parallel-4_fold,181,0.7826966643333435,0.7826966643333435,0.33137378096580505,0.33137378096580505,0.4502420425415039,0.4502420425415039,0.906179666519165,0.906179666519165,0.22828947007656097,0.22828947007656097,0.33137378096580505,0.33137378096580505,0.004020882770419121,0.6751094460487366,0.4898831248283386,0.5252671241760254,0.8261076211929321,0.8081209659576416,0.4898831248283386,0.8215522766113281,0.23688888549804688,0.38082417845726013,0.9289949536323547,749.4327392578125,0.23688888549804688,0.6744874119758606,0.325512558221817
lipo_base_MULTI_LAYER_EXP-MoE_4_GIN-lipo_base-baseline-parallel-4_fold,185,0.7613447904586792,0.7613447904586792,0.22773538529872894,0.22773538529872894,0.3738938570022583,0.3738938570022583,0.9199615120887756,0.9199615120887756,0.21033187210559845,0.21033187210559845,0.22773538529872894,0.22773538529872894,0.003785616485401988,0.6047714352607727,0.5028586387634277,0.5250703692436218,0.7927483916282654,177.45767211914062,0.5028586387634277,0.821921169757843,0.250241219997406,0.3908604085445404,0.9263249635696411,203.2744903564453,0.250241219997406,0.45164966583251953,0.5483502745628357
lipo_base_MULTI_LAYER_EXP-MoE_4_GIN-lipo_base-baseline-parallel-4_fold,184,0.8522079586982727,0.8522079586982727,0.16683803498744965,0.16683803498744965,0.34967920184135437,0.34967920184135437,0.934145987033844,0.934145987033844,0.3011595904827118,0.3011595904827118,0.16683803498744965,0.16683803498744965,0.0038453382439911366,0.6875860691070557,0.43727925419807434,0.493203341960907,0.8340028524398804,0.8122624158859253,0.43727925419807434,0.8126107454299927,0.24954263865947723,0.3908480107784271,0.9306050539016724,191.79571533203125,0.24954263865947723,0.39263594150543213,0.6073641180992126
lipo_base_MULTI_LAYER_EXP-MoE_4_GIN-lipo_base-baseline-parallel-4_fold,108,0.6161953210830688,0.6161953210830688,0.3625890910625458,0.3625890910625458,0.461423397064209,0.461423397064209,0.9163625240325928,0.9163625240325928,0.7558495998382568,0.7558495998382568,0.3625890910625458,0.3625890910625458,0.001773419906385243,0.6247720122337341,0.49940696358680725,0.5252241492271423,0.7980074286460876,2148.552734375,0.49940696358680725,0.8247292041778564,0.24040399491786957,0.3848271369934082,0.927656352519989,18.828330993652344,0.24040399491786957,0.6079418063163757,0.3920581340789795
lipo_base_MULTI_LAYER_EXP-MoE_4_GIN-lipo_base-baseline-parallel-4_fold,185,0.8950661420822144,0.8950661420822144,0.14860191941261292,0.14860191941261292,0.30743157863616943,0.30743157863616943,0.9562554955482483,0.9562554955482483,1.1698589324951172,1.1698589324951172,0.14860191941261292,0.14860191941261292,0.003785616485401988,0.6514577269554138,0.5140888690948486,0.5155380368232727,0.8185713291168213,0.6288397908210754,0.5140888690948486,0.8311601281166077,0.2316550314426422,0.3750247061252594,0.9329814910888672,377.4300231933594,0.2316550314426422,0.5548344850540161,0.44516560435295105
lipo_base_MULTI_LAYER_EXP-MoE_4_GIN-lipo_base-baseline-parallel-4_fold,157,0.7461909651756287,0.7461909651756287,0.29897403717041016,0.29897403717041016,0.40972769260406494,0.40972769260406494,0.8967629075050354,0.8967629075050354,0.32848531007766724,0.32848531007766724,0.29897403717041016,0.29897403717041016,0.00514095788821578,0.657887876033783,0.5140802264213562,0.5464192032814026,0.8162041902542114,0.858817458152771,0.5140802264213562,0.7897362112998962,0.28275150060653687,0.41988012194633484,0.9081098437309265,469.1490783691406,0.28275150060653687,0.41204002499580383,0.5879600048065186
lipo_base_MULTI_LAYER_EXP-MoE_6_GIN_cross-lipo_base-cross-parallel-6_fold,189,0.8688996434211731,0.8688996434211731,0.21083448827266693,0.21083448827266693,0.37710458040237427,0.37710458040237427,0.9579569101333618,0.9579569101333618,0.3391297161579132,0.3391297161579132,0.21083448827266693,0.21083448827266693,0.0035415636375546455,0.6432017087936401,0.44702839851379395,0.49242690205574036,0.8141005039215088,294.9701843261719,0.44702839851379395,0.8440480828285217,0.21291881799697876,0.36515623331069946,0.946306586265564,268.2022399902344,0.21291881799697876,0.4296135902404785,0.34811273217201233,0.22227372229099274
lipo_base_MULTI_LAYER_EXP-MoE_6_GIN_cross-lipo_base-cross-parallel-6_fold,122,0.38792991638183594,0.38792991638183594,0.38465070724487305,0.38465070724487305,0.5172207951545715,0.5172207951545715,0.9105662703514099,0.9105662703514099,0.2787328064441681,0.2787328064441681,0.38465070724487305,0.38465070724487305,0.0004174172063358128,0.7088590860366821,0.4091585874557495,0.46096283197402954,0.8480867147445679,0.7421348690986633,0.4091585874557495,0.8421794176101685,0.21629300713539124,0.36489492654800415,0.9402706623077393,454.7532653808594,0.21629300713539124,0.26975247263908386,0.391859769821167,0.338387668132782
lipo_base_MULTI_LAYER_EXP-MoE_6_GIN_cross-lipo_base-cross-parallel-6_fold,117,0.8881738185882568,0.8881738185882568,0.14880220592021942,0.14880220592021942,0.30683577060699463,0.30683577060699463,0.9477074146270752,0.9477074146270752,0.2944053113460541,0.2944053113460541,0.14880220592021942,0.14880220592021942,0.0008054429781623185,0.6579498648643494,0.453374981880188,0.49537527561187744,0.8169893622398376,3182.552978515625,0.453374981880188,0.8539993762969971,0.204006165266037,0.3539635241031647,0.944643497467041,131.14883422851562,0.204006165266037,0.29807034134864807,0.39987316727638245,0.30205655097961426
lipo_base_MULTI_LAYER_EXP-MoE_6_GIN_cross-lipo_base-cross-parallel-6_fold,61,0.7272318601608276,0.7272318601608276,0.282932311296463,0.282932311296463,0.41365864872932434,0.41365864872932434,0.8664891719818115,0.8664891719818115,0.46755465865135193,0.46755465865135193,0.282932311296463,0.282932311296463,0.0003461238811723888,0.6933119297027588,0.4556516408920288,0.5006288886070251,0.8378574848175049,0.7163115739822388,0.4556516408920288,0.7664902806282043,0.3130188584327698,0.4423966407775879,0.898213803768158,472.32818603515625,0.3130188584327698,0.4611816704273224,0.254741370677948,0.2840769588947296
lipo_base_MULTI_LAYER_EXP-MoE_6_GIN_cross-lipo_base-cross-parallel-6_fold,188,0.8930268287658691,0.8930268287658691,0.17387057840824127,0.17387057840824127,0.32810190320014954,0.32810190320014954,0.9476576447486877,0.9476576447486877,0.2636164128780365,0.2636164128780365,0.17387057840824127,0.17387057840824127,0.0036032856442034245,0.6468623280525208,0.5204434990882874,0.5402672290802002,0.8162776827812195,0.8027346730232239,0.5204434990882874,0.8476747870445251,0.20481374859809875,0.35707226395606995,0.940065324306488,409.5475158691406,0.20481374859809875,0.1643047034740448,0.33656761050224304,0.4991278052330017
lipo_base_MULTI_LAYER_EXP-MoE_6_GIN-lipo_base-baseline-parallel-6_fold,192,0.8595986366271973,0.8595986366271973,0.15529830753803253,0.15529830753803253,0.30284497141838074,0.30284497141838074,0.9518124461174011,0.9518124461174011,0.19444771111011505,0.19444771111011505,0.15529830753803253,0.15529830753803253,0.003354031592607498,0.5954034328460693,0.49200165271759033,0.5128620862960815,0.7861514091491699,663.8923950195312,0.49200165271759033,0.8368774056434631,0.22680404782295227,0.37325307726860046,0.9422111511230469,61.1590690612793,0.22680404782295227,0.3779406249523163,0.3153845965862274,0.3066747486591339
lipo_base_MULTI_LAYER_EXP-MoE_6_GIN-lipo_base-baseline-parallel-6_fold,129,0.9032795429229736,0.9032795429229736,0.13727246224880219,0.13727246224880219,0.2906520366668701,0.2906520366668701,0.9557747840881348,0.9557747840881348,0.19001080095767975,0.19001080095767975,0.13727246224880219,0.13727246224880219,7.569956505903974e-05,0.6784687042236328,0.44155368208885193,0.48637449741363525,0.832368791103363,0.7523343563079834,0.44155368208885193,0.8700359463691711,0.18132032454013824,0.33607301115989685,0.9497398734092712,518.1826171875,0.18132032454013824,0.3428231179714203,0.3280278146266937,0.329149067401886
lipo_base_MULTI_LAYER_EXP-MoE_6_GIN-lipo_base-baseline-parallel-6_fold,118,0.9295150637626648,0.9295150637626648,0.1102958470582962,0.1102958470582962,0.25764739513397217,0.25764739513397217,0.9665517807006836,0.9665517807006836,0.19281905889511108,0.19281905889511108,0.1102958470582962,0.1102958470582962,0.0007171232136897743,0.6444175243377686,0.47397348284721375,0.5104808807373047,0.8087249994277954,2907.9228515625,0.47397348284721375,0.8547528386116028,0.1982559710741043,0.34796619415283203,0.9469483494758606,28.073471069335938,0.1982559710741043,0.18297351896762848,0.33028730750083923,0.4867391884326935
lipo_base_MULTI_LAYER_EXP-MoE_6_GIN-lipo_base-baseline-parallel-6_fold,195,0.8898698687553406,0.8898698687553406,0.1392630934715271,0.1392630934715271,0.2969413697719574,0.2969413697719574,0.9518657326698303,0.9518657326698303,0.16756920516490936,0.16756920516490936,0.1392630934715271,0.1392630934715271,0.003163666697219014,0.6988422274589539,0.448154479265213,0.4987846612930298,0.8409751653671265,0.712139368057251,0.448154479265213,0.8392317891120911,0.2126244157552719,0.3620874583721161,0.9398350119590759,264.0906066894531,0.2126244157552719,0.2731105387210846,0.24375507235527039,0.48313429951667786
lipo_base_MULTI_LAYER_EXP-MoE_6_GIN-lipo_base-baseline-parallel-6_fold,111,0.8828895688056946,0.8828895688056946,0.2279151976108551,0.2279151976108551,0.36370208859443665,0.36370208859443665,0.9537985920906067,0.9537985920906067,0.3228173553943634,0.3228173553943634,0.2279151976108551,0.2279151976108551,0.0014179321005940437,0.6818698048591614,0.4762284457683563,0.5246763825416565,0.8338154554367065,0.8027818202972412,0.4762284457683563,0.8265760540962219,0.2311558574438095,0.3764069080352783,0.9320015907287598,321.87646484375,0.2311558574438095,0.41011157631874084,0.30823951959609985,0.28164899349212646
lipo_base_MULTI_LAYER_EXP-MoE_8_GIN_cross-lipo_base-cross-parallel-8_fold,188,0.8948428630828857,0.8948428630828857,0.12406689673662186,0.12406689673662186,0.29764673113822937,0.29764673113822937,0.9517239332199097,0.9517239332199097,0.25595709681510925,0.25595709681510925,0.12406689673662186,0.12406689673662186,0.0036032856442034245,0.6141819357872009,0.48760274052619934,0.5072863101959229,0.7933380007743835,717.502197265625,0.48760274052619934,0.8722148537635803,0.18113942444324493,0.33638694882392883,0.9487755298614502,34.577396392822266,0.18113942444324493,0.27182093262672424,0.35138213634490967,0.1382676064968109,0.2385292649269104
lipo_base_MULTI_LAYER_EXP-MoE_8_GIN_cross-lipo_base-cross-parallel-8_fold,194,0.8045328855514526,0.8045328855514526,0.22389602661132812,0.22389602661132812,0.35737431049346924,0.35737431049346924,0.9266767501831055,0.9266767501831055,0.4742458462715149,0.4742458462715149,0.22389602661132812,0.22389602661132812,0.00322737917304039,0.6938371658325195,0.41764378547668457,0.48326149582862854,0.84599369764328,0.787671685218811,0.41764378547668457,0.8347371220588684,0.22222769260406494,0.3692886531352997,0.944011390209198,864.2587280273438,0.22222769260406494,0.3039633333683014,0.14875231683254242,0.2367415875196457,0.3105427920818329
lipo_base_MULTI_LAYER_EXP-MoE_8_GIN_cross-lipo_base-cross-parallel-8_fold,123,0.8693864345550537,0.8693864345550537,0.1758735626935959,0.1758735626935959,0.32996341586112976,0.32996341586112976,0.937781810760498,0.937781810760498,0.2398594468832016,0.2398594468832016,0.1758735626935959,0.1758735626935959,0.00034937396412715316,0.6272634863853455,0.48882371187210083,0.5009753704071045,0.8008564710617065,3384.22705078125,0.48882371187210083,0.8639265894889832,0.18728646636009216,0.3378027677536011,0.947766900062561,49.2374267578125,0.18728646636009216,0.24278660118579865,0.24163520336151123,0.13714851438999176,0.37842971086502075
lipo_base_MULTI_LAYER_EXP-MoE_8_GIN_cross-lipo_base-cross-parallel-8_fold,162,0.6424884796142578,0.6424884796142578,0.3826013505458832,0.3826013505458832,0.4629653990268707,0.4629653990268707,0.8720618486404419,0.8720618486404419,0.3679909408092499,0.3679909408092499,0.3826013505458832,0.3826013505458832,0.004958548583090305,0.7074751853942871,0.4259456396102905,0.4772007465362549,0.8540505766868591,0.6144217252731323,0.4259456396102905,0.8198995590209961,0.24776120483875275,0.39282962679862976,0.92098069190979,54.862098693847656,0.24776120483875275,0.46487537026405334,0.07425960153341293,0.1406390219926834,0.3202260434627533
lipo_base_MULTI_LAYER_EXP-MoE_8_GIN_cross-lipo_base-cross-parallel-8_fold,192,0.8237814903259277,0.8237814903259277,0.20120635628700256,0.20120635628700256,0.30917879939079285,0.30917879939079285,0.9311140775680542,0.9311140775680542,0.18863517045974731,0.18863517045974731,0.20120635628700256,0.20120635628700256,0.003354031592607498,0.6919749975204468,0.4615184962749481,0.5083218216896057,0.8421102166175842,0.7972051501274109,0.4615184962749481,0.8621852397918701,0.18544305860996246,0.3364827632904053,0.9469546675682068,176.33978271484375,0.18544305860996246,0.21631312370300293,0.3478309214115143,0.10422065854072571,0.3316352069377899
lipo_base_MULTI_LAYER_EXP-MoE_8_GIN-lipo_base-baseline-parallel-8_fold,197,0.9063798189163208,0.9063798189163208,0.1388414055109024,0.1388414055109024,0.2773025333881378,0.2773025333881378,0.9531363844871521,0.9531363844871521,0.21153992414474487,0.21153992414474487,0.1388414055109024,0.1388414055109024,0.00303564197383821,0.6296758055686951,0.4627395570278168,0.4970915913581848,0.8010389804840088,953.230712890625,0.4627395570278168,0.8758213520050049,0.17331624031066895,0.32652685046195984,0.9532480239868164,417.2221984863281,0.17331624031066895,0.32047131657600403,0.31846147775650024,0.24739710986614227,0.11367014050483704
lipo_base_MULTI_LAYER_EXP-MoE_8_GIN-lipo_base-baseline-parallel-8_fold,193,0.9132521152496338,0.9132521152496338,0.15571044385433197,0.15571044385433197,0.3118489384651184,0.3118489384651184,0.9596999883651733,0.9596999883651733,2.3405370712280273,2.3405370712280273,0.15571044385433197,0.15571044385433197,0.0032908457797020674,0.7036402821540833,0.41628244519233704,0.47508567571640015,0.8466459512710571,0.7987445592880249,0.41628244519233704,0.8353943824768066,0.21384479105472565,0.36126622557640076,0.9466593861579895,461.4629211425781,0.21384479105472565,0.2038436383008957,0.2485651969909668,0.283268004655838,0.2643231153488159
lipo_base_MULTI_LAYER_EXP-MoE_8_GIN-lipo_base-baseline-parallel-8_fold,117,0.8678510189056396,0.8678510189056396,0.18454328179359436,0.18454328179359436,0.3326282799243927,0.3326282799243927,0.9370736479759216,0.9370736479759216,0.24632230401039124,0.24632230401039124,0.18454328179359436,0.18454328179359436,0.0008054429781623185,0.6446179151535034,0.4693681001663208,0.5065171718597412,0.8110461831092834,2644.98974609375,0.4693681001663208,0.872590184211731,0.1778145581483841,0.3301115036010742,0.9525566101074219,80.18759155273438,0.1778145581483841,0.27171963453292847,0.31989219784736633,0.22523020207881927,0.18315792083740234
lipo_base_MULTI_LAYER_EXP-MoE_8_GIN-lipo_base-baseline-parallel-8_fold,106,0.8901376724243164,0.8901376724243164,0.1392897665500641,0.1392897665500641,0.2825624644756317,0.2825624644756317,0.951052725315094,0.951052725315094,0.2345190942287445,0.2345190942287445,0.1392897665500641,0.1392897665500641,0.002011252334341407,0.6716046333312988,0.47601649165153503,0.5060839653015137,0.827216625213623,0.6461294293403625,0.47601649165153503,0.8467683792114258,0.20781739056110382,0.3548949360847473,0.9370480179786682,542.05224609375,0.20781739056110382,0.21818506717681885,0.3232402801513672,0.24782638251781464,0.2107483148574829
lipo_base_MULTI_LAYER_EXP-MoE_8_GIN-lipo_base-baseline-parallel-8_fold,180,0.8209950923919678,0.8209950923919678,0.2938445508480072,0.2938445508480072,0.4733773469924927,0.4733773469924927,0.9320348501205444,0.9320348501205444,0.5154737830162048,0.5154737830162048,0.2938445508480072,0.2938445508480072,0.004078085068613291,0.6665387153625488,0.49628981947898865,0.5287442803382874,0.820812463760376,0.9737700819969177,0.49628981947898865,0.8413997888565063,0.21207652986049652,0.36253178119659424,0.9368094205856323,671.002197265625,0.21207652986049652,0.15310481190681458,0.20555554330348969,0.2744874656200409,0.3668522536754608
lipo_base_MULTI_LAYER_EXP-MoE_10_GIN_cross-lipo_base-cross-parallel-10_fold,195,0.833613395690918,0.833613395690918,0.2467692494392395,0.2467692494392395,0.38426363468170166,0.38426363468170166,0.9372658133506775,0.9372658133506775,8422.5908203125,8422.5908203125,0.2467692494392395,0.2467692494392395,0.003163666697219014,0.6475346684455872,0.4474954307079315,0.49127548933029175,0.8106920123100281,1098.099365234375,0.4474954307079315,0.869484543800354,0.18218225240707397,0.3349629044532776,0.9530696868896484,196.92893981933594,0.18218225240707397,0.2929815351963043,0.1650077998638153,0.1962226927280426,0.29445597529411316,0.051332008093595505
lipo_base_MULTI_LAYER_EXP-MoE_10_GIN_cross-lipo_base-cross-parallel-10_fold,182,0.7648413181304932,0.7648413181304932,0.24962353706359863,0.24962353706359863,0.4157033860683441,0.4157033860683441,0.9240238666534424,0.9240238666534424,0.36520183086395264,0.36520183086395264,0.24962353706359863,0.24962353706359863,0.003963003400713205,0.7020020484924316,0.4180169999599457,0.4819071888923645,0.8447229266166687,0.7198754549026489,0.4180169999599457,0.8314927220344543,0.22985365986824036,0.3782348930835724,0.9371516108512878,213.51116943359375,0.22985365986824036,0.3373870253562927,0.27477097511291504,0.10366985201835632,0.18378454446792603,0.100387804210186
lipo_base_MULTI_LAYER_EXP-MoE_10_GIN_cross-lipo_base-cross-parallel-10_fold,125,0.9157558679580688,0.9157558679580688,0.12016560882329941,0.12016560882329941,0.2627098858356476,0.2627098858356476,0.9647485017776489,0.9647485017776489,0.25598350167274475,0.25598350167274475,0.12016560882329941,0.12016560882329941,0.00023363223590422422,0.6637663841247559,0.4461837410926819,0.4886339604854584,0.8226202726364136,2983.50927734375,0.4461837410926819,0.8773965835571289,0.16850034892559052,0.32288700342178345,0.9572616815567017,236.27960205078125,0.16850034892559052,0.22377119958400726,0.2635602355003357,0.062411777675151825,0.18375495076179504,0.2665017247200012
lipo_base_MULTI_LAYER_EXP-MoE_10_GIN_cross-lipo_base-cross-parallel-10_fold,190,0.7155054807662964,0.7155054807662964,0.24670810997486115,0.24670810997486115,0.36535921692848206,0.36535921692848206,0.911712110042572,0.911712110042572,0.19452252984046936,0.19452252984046936,0.24670810997486115,0.24670810997486115,0.003479424864053726,0.7090641856193542,0.42970290780067444,0.4869754910469055,0.8485499620437622,0.6513141393661499,0.42970290780067444,0.8417161107063293,0.21471162140369415,0.36529672145843506,0.9402594566345215,253.98825073242188,0.21471162140369415,0.18626198172569275,0.24875545501708984,0.05842328444123268,0.44466134905815125,0.0618978813290596
lipo_base_MULTI_LAYER_EXP-MoE_10_GIN_cross-lipo_base-cross-parallel-10_fold,128,0.8563185930252075,0.8563185930252075,0.1695943921804428,0.1695943921804428,0.3406684994697571,0.3406684994697571,0.9367510676383972,0.9367510676383972,0.24531470239162445,0.24531470239162445,0.1695943921804428,0.1695943921804428,0.00010834930435521528,0.6608778834342957,0.5088191032409668,0.5336205959320068,0.8201566934585571,0.7763892412185669,0.5088191032409668,0.8618255257606506,0.18453320860862732,0.33692675828933716,0.9468877911567688,217.06613159179688,0.18453320860862732,0.30093586444854736,0.10171487182378769,0.19369098544120789,0.10231714695692062,0.3013412058353424
lipo_base_MULTI_LAYER_EXP-MoE_10_GIN-lipo_base-baseline-parallel-10_fold,178,0.8477213978767395,0.8477213978767395,0.24891215562820435,0.24891215562820435,0.4160968065261841,0.4160968065261841,0.9338881969451904,0.9338881969451904,0.5266043543815613,0.5266043543815613,0.24891215562820435,0.24891215562820435,0.004190333187580109,0.6519333720207214,0.4308145344257355,0.4869621694087982,0.8153501152992249,341.65496826171875,0.4308145344257355,0.835981547832489,0.22677060961723328,0.3719545900821686,0.9393259882926941,406.34112548828125,0.22677060961723328,0.1557822823524475,0.22428490221500397,0.20876696705818176,0.3091987669467926,0.10196705907583237
lipo_base_MULTI_LAYER_EXP-MoE_10_GIN-lipo_base-baseline-parallel-10_fold,115,0.9105401635169983,0.9105401635169983,0.12265621870756149,0.12265621870756149,0.2940758168697357,0.2940758168697357,0.9554661512374878,0.9554661512374878,0.22155284881591797,0.22155284881591797,0.12265621870756149,0.12265621870756149,0.0010025270748883486,0.6910127401351929,0.4407334327697754,0.4981321394443512,0.8376220464706421,0.759095311164856,0.4407334327697754,0.8374389410018921,0.2183188498020172,0.36777061223983765,0.939672589302063,557.7349853515625,0.2183188498020172,0.14415879547595978,0.11315034329891205,0.28405529260635376,0.2710527181625366,0.18758288025856018
lipo_base_MULTI_LAYER_EXP-MoE_10_GIN-lipo_base-baseline-parallel-10_fold,107,0.9044896364212036,0.9044896364212036,0.13466684520244598,0.13466684520244598,0.2927997410297394,0.2927997410297394,0.9532137513160706,0.9532137513160706,1006.1027221679688,1006.1027221679688,0.13466684520244598,0.13466684520244598,0.0018882113508880138,0.6527345776557922,0.4545794725418091,0.49101635813713074,0.8165217638015747,2533.09521484375,0.4545794725418091,0.8489344120025635,0.20980601012706757,0.35680416226387024,0.9403635859489441,58.84385681152344,0.20980601012706757,0.2605547308921814,0.1690269410610199,0.11930648982524872,0.24602541327476501,0.20508649945259094
lipo_base_MULTI_LAYER_EXP-MoE_10_GIN-lipo_base-baseline-parallel-10_fold,130,0.8650017976760864,0.8650017976760864,0.19139248132705688,0.19139248132705688,0.3419048488140106,0.3419048488140106,0.9376040101051331,0.9376040101051331,0.3528888523578644,0.3528888523578644,0.19139248132705688,0.19139248132705688,5.07040494994726e-05,0.6937039494514465,0.4506342113018036,0.49133798480033875,0.8381386995315552,0.6526458859443665,0.4506342113018036,0.8757450580596924,0.1653124839067459,0.3177095353603363,0.9546939730644226,335.3338317871094,0.1653124839067459,0.22075675427913666,0.17953675985336304,0.21926003694534302,0.19141510128974915,0.18903137743473053
lipo_base_MULTI_LAYER_EXP-MoE_10_GIN-lipo_base-baseline-parallel-10_fold,111,0.8472211956977844,0.8472211956977844,0.22419580817222595,0.22419580817222595,0.3728509247303009,0.3728509247303009,0.9234151244163513,0.9234151244163513,1.26260507106781,1.26260507106781,0.22419580817222595,0.22419580817222595,0.0014208893990144134,0.6740060448646545,0.4851946532726288,0.515684187412262,0.8284403681755066,0.7247351408004761,0.4851946532726288,0.8235651254653931,0.23087608814239502,0.37784647941589355,0.936600387096405,761.44482421875,0.23087608814239502,0.21454888582229614,0.13515512645244598,0.13297493755817413,0.26874062418937683,0.24858050048351288
lipo_base_MULTI_LAYER_EXP-GIN-lipo_base-baseline-stacked-4_fold,189,0.8855518102645874,0.8855518102645874,0.14181768894195557,0.14181768894195557,0.3018695116043091,0.3018695116043091,0.9566751718521118,0.9566751718521118,0.2077799290418625,0.2077799290418625,0.14181768894195557,0.14181768894195557,0.0035415636375546455,0.6206135749816895,0.4797598123550415,0.5168246030807495,0.7982326149940491,203.33346557617188,0.4797598123550415,0.8539983034133911,0.20524388551712036,0.3563680648803711,0.9428378939628601,223.79844665527344,0.20524388551712036,0.0
lipo_base_MULTI_LAYER_EXP-GIN-lipo_base-baseline-stacked-4_fold,197,0.9247206449508667,0.9247206449508667,0.09603933990001678,0.09603933990001678,0.24977007508277893,0.24977007508277893,0.9666047096252441,0.9666047096252441,0.18732953071594238,0.18732953071594238,0.09603933990001678,0.09603933990001678,0.00303564197383821,0.6356314420700073,0.5070096254348755,0.524625301361084,0.8087794780731201,0.9499546885490417,0.5070096254348755,0.8342291116714478,0.22752147912979126,0.37222808599472046,0.9376592040061951,283.8251647949219,0.22752147912979126,0.0
lipo_base_MULTI_LAYER_EXP-GIN-lipo_base-baseline-stacked-4_fold,174,0.8529656529426575,0.8529656529426575,0.2432423084974289,0.2432423084974289,0.38393914699554443,0.38393914699554443,0.9263167977333069,0.9263167977333069,0.299986332654953,0.299986332654953,0.2432423084974289,0.2432423084974289,0.004405358340591192,0.6074639558792114,0.5133207440376282,0.5295029878616333,0.7871357202529907,2942.220458984375,0.5133207440376282,0.8270415663719177,0.2382512092590332,0.3858013153076172,0.9307994246482849,209.39503479003906,0.2382512092590332,0.0
lipo_base_MULTI_LAYER_EXP-GIN-lipo_base-baseline-stacked-4_fold,174,0.867165744304657,0.867165744304657,0.15759283304214478,0.15759283304214478,0.3195323646068573,0.3195323646068573,0.9371258020401001,0.9371258020401001,0.1795000582933426,0.1795000582933426,0.15759283304214478,0.15759283304214478,0.004405358340591192,0.6810497641563416,0.4651261866092682,0.5084502100944519,0.8346768617630005,0.7132023572921753,0.4651261866092682,0.8019302487373352,0.2593937814235687,0.40187013149261475,0.9268746972084045,504.9722595214844,0.2593937814235687,0.0
lipo_base_MULTI_LAYER_EXP-GIN-lipo_base-baseline-stacked-4_fold,125,0.9404818415641785,0.9404818415641785,0.08119691908359528,0.08119691908359528,0.22972382605075836,0.22972382605075836,0.9715337753295898,0.9715337753295898,0.1854909062385559,0.1854909062385559,0.08119691908359528,0.08119691908359528,0.00023765975493006408,0.6260650753974915,0.5556512475013733,0.5530915260314941,0.8009647130966187,0.8834390640258789,0.5556512475013733,0.8718080520629883,0.17305579781532288,0.3252965807914734,0.9517156481742859,241.4149169921875,0.17305579781532288,0.0
lipo_base_MULTI_LAYER_EXP-GIN-lipo_base-cross-stacked-4_fold,188,0.8293171525001526,0.8293171525001526,0.2584790587425232,0.2584790587425232,0.4208649694919586,0.4208649694919586,0.9367979764938354,0.9367979764938354,0.4685417115688324,0.4685417115688324,0.2584790587425232,0.2584790587425232,0.0036032856442034245,0.5843459367752075,0.5221761465072632,0.5191769599914551,0.7837331891059875,136.17916870117188,0.5221761465072632,0.8384010195732117,0.22207488119602203,0.36885836720466614,0.9423479437828064,495.5144958496094,0.22207488119602203,0.0
lipo_base_MULTI_LAYER_EXP-GIN-lipo_base-cross-stacked-4_fold,189,0.8808006048202515,0.8808006048202515,0.13804340362548828,0.13804340362548828,0.27392834424972534,0.27392834424972534,0.9457080364227295,0.9457080364227295,0.16972306370735168,0.16972306370735168,0.13804340362548828,0.13804340362548828,0.0035415636375546455,0.6601552367210388,0.4763704240322113,0.5157266855239868,0.8210542798042297,0.8823830485343933,0.4763704240322113,0.8411174416542053,0.21674491465091705,0.3680228292942047,0.9415275454521179,502.7894592285156,0.21674491465091705,0.0
lipo_base_MULTI_LAYER_EXP-GIN-lipo_base-cross-stacked-4_fold,194,0.865842342376709,0.865842342376709,0.1891125738620758,0.1891125738620758,0.3355567157268524,0.3355567157268524,0.9335070252418518,0.9335070252418518,0.3282933533191681,0.3282933533191681,0.1891125738620758,0.1891125738620758,0.00322737917304039,0.5917599201202393,0.540519654750824,0.5311373472213745,0.7842264175415039,2330.38037109375,0.540519654750824,0.8330226540565491,0.21854175627231598,0.36661386489868164,0.9445024132728577,39.308387756347656,0.21854175627231598,0.0
lipo_base_MULTI_LAYER_EXP-GIN-lipo_base-cross-stacked-4_fold,178,0.8402488827705383,0.8402488827705383,0.18434949219226837,0.18434949219226837,0.35001814365386963,0.35001814365386963,0.9335788488388062,0.9335788488388062,0.29680147767066956,0.29680147767066956,0.18434949219226837,0.18434949219226837,0.004190333187580109,0.6629019379615784,0.49926161766052246,0.5184282660484314,0.8250114321708679,0.8470413088798523,0.49926161766052246,0.8347029685974121,0.22195546329021454,0.373857319355011,0.9358143210411072,240.379150390625,0.22195546329021454,0.0
lipo_base_MULTI_LAYER_EXP-GIN-lipo_base-cross-stacked-4_fold,199,0.8834720253944397,0.8834720253944397,0.20206910371780396,0.20206910371780396,0.35699984431266785,0.35699984431266785,0.9521969556808472,0.9521969556808472,0.2954985201358795,0.2954985201358795,0.20206910371780396,0.20206910371780396,0.0029070500750094652,0.6530522108078003,0.5212514996528625,0.5548561215400696,0.8140407800674438,0.8568289279937744,0.5212514996528625,0.8564429879188538,0.19170837104320526,0.34313347935676575,0.951196551322937,791.8154296875,0.19170837104320526,0.0
lipo_base_MULTI_LAYER_EXP-GIN-lipo_base-baseline-stacked-6_fold,193,0.9211777448654175,0.9211777448654175,0.1172594279050827,0.1172594279050827,0.2598990499973297,0.2598990499973297,0.9599035382270813,0.9599035382270813,0.253436803817749,0.253436803817749,0.1172594279050827,0.1172594279050827,0.0032908457797020674,0.6113585233688354,0.4840247333049774,0.5152142643928528,0.7939996123313904,351.1044006347656,0.4840247333049774,0.8617040514945984,0.1917862892150879,0.3415895998477936,0.9515876770019531,378.7351989746094,0.1917862892150879,0.0
lipo_base_MULTI_LAYER_EXP-GIN-lipo_base-baseline-stacked-6_fold,107,0.8318725228309631,0.8318725228309631,0.19469453394412994,0.19469453394412994,0.3635120093822479,0.3635120093822479,0.9344111084938049,0.9344111084938049,0.26476815342903137,0.26476815342903137,0.19469453394412994,0.19469453394412994,0.0018882113508880138,0.6574186682701111,0.4759289026260376,0.5185524821281433,0.8238423466682434,0.8187146186828613,0.4759289026260376,0.8328497409820557,0.22804628312587738,0.3767312169075012,0.933419942855835,305.8196105957031,0.22804628312587738,0.0
lipo_base_MULTI_LAYER_EXP-GIN-lipo_base-baseline-stacked-6_fold,199,0.9252792596817017,0.9252792596817017,0.08229995518922806,0.08229995518922806,0.21708141267299652,0.21708141267299652,0.9711235165596008,0.9711235165596008,0.12525679171085358,0.12525679171085358,0.08229995518922806,0.08229995518922806,0.0029070500750094652,0.6280612349510193,0.48941218852996826,0.5140348672866821,0.8033321499824524,1642.6910400390625,0.48941218852996826,0.8820651769638062,0.16070084273815155,0.31466564536094666,0.9577527046203613,69.76583099365234,0.16070084273815155,0.0
lipo_base_MULTI_LAYER_EXP-GIN-lipo_base-baseline-stacked-6_fold,60,0.8383678197860718,0.8383678197860718,0.265092670917511,0.265092670917511,0.41889163851737976,0.41889163851737976,0.9320948123931885,0.9320948123931885,0.20571164786815643,0.20571164786815643,0.265092670917511,0.265092670917511,0.0004873212310485542,0.6531779170036316,0.5054270625114441,0.5301978588104248,0.8153099417686462,0.8043555021286011,0.5054270625114441,0.7919921278953552,0.2772402763366699,0.4113333225250244,0.912868857383728,448.9765319824219,0.2772402763366699,0.0
lipo_base_MULTI_LAYER_EXP-GIN-lipo_base-baseline-stacked-6_fold,122,0.820068359375,0.820068359375,0.19850273430347443,0.19850273430347443,0.37553319334983826,0.37553319334983826,0.9442391991615295,0.9442391991615295,0.2723577916622162,0.2723577916622162,0.19850273430347443,0.19850273430347443,0.0004174172063358128,0.6514260172843933,0.5197861194610596,0.5399550795555115,0.8158659934997559,0.8123146891593933,0.5197861194610596,0.8789497017860413,0.16139230132102966,0.31310728192329407,0.9599334001541138,444.2464904785156,0.16139230132102966,0.0
lipo_base_MULTI_LAYER_EXP-GIN-lipo_base-cross-stacked-6_fold,198,0.8256505131721497,0.8256505131721497,0.19601258635520935,0.19601258635520935,0.3490612506866455,0.3490612506866455,0.9198495745658875,0.9198495745658875,0.30888476967811584,0.30888476967811584,0.19601258635520935,0.19601258635520935,0.002971399575471878,0.6025470495223999,0.4957028329372406,0.516617476940155,0.7858259677886963,153.57337951660156,0.4957028329372406,0.8640682697296143,0.19094336032867432,0.34076806902885437,0.9541612267494202,76.70085906982422,0.19094336032867432,0.0
lipo_base_MULTI_LAYER_EXP-GIN-lipo_base-cross-stacked-6_fold,184,0.8985025882720947,0.8985025882720947,0.1917518973350525,0.1917518973350525,0.34032580256462097,0.34032580256462097,0.9696778059005737,0.9696778059005737,0.39552828669548035,0.39552828669548035,0.1917518973350525,0.1917518973350525,0.0038453382439911366,0.6549329161643982,0.4919722080230713,0.5170170664787292,0.8191522359848022,0.8755589723587036,0.4919722080230713,0.8495845794677734,0.20280852913856506,0.35352620482444763,0.9436613917350769,241.43917846679688,0.20280852913856506,0.0
lipo_base_MULTI_LAYER_EXP-GIN-lipo_base-cross-stacked-6_fold,187,0.8850178122520447,0.8850178122520447,0.15081676840782166,0.15081676840782166,0.31648722290992737,0.31648722290992737,0.9444140195846558,0.9444140195846558,0.31580719351768494,0.31580719351768494,0.15081676840782166,0.15081676840782166,0.003664557356387377,0.6384345889091492,0.4876251816749573,0.5120114684104919,0.8069190979003906,3454.738037109375,0.4876251816749573,0.8588742613792419,0.1937575340270996,0.34454065561294556,0.9466234445571899,85.67001342773438,0.1937575340270996,0.0
lipo_base_MULTI_LAYER_EXP-GIN-lipo_base-cross-stacked-6_fold,181,0.8504868745803833,0.8504868745803833,0.24838919937610626,0.24838919937610626,0.3930204510688782,0.3930204510688782,0.9613585472106934,0.9613585472106934,3.4034485816955566,3.4034485816955566,0.24838919937610626,0.24838919937610626,0.004020882770419121,0.6725557446479797,0.48154282569885254,0.5189136266708374,0.8260913491249084,0.6510276198387146,0.48154282569885254,0.852792501449585,0.1945284605026245,0.34891942143440247,0.9489345550537109,488.780517578125,0.1945284605026245,0.0
lipo_base_MULTI_LAYER_EXP-GIN-lipo_base-cross-stacked-6_fold,98,0.8453984260559082,0.8453984260559082,0.1886615753173828,0.1886615753173828,0.346495121717453,0.346495121717453,0.9293330311775208,0.9293330311775208,0.23554855585098267,0.23554855585098267,0.1886615753173828,0.1886615753173828,0.0030322640668600798,0.6452493071556091,0.527780294418335,0.5581861138343811,0.8104304075241089,0.8583357930183411,0.527780294418335,0.810926079750061,0.24999749660491943,0.39329826831817627,0.9203900098800659,258.06951904296875,0.24999749660491943,0.0
lipo_base_MULTI_LAYER_EXP-GIN-lipo_base-baseline-stacked-8_fold,179,0.792466402053833,0.792466402053833,0.30697014927864075,0.30697014927864075,0.45735979080200195,0.45735979080200195,0.9266138076782227,0.9266138076782227,0.23812183737754822,0.23812183737754822,0.30697014927864075,0.30697014927864075,0.004134578630328178,0.6027509570121765,0.5007219910621643,0.5224357843399048,0.7890670895576477,228.7603302001953,0.5007219910621643,0.8424984216690063,0.2158859670162201,0.3650813102722168,0.9432560801506042,75.39961242675781,0.2158859670162201,0.0
lipo_base_MULTI_LAYER_EXP-GIN-lipo_base-baseline-stacked-8_fold,171,0.7120842337608337,0.7120842337608337,0.3360196053981781,0.3360196053981781,0.4581632614135742,0.4581632614135742,0.8988127112388611,0.8988127112388611,24524.751953125,24524.751953125,0.3360196053981781,0.3360196053981781,0.004557423759251833,0.6685471534729004,0.4666512608528137,0.5160315632820129,0.8291047215461731,0.9316098093986511,0.4666512608528137,0.8312312960624695,0.23232953250408173,0.3794977366924286,0.930121123790741,416.4016418457031,0.23232953250408173,0.0
lipo_base_MULTI_LAYER_EXP-GIN-lipo_base-baseline-stacked-8_fold,194,0.8238439559936523,0.8238439559936523,0.22946906089782715,0.22946906089782715,0.3990992605686188,0.3990992605686188,0.9320135712623596,0.9320135712623596,0.4081968367099762,0.4081968367099762,0.22946906089782715,0.22946906089782715,0.00322737917304039,0.5699858069419861,0.5678684115409851,0.5556177496910095,0.7699954509735107,2985.663818359375,0.5678684115409851,0.854234516620636,0.19705668091773987,0.34675663709640503,0.9486759305000305,105.4775161743164,0.19705668091773987,0.0
lipo_base_MULTI_LAYER_EXP-GIN-lipo_base-baseline-stacked-8_fold,189,0.9004465341567993,0.9004465341567993,0.12605057656764984,0.12605057656764984,0.3076235055923462,0.3076235055923462,0.9585364460945129,0.9585364460945129,0.20004796981811523,0.20004796981811523,0.12605057656764984,0.12605057656764984,0.0035415636375546455,0.6521062254905701,0.5092765688896179,0.5189105868339539,0.814240038394928,0.6113215088844299,0.5092765688896179,0.8458818793296814,0.19448146224021912,0.34569886326789856,0.9518100619316101,135.0592041015625,0.19448146224021912,0.0
lipo_base_MULTI_LAYER_EXP-GIN-lipo_base-baseline-stacked-8_fold,181,0.8869053721427917,0.8869053721427917,0.17791098356246948,0.17791098356246948,0.34132859110832214,0.34132859110832214,0.942624568939209,0.942624568939209,0.20291604101657867,0.20291604101657867,0.17791098356246948,0.17791098356246948,0.004020882770419121,0.6236506104469299,0.5575947165489197,0.5594804286956787,0.8032444715499878,0.794335663318634,0.5575947165489197,0.8444000482559204,0.20404355227947235,0.3525311350822449,0.9457912445068359,231.3217315673828,0.20404355227947235,0.0
lipo_base_MULTI_LAYER_EXP-GIN-lipo_base-cross-stacked-8_fold,112,0.7658833861351013,0.7658833861351013,0.27312490344047546,0.27312490344047546,0.3649750053882599,0.3649750053882599,0.9000833034515381,0.9000833034515381,0.4203285276889801,0.4203285276889801,0.27312490344047546,0.27312490344047546,0.0013071120483800769,0.6033912897109985,0.49185922741889954,0.5073583722114563,0.794541597366333,718.8312377929688,0.49185922741889954,0.851466953754425,0.21086128056049347,0.3554381728172302,0.943528413772583,298.48052978515625,0.21086128056049347,0.0
lipo_base_MULTI_LAYER_EXP-GIN-lipo_base-cross-stacked-8_fold,196,0.8851046562194824,0.8851046562194824,0.2011641561985016,0.2011641561985016,0.36175447702407837,0.36175447702407837,0.9587897658348083,0.9587897658348083,0.28829213976860046,0.28829213976860046,0.2011641561985016,0.2011641561985016,0.003099742578342557,0.6499347686767578,0.4900849163532257,0.5183504819869995,0.8190639019012451,0.7325606346130371,0.4900849163532257,0.8674439191818237,0.17710243165493011,0.3278628885746002,0.9510592222213745,468.76483154296875,0.17710243165493011,0.0
lipo_base_MULTI_LAYER_EXP-GIN-lipo_base-cross-stacked-8_fold,175,0.8996701240539551,0.8996701240539551,0.15324532985687256,0.15324532985687256,0.30000102519989014,0.30000102519989014,0.9514686465263367,0.9514686465263367,0.3123377561569214,0.3123377561569214,0.15324532985687256,0.15324532985687256,0.004352859687060118,0.6067646741867065,0.5209013819694519,0.5354949831962585,0.7853494882583618,2930.443115234375,0.5209013819694519,0.8409397602081299,0.21935932338237762,0.37129831314086914,0.9390655159950256,246.14059448242188,0.21935932338237762,0.0
lipo_base_MULTI_LAYER_EXP-GIN-lipo_base-cross-stacked-8_fold,166,0.7918434143066406,0.7918434143066406,0.2550217807292938,0.2550217807292938,0.40958717465400696,0.40958717465400696,0.9195016026496887,0.9195016026496887,0.2727234959602356,0.2727234959602356,0.2550217807292938,0.2550217807292938,0.004791142884641886,0.6852595806121826,0.45834824442863464,0.500704288482666,0.8356638550758362,0.8100191950798035,0.45834824442863464,0.8059459924697876,0.2585204839706421,0.40025803446769714,0.9233496189117432,545.7398681640625,0.2585204839706421,0.0
lipo_base_MULTI_LAYER_EXP-GIN-lipo_base-cross-stacked-8_fold,192,0.8984338641166687,0.8984338641166687,0.1876625120639801,0.1876625120639801,0.3479306399822235,0.3479306399822235,0.9614547491073608,0.9614547491073608,0.22987379133701324,0.22987379133701324,0.1876625120639801,0.1876625120639801,0.003354031592607498,0.6578671336174011,0.5077511072158813,0.528253972530365,0.8191837668418884,0.8513087034225464,0.5077511072158813,0.8711588978767395,0.17200390994548798,0.32640427350997925,0.9542639255523682,522.5950317382812,0.17200390994548798,0.0
lipo_base_MULTI_LAYER_EXP-GIN-lipo_base-baseline-stacked-10_fold,199,0.8882237672805786,0.8882237672805786,0.21406260132789612,0.21406260132789612,0.35817310214042664,0.35817310214042664,0.9628299474716187,0.9628299474716187,0.42323625087738037,0.42323625087738037,0.21406260132789612,0.21406260132789612,0.0029070500750094652,0.625648021697998,0.4717293977737427,0.5092065930366516,0.7964353561401367,1075.2210693359375,0.4717293977737427,0.877575695514679,0.17164479196071625,0.3252597451210022,0.9579061269760132,99.19873046875,0.17164479196071625,0.0
lipo_base_MULTI_LAYER_EXP-GIN-lipo_base-baseline-stacked-10_fold,61,0.6461812257766724,0.6461812257766724,0.37018516659736633,0.37018516659736633,0.5278976559638977,0.5278976559638977,0.8942527770996094,0.8942527770996094,0.31872570514678955,0.31872570514678955,0.37018516659736633,0.37018516659736633,0.0003461238811723888,0.6748126745223999,0.4544101059436798,0.5010302066802979,0.8309953212738037,0.7993736267089844,0.4544101059436798,0.8070467114448547,0.26569971442222595,0.4067818820476532,0.9174067378044128,509.3096618652344,0.26569971442222595,0.0
lipo_base_MULTI_LAYER_EXP-GIN-lipo_base-baseline-stacked-10_fold,194,0.8837948441505432,0.8837948441505432,0.17940561473369598,0.17940561473369598,0.363890677690506,0.363890677690506,0.9627707004547119,0.9627707004547119,0.27873286604881287,0.27873286604881287,0.17940561473369598,0.17940561473369598,0.00322737917304039,0.6366066336631775,0.4775301516056061,0.5095254778862,0.8069751262664795,2202.597412109375,0.4775301516056061,0.8737506866455078,0.1746916025876999,0.3269060552120209,0.953158438205719,110.8550796508789,0.1746916025876999,0.0
lipo_base_MULTI_LAYER_EXP-GIN-lipo_base-baseline-stacked-10_fold,168,0.879637598991394,0.879637598991394,0.21268755197525024,0.21268755197525024,0.36872512102127075,0.36872512102127075,0.9454118609428406,0.9454118609428406,0.4990655779838562,0.4990655779838562,0.21268755197525024,0.21268755197525024,0.004700770601630211,0.6612268686294556,0.4920352101325989,0.5201596617698669,0.8202731609344482,0.8615063428878784,0.4920352101325989,0.8406484723091125,0.20949871838092804,0.36216479539871216,0.9403589367866516,160.3035430908203,0.20949871838092804,0.0
lipo_base_MULTI_LAYER_EXP-GIN-lipo_base-baseline-stacked-10_fold,118,0.8993653655052185,0.8993653655052185,0.137566938996315,0.137566938996315,0.2889074981212616,0.2889074981212616,0.9499498009681702,0.9499498009681702,0.1698094755411148,0.1698094755411148,0.137566938996315,0.137566938996315,0.0007171232136897743,0.6598480939865112,0.5053659081459045,0.5366822481155396,0.8216702342033386,0.8630331158638,0.5053659081459045,0.8840357065200806,0.1559453159570694,0.30942732095718384,0.9607341885566711,351.682373046875,0.1559453159570694,0.0
lipo_base_MULTI_LAYER_EXP-GIN-lipo_base-cross-stacked-10_fold,191,0.8850879669189453,0.8850879669189453,0.1967577487230301,0.1967577487230301,0.35872402787208557,0.35872402787208557,0.9673091173171997,0.9673091173171997,0.6483216881752014,0.6483216881752014,0.1967577487230301,0.1967577487230301,0.0034169028513133526,0.6111372113227844,0.49140796065330505,0.5189657807350159,0.7913287878036499,1710.510009765625,0.49140796065330505,0.8533411622047424,0.20421768724918365,0.3541606068611145,0.9446979761123657,335.12347412109375,0.20421768724918365,0.0
lipo_base_MULTI_LAYER_EXP-GIN-lipo_base-cross-stacked-10_fold,198,0.879086971282959,0.879086971282959,0.1825026422739029,0.1825026422739029,0.33072561025619507,0.33072561025619507,0.9393347501754761,0.9393347501754761,1.5774601697921753,1.5774601697921753,0.1825026422739029,0.1825026422739029,0.002971399575471878,0.6657775640487671,0.471020370721817,0.495307594537735,0.8256641626358032,0.9842711091041565,0.471020370721817,0.8750520348548889,0.16963887214660645,0.32363197207450867,0.9543684124946594,358.236572265625,0.16963887214660645,0.0
lipo_base_MULTI_LAYER_EXP-GIN-lipo_base-cross-stacked-10_fold,191,0.9290930032730103,0.9290930032730103,0.10061824321746826,0.10061824321746826,0.25526535511016846,0.25526535511016846,0.9640476107597351,0.9640476107597351,0.22023428976535797,0.22023428976535797,0.10061824321746826,0.10061824321746826,0.0034169028513133526,0.5931618809700012,0.5278249382972717,0.5354999303817749,0.7835386991500854,2632.861572265625,0.5278249382972717,0.8413591384887695,0.20930910110473633,0.3612075448036194,0.9447942972183228,175.11329650878906,0.20930910110473633,0.0
lipo_base_MULTI_LAYER_EXP-GIN-lipo_base-cross-stacked-10_fold,120,0.89170241355896,0.89170241355896,0.12532581388950348,0.12532581388950348,0.2514190971851349,0.2514190971851349,0.9544448256492615,0.9544448256492615,0.22701694071292877,0.22701694071292877,0.12532581388950348,0.12532581388950348,0.0005601659067906439,0.6457636952400208,0.527240514755249,0.5309002995491028,0.8123672008514404,0.7580792903900146,0.527240514755249,0.8814519047737122,0.16109155118465424,0.3141459822654724,0.9558453559875488,345.2137756347656,0.16109155118465424,0.0
lipo_base_MULTI_LAYER_EXP-GIN-lipo_base-cross-stacked-10_fold,191,0.884867787361145,0.884867787361145,0.15506483614444733,0.15506483614444733,0.3194615840911865,0.3194615840911865,0.964754581451416,0.964754581451416,0.36003172397613525,0.36003172397613525,0.15506483614444733,0.15506483614444733,0.0034169028513133526,0.649743914604187,0.5191786885261536,0.5480538010597229,0.8165426254272461,0.8685358762741089,0.5191786885261536,0.8041524887084961,0.2523159086704254,0.3958454430103302,0.9270809292793274,489.13873291015625,0.2523159086704254,0.0
lipo_base_MULTI_LAYER_EXP-MoE_12_GIN_cross-lipo_base-cross-parallel-12_fold,199,0.8668586015701294,0.8668586015701294,0.19389544427394867,0.19389544427394867,0.34052786231040955,0.34052786231040955,0.9359441995620728,0.9359441995620728,0.2393496185541153,0.2393496185541153,0.19389544427394867,0.19389544427394867,0.0029070500750094652,0.6240525245666504,0.47147488594055176,0.5138386487960815,0.8049066662788391,727.4129638671875,0.47147488594055176,0.8641940951347351,0.19081905484199524,0.34356436133384705,0.950661301612854,287.9764099121094,0.19081905484199524,0.09643286466598511,0.18356488645076752,0.20022782683372498,0.3767944276332855,0.09081868827342987,0.052161239087581635
lipo_base_MULTI_LAYER_EXP-MoE_12_GIN_cross-lipo_base-cross-parallel-12_fold,125,0.8849734663963318,0.8849734663963318,0.176216259598732,0.176216259598732,0.34538012742996216,0.34538012742996216,0.9529233574867249,0.9529233574867249,0.635647714138031,0.635647714138031,0.176216259598732,0.176216259598732,0.00023765975493006408,0.6927330493927002,0.4340854287147522,0.492958664894104,0.8392781615257263,0.8617891073226929,0.4340854287147522,0.8511771559715271,0.20298461616039276,0.35215795040130615,0.9404810667037964,397.24481201171875,0.20298461616039276,0.5031057596206665,0.09681527316570282,0.11230943351984024,0.08159340918064117,0.03518761321902275,0.1709885150194168
lipo_base_MULTI_LAYER_EXP-MoE_12_GIN_cross-lipo_base-cross-parallel-12_fold,122,0.9220054149627686,0.9220054149627686,0.1090879738330841,0.1090879738330841,0.2693743407726288,0.2693743407726288,0.9627116918563843,0.9627116918563843,0.7526909112930298,0.7526909112930298,0.1090879738330841,0.1090879738330841,0.0004103545215912163,0.6614357233047485,0.4435156583786011,0.4913082718849182,0.8171437382698059,1350.6710205078125,0.4435156583786011,0.8476316928863525,0.20029181241989136,0.3488844633102417,0.9467442631721497,10.98303508758545,0.20029181241989136,0.26376843452453613,0.15536972880363464,0.09917347133159637,0.137472465634346,0.1602124720811844,0.18400339782238007
lipo_base_MULTI_LAYER_EXP-MoE_12_GIN_cross-lipo_base-cross-parallel-12_fold,131,0.8527283668518066,0.8527283668518066,0.14776252210140228,0.14776252210140228,0.3182413876056671,0.3182413876056671,0.949800968170166,0.949800968170166,0.17652788758277893,0.17652788758277893,0.14776252210140228,0.14776252210140228,3.205698885722086e-05,0.6845303773880005,0.45940351486206055,0.48696398735046387,0.8308063745498657,0.6316093802452087,0.45940351486206055,0.8621689081192017,0.1861264556646347,0.3358614146709442,0.9452491998672485,329.7561340332031,0.1861264556646347,0.3439319133758545,0.17179709672927856,0.1040552482008934,0.08898887783288956,0.060165777802467346,0.23106111586093903
lipo_base_MULTI_LAYER_EXP-MoE_12_GIN_cross-lipo_base-cross-parallel-12_fold,197,0.7422420978546143,0.7422420978546143,0.3787970244884491,0.3787970244884491,0.5411506295204163,0.5411506295204163,0.9525341391563416,0.9525341391563416,17993.763671875,17993.763671875,0.3787970244884491,0.3787970244884491,0.00303564197383821,0.6873525977134705,0.470971941947937,0.5058655142784119,0.836762011051178,0.7882493138313293,0.470971941947937,0.8681053519248962,0.17836202681064606,0.3333626091480255,0.9513333439826965,324.4184875488281,0.17836202681064606,0.19337579607963562,0.1585685759782791,0.07871153205633163,0.2035844773054123,0.28520467877388,0.08055493235588074
lipo_base_MULTI_LAYER_EXP-MoE_12_GIN-lipo_base-baseline-parallel-12_fold,199,0.9007123112678528,0.9007123112678528,0.1323537677526474,0.1323537677526474,0.303241491317749,0.303241491317749,0.9661248326301575,0.9661248326301575,0.32891547679901123,0.32891547679901123,0.1323537677526474,0.1323537677526474,0.0029070500750094652,0.6375086307525635,0.44893744587898254,0.4953002333641052,0.8105348944664001,404.939208984375,0.44893744587898254,0.8564615845680237,0.20033541321754456,0.3522322177886963,0.9482623934745789,324.7054138183594,0.20033541321754456,0.21640220284461975,0.13824708759784698,0.19949181377887726,0.15302661061286926,0.17333775758743286,0.1194944977760315
lipo_base_MULTI_LAYER_EXP-MoE_12_GIN-lipo_base-baseline-parallel-12_fold,194,0.7636233568191528,0.7636233568191528,0.22794748842716217,0.22794748842716217,0.38663995265960693,0.38663995265960693,0.9274979829788208,0.9274979829788208,0.22814932465553284,0.22814932465553284,0.22794748842716217,0.22794748842716217,0.00322737917304039,0.6809147000312805,0.4445754885673523,0.5038315653800964,0.8322332501411438,1.0001245737075806,0.4445754885673523,0.835672914981842,0.2167767584323883,0.3609234392642975,0.9393333196640015,630.63525390625,0.2167767584323883,0.11154646426439285,0.20209050178527832,0.19770030677318573,0.14139023423194885,0.1532694399356842,0.19400306046009064
lipo_base_MULTI_LAYER_EXP-MoE_12_GIN-lipo_base-baseline-parallel-12_fold,107,0.8644336462020874,0.8644336462020874,0.22483734786510468,0.22483734786510468,0.371905118227005,0.371905118227005,0.9502646327018738,0.9502646327018738,0.3504978120326996,0.3504978120326996,0.22483734786510468,0.22483734786510468,0.0018882113508880138,0.6607176065444946,0.4473498463630676,0.49361205101013184,0.8205536603927612,2602.76025390625,0.4473498463630676,0.8251758217811584,0.23597173392772675,0.37972286343574524,0.9304580092430115,88.50889587402344,0.23597173392772675,0.16982541978359222,0.1368291676044464,0.30759838223457336,0.06038757786154747,0.17193694412708282,0.153422549366951
lipo_base_MULTI_LAYER_EXP-MoE_12_GIN-lipo_base-baseline-parallel-12_fold,121,0.8749874234199524,0.8749874234199524,0.230144202709198,0.230144202709198,0.3828088045120239,0.3828088045120239,0.9642300009727478,0.9642300009727478,0.49232837557792664,0.49232837557792664,0.230144202709198,0.230144202709198,0.00047972597531042993,0.6781519651412964,0.47597736120224,0.5041387677192688,0.8291717767715454,0.7082169055938721,0.47597736120224,0.8518679141998291,0.19902512431144714,0.3479096293449402,0.9452757835388184,137.52415466308594,0.19902512431144714,0.09297383576631546,0.29878488183021545,0.21742407977581024,0.11207500845193863,0.20199625194072723,0.07674590498209
lipo_base_MULTI_LAYER_EXP-MoE_12_GIN-lipo_base-baseline-parallel-12_fold,196,0.9011055827140808,0.9011055827140808,0.2064804881811142,0.2064804881811142,0.3567967116832733,0.3567967116832733,0.9591389298439026,0.9591389298439026,0.43822744488716125,0.43822744488716125,0.2064804881811142,0.2064804881811142,0.003099742578342557,0.6820715665817261,0.4732035994529724,0.5207581520080566,0.8342911601066589,0.8673391938209534,0.4732035994529724,0.8618761897087097,0.181832417845726,0.33325910568237305,0.9498215913772583,260.510009765625,0.181832417845726,0.2493554800748825,0.26754382252693176,0.08219192177057266,0.18087373673915863,0.1165672019124031,0.10346776247024536
lipo_base_MULTI_LAYER_EXP-GIN-lipo_base-baseline-stacked-12_fold,127,0.8991441130638123,0.8991441130638123,0.1008266881108284,0.1008266881108284,0.2341727763414383,0.2341727763414383,0.9668074250221252,0.9668074250221252,0.14945919811725616,0.14945919811725616,0.1008266881108284,0.1008266881108284,0.00014322885544970632,0.6089739203453064,0.48312026262283325,0.5168688297271729,0.7935240268707275,2.9571404457092285,0.48312026262283325,0.9005812406539917,0.14134691655635834,0.29437413811683655,0.9680386185646057,85.72237396240234,0.14134691655635834,0.0
lipo_base_MULTI_LAYER_EXP-GIN-lipo_base-baseline-stacked-12_fold,199,0.9145042300224304,0.9145042300224304,0.12618356943130493,0.12618356943130493,0.2960938513278961,0.2960938513278961,0.9619517922401428,0.9619517922401428,0.20123428106307983,0.20123428106307983,0.12618356943130493,0.12618356943130493,0.0029070500750094652,0.6605526208877563,0.4764830768108368,0.5132190585136414,0.8214178681373596,0.7723830938339233,0.4764830768108368,0.8831297755241394,0.1614248901605606,0.3157956898212433,0.9570023417472839,284.7330322265625,0.1614248901605606,0.0
lipo_base_MULTI_LAYER_EXP-GIN-lipo_base-baseline-stacked-12_fold,184,0.8328072428703308,0.8328072428703308,0.22075329720973969,0.22075329720973969,0.38517189025878906,0.38517189025878906,0.9252018332481384,0.9252018332481384,1.08134126663208,1.08134126663208,0.22075329720973969,0.22075329720973969,0.0038453382439911366,0.5946761965751648,0.5386406779289246,0.5361896753311157,0.7805200815200806,3527.3388671875,0.5386406779289246,0.869013786315918,0.18398867547512054,0.3373812735080719,0.9497725367546082,4.7686357498168945,0.18398867547512054,0.0
lipo_base_MULTI_LAYER_EXP-GIN-lipo_base-baseline-stacked-12_fold,111,0.8728436231613159,0.8728436231613159,0.14112423360347748,0.14112423360347748,0.312625914812088,0.312625914812088,0.9618271589279175,0.9618271589279175,0.18754075467586517,0.18754075467586517,0.14112423360347748,0.14112423360347748,0.0014208893990144134,0.6918296217918396,0.44861406087875366,0.49409928917884827,0.8381432890892029,0.6834187507629395,0.44861406087875366,0.8738633990287781,0.1667226403951645,0.32018977403640747,0.9557725787162781,201.46803283691406,0.1667226403951645,0.0
lipo_base_MULTI_LAYER_EXP-GIN-lipo_base-baseline-stacked-12_fold,165,0.8062841296195984,0.8062841296195984,0.20092321932315826,0.20092321932315826,0.35885342955589294,0.35885342955589294,0.9051337838172913,0.9051337838172913,1.420257568359375,1.420257568359375,0.20092321932315826,0.20092321932315826,0.004834697116166353,0.6220489740371704,0.5635808706283569,0.566861093044281,0.7945767641067505,0.8530613780021667,0.5635808706283569,0.8367437124252319,0.21977466344833374,0.3720526397228241,0.9349104762077332,299.52471923828125,0.21977466344833374,0.0
lipo_base_MULTI_LAYER_EXP-GIN-lipo_base-cross-stacked-12_fold,161,0.8157211542129517,0.8157211542129517,0.2898045778274536,0.2898045778274536,0.3852636516094208,0.3852636516094208,0.912611722946167,0.912611722946167,0.487882137298584,0.487882137298584,0.2898045778274536,0.2898045778274536,0.004997487645596266,0.5933365821838379,0.5052008628845215,0.5273433327674866,0.7867431640625,289.2008972167969,0.5052008628845215,0.7907600402832031,0.2933602035045624,0.4254366159439087,0.9130204319953918,433.7199401855469,0.2933602035045624,0.0
lipo_base_MULTI_LAYER_EXP-GIN-lipo_base-cross-stacked-12_fold,193,0.8704565167427063,0.8704565167427063,0.21202240884304047,0.21202240884304047,0.33822500705718994,0.33822500705718994,0.9384331107139587,0.9384331107139587,0.3054525554180145,0.3054525554180145,0.21202240884304047,0.21202240884304047,0.0032908457797020674,0.6776076555252075,0.45045337080955505,0.49892348051071167,0.8321539163589478,0.9087314605712891,0.45045337080955505,0.8697090148925781,0.17727893590927124,0.3285236656665802,0.9545074701309204,152.4681854248047,0.17727893590927124,0.0
lipo_base_MULTI_LAYER_EXP-GIN-lipo_base-cross-stacked-12_fold,124,0.8649513125419617,0.8649513125419617,0.14807085692882538,0.14807085692882538,0.3122271001338959,0.3122271001338959,0.9554339051246643,0.9554339051246643,0.22609573602676392,0.22609573602676392,0.14807085692882538,0.14807085692882538,0.0002871737233363092,0.6035780310630798,0.5281285643577576,0.5286834836006165,0.7867254018783569,2162.222412109375,0.5281285643577576,0.8666830062866211,0.18065789341926575,0.33292385935783386,0.9521591067314148,38.319847106933594,0.18065789341926575,0.0
lipo_base_MULTI_LAYER_EXP-GIN-lipo_base-cross-stacked-12_fold,188,0.8492792248725891,0.8492792248725891,0.22843828797340393,0.22843828797340393,0.37030693888664246,0.37030693888664246,0.9404889941215515,0.9404889941215515,1.2007880210876465,1.2007880210876465,0.22843828797340393,0.22843828797340393,0.0036032856442034245,0.6343732476234436,0.5305491089820862,0.5398300290107727,0.8029860854148865,0.7863068580627441,0.5305491089820862,0.8606193661689758,0.1782665103673935,0.32877397537231445,0.94880610704422,291.1019592285156,0.1782665103673935,0.0
lipo_base_MULTI_LAYER_EXP-GIN-lipo_base-cross-stacked-12_fold,190,0.4244917631149292,0.4244917631149292,0.37014228105545044,0.37014228105545044,0.4595140218734741,0.4595140218734741,0.9038946628570557,0.9038946628570557,0.3288291394710541,0.3288291394710541,0.37014228105545044,0.37014228105545044,0.003479424864053726,0.6147814989089966,0.5707542300224304,0.5732721090316772,0.7960522174835205,0.9092130064964294,0.5707542300224304,0.8566992878913879,0.1947139948606491,0.34023743867874146,0.9436424374580383,154.51124572753906,0.1947139948606491,0.0
lipo_base_MULTI_LAYER_EXP-MoE_20_GIN_cross-lipo_base-cross-parallel-20_fold,61,0.7418142557144165,0.7418142557144165,0.34338676929473877,0.34338676929473877,0.4888131320476532,0.4888131320476532,0.8912091255187988,0.8912091255187988,0.2329998016357422,0.2329998016357422,0.34338676929473877,0.34338676929473877,0.0003461238811723888,0.545291543006897,0.5697349905967712,0.5698174238204956,0.7517041563987732,949.9149169921875,0.5697349905967712,0.6908385157585144,0.438836932182312,0.5220615863800049,0.8513377904891968,736.3267822265625,0.438836932182312,0.27242639660835266,0.04616829380393028,0.08302750438451767,0.0027314182370901108,0.09861200302839279,0.002612220123410225,0.018192293122410774,0.014358585700392723,0.425189346075058,0.03668199107050896
lipo_base_MULTI_LAYER_EXP-MoE_20_GIN_cross-lipo_base-cross-parallel-20_fold,127,0.8087257742881775,0.8087257742881775,0.3357905149459839,0.3357905149459839,0.4535388648509979,0.4535388648509979,0.9241412281990051,0.9241412281990051,0.39803561568260193,0.39803561568260193,0.3357905149459839,0.3357905149459839,0.00014322885544970632,0.6182838678359985,0.534794807434082,0.5545499920845032,0.7937071323394775,0.9386501908302307,0.534794807434082,0.681986391544342,0.42519664764404297,0.5080317258834839,0.8497500419616699,836.6778564453125,0.42519664764404297,0.4292147755622864,0.5311335325241089,1.13814072234689e-14,5.902586362391271e-14,1.5444445722323508e-10,4.772514848594422e-13,2.7930121323377355e-13,0.03756032511591911,3.6078683443574455e-12,0.002091366099193692
lipo_base_MULTI_LAYER_EXP-MoE_20_GIN_cross-lipo_base-cross-parallel-20_fold,175,0.7713930606842041,0.7713930606842041,0.3830448091030121,0.3830448091030121,0.48091766238212585,0.48091766238212585,0.8899136781692505,0.8899136781692505,1.2941447496414185,1.2941447496414185,0.3830448091030121,0.3830448091030121,0.004352859687060118,0.6335615515708923,0.48881885409355164,0.5307055115699768,0.7990073561668396,2966.127197265625,0.48881885409355164,0.7502701878547668,0.3414759337902069,0.45974940061569214,0.8933021426200867,335.57269287109375,0.3414759337902069,0.9057103395462036,1.2973340957821926e-28,6.76702786017417e-28,0.0,0.09428969025611877,5.091901592933402e-37,3.014717352334475e-34,9.08864137740808e-32,1.3049782525616007e-38,0.0
lipo_base_MULTI_LAYER_EXP-MoE_20_GIN_cross-lipo_base-cross-parallel-20_fold,126,0.7140871286392212,0.7140871286392212,0.571811854839325,0.571811854839325,0.6150577068328857,0.6150577068328857,0.8997169137001038,0.8997169137001038,0.8704742789268494,0.8704742789268494,0.571811854839325,0.571811854839325,0.00018561580509413034,0.6605227589607239,0.5019259452819824,0.5382289886474609,0.8195217251777649,0.683644711971283,0.5019259452819824,0.7278664112091064,0.3608655035495758,0.4707139730453491,0.8783785700798035,265.3469543457031,0.3608655035495758,5.8651607105275616e-05,2.151409262296511e-06,0.47132253646850586,0.4644748866558075,8.169218403963896e-07,0.03792703524231911,0.00023284392955247313,0.018860306590795517,0.007120093796402216,7.075827284097613e-07
lipo_base_MULTI_LAYER_EXP-MoE_20_GIN_cross-lipo_base-cross-parallel-20_fold,194,0.7361680269241333,0.7361680269241333,0.2766128480434418,0.2766128480434418,0.43866169452667236,0.43866169452667236,0.8779038190841675,0.8779038190841675,0.2979467213153839,0.2979467213153839,0.2766128480434418,0.2766128480434418,0.00322737917304039,0.6576871275901794,0.5112805366516113,0.5420453548431396,0.8172610402107239,0.9281493425369263,0.5112805366516113,0.7545429468154907,0.330066978931427,0.44652003049850464,0.89167720079422,718.490966796875,0.330066978931427,0.0,0.9499077200889587,0.0,0.0500921867787838,0.0,0.0,0.0,0.0,0.0,0.0
lipo_base_MULTI_LAYER_EXP-MoE_20_GIN-lipo_base-baseline-parallel-20_fold,192,0.7605898976325989,0.7605898976325989,0.2997698485851288,0.2997698485851288,0.4358045756816864,0.4358045756816864,0.8839170336723328,0.8839170336723328,0.5462505221366882,0.5462505221366882,0.2997698485851288,0.2997698485851288,0.003354031592607498,0.5973770022392273,0.5053287744522095,0.5245173573493958,0.7848813533782959,481.9553527832031,0.5053287744522095,0.7511117458343506,0.3500898778438568,0.46383407711982727,0.888550877571106,475.2604675292969,0.3500898778438568,3.4261400572192796e-24,1.2655501480543331e-18,4.8763130908058435e-17,3.047859794387183e-17,0.11378024518489838,8.699395466141763e-31,0.6644182205200195,7.199674382684711e-31,0.22180157899856567,5.454603184091183e-19
lipo_base_MULTI_LAYER_EXP-MoE_20_GIN-lipo_base-baseline-parallel-20_fold,117,0.7783275842666626,0.7783275842666626,0.3551781475543976,0.3551781475543976,0.47781363129615784,0.47781363129615784,0.8855093717575073,0.8855093717575073,1.018392562866211,1.018392562866211,0.3551781475543976,0.3551781475543976,0.0008054429781623185,0.6459352970123291,0.4913596212863922,0.5288957357406616,0.8123366236686707,0.8394951820373535,0.4913596212863922,0.7032007575035095,0.40255457162857056,0.499788761138916,0.8647948503494263,350.54669189453125,0.40255457162857056,0.04665840044617653,1.1155881111335475e-05,0.15025389194488525,0.3039458096027374,1.2848460073655588e-06,0.012616673484444618,0.00361252180300653,0.4366755187511444,0.01673124171793461,0.029493391513824463
lipo_base_MULTI_LAYER_EXP-MoE_20_GIN-lipo_base-baseline-parallel-20_fold,65,0.8174200654029846,0.8174200654029846,0.23304042220115662,0.23304042220115662,0.3924943804740906,0.3924943804740906,0.906002402305603,0.906002402305603,0.2734711766242981,0.2734711766242981,0.23304042220115662,0.23304042220115662,3.335873407195322e-05,0.5889362692832947,0.5397306084632874,0.5659099221229553,0.7766807079315186,2440.998291015625,0.5397306084632874,0.7127779126167297,0.39850398898124695,0.49819260835647583,0.8659464120864868,46.62242889404297,0.39850398898124695,0.019623737782239914,0.10533396899700165,0.2061283141374588,0.38313159346580505,0.11163511127233505,0.02254500612616539,0.06763505190610886,0.03510598465800285,0.009831331670284271,0.03902990743517876
lipo_base_MULTI_LAYER_EXP-MoE_20_GIN-lipo_base-baseline-parallel-20_fold,133,0.8244050741195679,0.8244050741195679,0.24135442078113556,0.24135442078113556,0.38396480679512024,0.38396480679512024,0.9099451899528503,0.9099451899528503,0.5414033532142639,0.5414033532142639,0.24135442078113556,0.24135442078113556,1.1407213605707511e-05,0.6289318799972534,0.5554721355438232,0.5657109618186951,0.7983171939849854,0.7472802996635437,0.5554721355438232,0.6707445979118347,0.4386611878871918,0.520555853843689,0.845422625541687,363.8980407714844,0.4386611878871918,0.00030338671058416367,3.6991572027744724e-09,0.14950767159461975,0.0648689717054367,9.815163126702942e-10,0.21770118176937103,0.03176436200737953,0.5099952816963196,6.309904598822413e-09,0.025859057903289795
lipo_base_MULTI_LAYER_EXP-MoE_20_GIN-lipo_base-baseline-parallel-20_fold,186,0.7858583927154541,0.7858583927154541,0.22438178956508636,0.22438178956508636,0.3415789008140564,0.3415789008140564,0.9163159728050232,0.9163159728050232,0.19308215379714966,0.19308215379714966,0.22438178956508636,0.22438178956508636,0.0037253452464938164,0.641045331954956,0.5389270186424255,0.5477847456932068,0.8084794282913208,0.836333692073822,0.5389270186424255,0.7621023654937744,0.3156181573867798,0.44399163126945496,0.899168848991394,278.5167541503906,0.3156181573867798,0.0,0.0,0.0,0.0,1.0,0.0,0.0,0.0,0.0,0.0
lipo_base_MULTI_LAYER_EXP-GIN-lipo_base-baseline-stacked-20_fold,197,0.548774003982544,0.548774003982544,0.44692274928092957,0.44692274928092957,0.5876123905181885,0.5876123905181885,0.9550601243972778,0.9550601243972778,0.2929355204105377,0.2929355204105377,0.44692274928092957,0.44692274928092957,0.00303564197383821,0.5872260332107544,0.5168758630752563,0.5296712517738342,0.781502366065979,359.6207275390625,0.5168758630752563,0.8928722739219666,0.1519375890493393,0.30519914627075195,0.9606462717056274,115.11066436767578,0.1519375890493393,0.0
lipo_base_MULTI_LAYER_EXP-GIN-lipo_base-baseline-stacked-20_fold,182,0.8139954805374146,0.8139954805374146,0.19403968751430511,0.19403968751430511,0.3465377688407898,0.3465377688407898,0.9301576018333435,0.9301576018333435,0.25641554594039917,0.25641554594039917,0.19403968751430511,0.19403968751430511,0.003963003400713205,0.6777353882789612,0.44758546352386475,0.5019972324371338,0.8303884863853455,0.7547571063041687,0.44758546352386475,0.8651278614997864,0.18399213254451752,0.33558493852615356,0.9498609900474548,340.9282531738281,0.18399213254451752,0.0
lipo_base_MULTI_LAYER_EXP-GIN-lipo_base-baseline-stacked-20_fold,107,0.8484637141227722,0.8484637141227722,0.264971524477005,0.264971524477005,0.3948590159416199,0.3948590159416199,0.92255699634552,0.92255699634552,0.3285599946975708,0.3285599946975708,0.264971524477005,0.264971524477005,0.0018882113508880138,0.593214750289917,0.5374096035957336,0.5432700514793396,0.7797327637672424,3200.31298828125,0.5374096035957336,0.8325095772743225,0.23596790432929993,0.3825177550315857,0.9323705434799194,72.899169921875,0.23596790432929993,0.0
lipo_base_MULTI_LAYER_EXP-GIN-lipo_base-baseline-stacked-20_fold,187,0.8929665088653564,0.8929665088653564,0.15342529118061066,0.15342529118061066,0.3056774437427521,0.3056774437427521,0.9521691203117371,0.9521691203117371,0.17403602600097656,0.17403602600097656,0.15342529118061066,0.15342529118061066,0.003664557356387377,0.6583268642425537,0.509038507938385,0.5233206152915955,0.8207432627677917,0.7845955491065979,0.509038507938385,0.8470838069915771,0.19537979364395142,0.3480510115623474,0.9482454657554626,440.0094909667969,0.19537979364395142,0.0
lipo_base_MULTI_LAYER_EXP-GIN-lipo_base-baseline-stacked-20_fold,176,0.6798219680786133,0.6798219680786133,0.3607088327407837,0.3607088327407837,0.5163037776947021,0.5163037776947021,0.9545679688453674,0.9545679688453674,0.292107492685318,0.292107492685318,0.3607088327407837,0.3607088327407837,0.004299503285437822,0.6819201707839966,0.4720947742462158,0.5226643085479736,0.8331936001777649,0.9368110299110413,0.4720947742462158,0.8459449410438538,0.20558419823646545,0.35787004232406616,0.9452794790267944,467.55767822265625,0.20558419823646545,0.0
lipo_base_MULTI_LAYER_EXP-GIN-lipo_base-cross-stacked-20_fold,198,0.8820319175720215,0.8820319175720215,0.19260497391223907,0.19260497391223907,0.36029112339019775,0.36029112339019775,0.9696595072746277,0.9696595072746277,1.4841052293777466,1.4841052293777466,0.19260497391223907,0.19260497391223907,0.002971399575471878,0.606508195400238,0.49397191405296326,0.5161885619163513,0.7941025495529175,187.3509979248047,0.49397191405296326,0.8849406242370605,0.16417141258716583,0.31642210483551025,0.960483729839325,281.7901916503906,0.16417141258716583,0.0
lipo_base_MULTI_LAYER_EXP-GIN-lipo_base-cross-stacked-20_fold,194,0.6553587913513184,0.6553587913513184,0.33917805552482605,0.33917805552482605,0.5036244988441467,0.5036244988441467,0.86396723985672,0.86396723985672,0.24572008848190308,0.24572008848190308,0.33917805552482605,0.33917805552482605,0.00322737917304039,0.5794050693511963,0.5995936989784241,0.5825434327125549,0.7717604041099548,1.0461876392364502,0.5995936989784241,0.7606372237205505,0.32823652029037476,0.447043776512146,0.8910943865776062,537.6478271484375,0.32823652029037476,0.0
lipo_base_MULTI_LAYER_EXP-GIN-lipo_base-cross-stacked-20_fold,194,0.6990318298339844,0.6990318298339844,0.28715670108795166,0.28715670108795166,0.37044399976730347,0.37044399976730347,0.8915945291519165,0.8915945291519165,0.2224082350730896,0.2224082350730896,0.28715670108795166,0.28715670108795166,0.00322737917304039,0.5555609464645386,0.5871345400810242,0.5593963861465454,0.7600899934768677,3845.072265625,0.5871345400810242,0.836426317691803,0.22348244488239288,0.37151435017585754,0.9357576370239258,23.01860809326172,0.22348244488239288,0.0
lipo_base_MULTI_LAYER_EXP-GIN-lipo_base-cross-stacked-20_fold,124,0.9139492511749268,0.9139492511749268,0.153310164809227,0.153310164809227,0.31458190083503723,0.31458190083503723,0.9662273526191711,0.9662273526191711,10173.1767578125,10173.1767578125,0.153310164809227,0.153310164809227,0.0002871737233363092,0.5980931520462036,0.5905477404594421,0.5509660243988037,0.7842825651168823,0.8351308107376099,0.5905477404594421,0.8333099484443665,0.2237965166568756,0.36894676089286804,0.933919370174408,385.855712890625,0.2237965166568756,0.0
lipo_base_MULTI_LAYER_EXP-GIN-lipo_base-cross-stacked-20_fold,193,0.8123764395713806,0.8123764395713806,0.20299190282821655,0.20299190282821655,0.3802254796028137,0.3802254796028137,0.9091750979423523,0.9091750979423523,0.24794624745845795,0.24794624745845795,0.20299190282821655,0.20299190282821655,0.0032908457797020674,0.6771903038024902,0.48164546489715576,0.5249767303466797,0.829939067363739,0.8007335066795349,0.48164546489715576,0.8071877956390381,0.25022396445274353,0.3916877210140228,0.9238327741622925,557.38525390625,0.25022396445274353,0.0
