run_name,best_epoch,train_R2Score,train_R2Score_step,train_MeanSquaredError,train_MeanSquaredError_step,train_MeanAbsoluteError,train_MeanAbsoluteError_step,train_PearsonCorrCoef,train_PearsonCorrCoef_step,train_MeanAbsolutePercentageError,train_MeanAbsolutePercentageError_step,train_loss,train_loss_step,lr-AdamW,val_R2Score,val_MeanSquaredError,val_MeanAbsoluteError,val_PearsonCorrCoef,val_MeanAbsolutePercentageError,val_loss,train_R2Score_epoch,train_MeanSquaredError_epoch,train_MeanAbsoluteError_epoch,train_PearsonCorrCoef_epoch,train_MeanAbsolutePercentageError_epoch,train_loss_epoch,train_gate_0
mp_base_BASELINE_EXP-GIN-mp_base-2layer_fold,118,0.7385684251785278,0.7385684251785278,1337.9908447265625,1337.9908447265625,28.913387298583984,28.913387298583984,0.8851262927055359,0.8851262927055359,0.6530198454856873,0.6530198454856873,1337.9908447265625,1337.9908447265625,0.0003017580893356353,0.6701744794845581,1820.9200439453125,32.67329025268555,0.8282023668289185,60507.8203125,1820.9200439453125,0.7784233689308167,1212.7252197265625,26.986597061157227,0.8970984816551208,25568.77734375,1212.7252197265625,0.0
mp_base_BASELINE_EXP-GIN-mp_base-2layer_fold,121,0.7239528894424438,0.7239528894424438,1514.195556640625,1514.195556640625,29.966344833374023,29.966344833374023,0.8526953458786011,0.8526953458786011,0.6942988038063049,0.6942988038063049,1514.195556640625,1514.195556640625,0.00024435765226371586,0.6234139800071716,1871.138427734375,32.24224090576172,0.8060752749443054,26322.732421875,1871.138427734375,0.7779151201248169,1246.9483642578125,27.142263412475586,0.8900421857833862,19158.990234375,1246.9483642578125,0.0
mp_base_BASELINE_EXP-GIN-mp_base-2layer_fold,116,0.7974890470504761,0.7974890470504761,1013.6929931640625,1013.6929931640625,24.406328201293945,24.406328201293945,0.8970245718955994,0.8970245718955994,0.6200737357139587,0.6200737357139587,1013.6929931640625,1013.6929931640625,0.00034010078525170684,0.6833018064498901,1763.4278564453125,32.9567756652832,0.8315868973731995,0.7878295183181763,1763.4278564453125,0.758877694606781,1310.0244140625,28.235769271850586,0.8846190571784973,44047.296875,1310.0244140625,0.0
mp_base_BASELINE_EXP-GIN-mp_base-2layer_fold,117,0.7919904589653015,0.7919904589653015,1359.9473876953125,1359.9473876953125,28.62120819091797,28.62120819091797,0.8920518755912781,0.8920518755912781,1.313608169555664,1.313608169555664,1359.9473876953125,1359.9473876953125,0.0003180404892191291,0.6346137523651123,2006.553955078125,33.93984603881836,0.8082466721534729,11726.7138671875,2006.553955078125,0.7641165256500244,1282.98388671875,28.157520294189453,0.8871214389801025,26922.1015625,1282.98388671875,0.0
mp_base_BASELINE_EXP-GIN-mp_base-2layer_fold,121,0.7741587162017822,0.7741587162017822,1512.0045166015625,1512.0045166015625,29.605384826660156,29.605384826660156,0.8829136490821838,0.8829136490821838,1.1269185543060303,1.1269185543060303,1512.0045166015625,1512.0045166015625,0.00024435765226371586,0.6927266716957092,1686.48779296875,31.827543258666992,0.8369566798210144,38869.84765625,1686.48779296875,0.7718295454978943,1215.8616943359375,27.38576889038086,0.8938276767730713,7099.49853515625,1215.8616943359375,0.0
mp_base_BASELINE_EXP-GAT-mp_base-2layer_fold,88,0.6581283807754517,0.6581283807754517,2149.146728515625,2149.146728515625,34.67118835449219,34.67118835449219,0.8469004034996033,0.8469004034996033,0.6192867755889893,0.6192867755889893,2149.146728515625,2149.146728515625,0.000856374972499907,0.6875107884407043,1720.2801513671875,31.83544921875,0.8335788249969482,16616.958984375,1720.2801513671875,0.6344936490058899,1984.747802734375,35.057655334472656,0.8266445398330688,13551.970703125,1984.747802734375,0.0
mp_base_BASELINE_EXP-GAT-mp_base-2layer_fold,136,0.6935961246490479,0.6935961246490479,2043.549072265625,2043.549072265625,35.25100326538086,35.25100326538086,0.8416666984558105,0.8416666984558105,0.6992586851119995,0.6992586851119995,2043.549072265625,2043.549072265625,4.7595760406693444e-05,0.6609784364700317,1676.3880615234375,31.233915328979492,0.8266241550445557,8041.51123046875,1676.3880615234375,0.7143828272819519,1617.3599853515625,31.633970260620117,0.8563705682754517,31473.791015625,1617.3599853515625,0.0
mp_base_BASELINE_EXP-GAT-mp_base-2layer_fold,94,0.6297582387924194,0.6297582387924194,1577.5533447265625,1577.5533447265625,29.831022262573242,29.831022262573242,0.8224815726280212,0.8224815726280212,3810.926025390625,3810.926025390625,1577.5533447265625,1577.5533447265625,0.0007678594556637108,0.7007361650466919,1614.591796875,32.315486907958984,0.8484532833099365,0.6947967410087585,1614.591796875,0.6437107920646667,1916.934326171875,34.216156005859375,0.8242704272270203,48445.0546875,1916.934326171875,0.0
mp_base_BASELINE_EXP-GAT-mp_base-2layer_fold,117,0.7797827124595642,0.7797827124595642,1244.2923583984375,1244.2923583984375,28.793230056762695,28.793230056762695,0.8846147656440735,0.8846147656440735,0.46598243713378906,0.46598243713378906,1244.2923583984375,1244.2923583984375,0.0003180404892191291,0.6454410552978516,1951.33544921875,33.3145866394043,0.8162470459938049,7219.00341796875,1951.33544921875,0.6824718713760376,1684.4031982421875,32.01459884643555,0.8447830677032471,23160.44140625,1684.4031982421875,0.0
mp_base_BASELINE_EXP-GAT-mp_base-2layer_fold,113,0.6227994561195374,0.6227994561195374,2522.3828125,2522.3828125,38.76632308959961,38.76632308959961,0.8716097474098206,0.8716097474098206,0.4885063171386719,0.4885063171386719,2522.3828125,2522.3828125,0.0003966722870245576,0.7261838316917419,1522.5848388671875,30.34292984008789,0.8547605872154236,79655.2421875,1522.5848388671875,0.6733817458152771,1730.0145263671875,32.00575637817383,0.8397849798202515,15074.9375,1730.0145263671875,0.0
mp_base_BASELINE_EXP-GCN-mp_base-2layer_fold,133,0.7826234102249146,0.7826234102249146,1384.4964599609375,1384.4964599609375,30.056440353393555,30.056440353393555,0.8893241882324219,0.8893241882324219,0.5928357839584351,0.5928357839584351,1384.4964599609375,1384.4964599609375,7.35930007067509e-05,0.6550292372703552,1893.5697021484375,32.70519256591797,0.8163549900054932,17450.66796875,1893.5697021484375,0.7739822268486023,1210.9862060546875,27.046005249023438,0.8964664936065674,35487.73046875,1210.9862060546875,0.0
mp_base_BASELINE_EXP-GCN-mp_base-2layer_fold,104,0.8048242926597595,0.8048242926597595,1528.784423828125,1528.784423828125,32.474613189697266,32.474613189697266,0.927169919013977,0.927169919013977,1.3730067014694214,1.3730067014694214,1528.784423828125,1528.784423828125,0.0005824390100315213,0.6120023727416992,1916.0955810546875,33.33649826049805,0.798972487449646,56397.72265625,1916.0955810546875,0.7662402391433716,1293.735595703125,28.072237014770508,0.8912182450294495,23597.888671875,1293.735595703125,0.0
mp_base_BASELINE_EXP-GCN-mp_base-2layer_fold,102,0.7766628265380859,0.7766628265380859,1399.9351806640625,1399.9351806640625,30.882221221923828,30.882221221923828,0.9015420079231262,0.9015420079231262,1.0257288217544556,1.0257288217544556,1399.9351806640625,1399.9351806640625,0.0006220887298695743,0.6695860624313354,1826.042236328125,33.5754280090332,0.8256908655166626,0.7668112516403198,1826.042236328125,0.7632949352264404,1289.471435546875,28.01620101928711,0.8891522884368896,50105.1171875,1289.471435546875,0.0
mp_base_BASELINE_EXP-GCN-mp_base-2layer_fold,100,0.8522527813911438,0.8522527813911438,927.6408081054688,927.6408081054688,21.908287048339844,21.908287048339844,0.9268462657928467,0.9268462657928467,0.44820958375930786,0.44820958375930786,927.6408081054688,927.6408081054688,0.000660735706333071,0.622247040271759,2081.38330078125,34.7586555480957,0.799703061580658,35304.2734375,2081.38330078125,0.7657935619354248,1300.716796875,27.880413055419922,0.8893567323684692,31110.50390625,1300.716796875,0.0
mp_base_BASELINE_EXP-GCN-mp_base-2layer_fold,116,0.6977750062942505,0.6977750062942505,1321.984130859375,1321.984130859375,26.240819931030273,26.240819931030273,0.8479270339012146,0.8479270339012146,0.8030108213424683,0.8030108213424683,1321.984130859375,1321.984130859375,0.00034010078525170684,0.6579376459121704,1891.7396240234375,33.30536651611328,0.8188238143920898,103472.6640625,1891.7396240234375,0.7594797015190125,1296.4560546875,27.9959716796875,0.8833491206169128,34035.421875,1296.4560546875,0.0
esolv_base_BASELINE_EXP-GIN-esolv_base-2layer_fold,65,0.8551017642021179,0.8551017642021179,0.33718159794807434,0.33718159794807434,0.4708900451660156,0.4708900451660156,0.9365473985671997,0.9365473985671997,0.26694509387016296,0.26694509387016296,0.33718159794807434,0.33718159794807434,0.0034897862933576107,0.7784895300865173,0.5493413805961609,0.5106655359268188,0.8929497003555298,0.3301261365413666,0.5493413805961609,0.826747715473175,0.4728564918041229,0.5121914148330688,0.9265753626823425,0.35426807403564453,0.4728564918041229,0.0
esolv_base_BASELINE_EXP-GIN-esolv_base-2layer_fold,143,0.9049543738365173,0.9049543738365173,0.2254083901643753,0.2254083901643753,0.33395376801490784,0.33395376801490784,0.9576219320297241,0.9576219320297241,0.13301293551921844,0.13301293551921844,0.2254083901643753,0.2254083901643753,0.0018306637648493052,0.8916062116622925,0.281528502702713,0.37147170305252075,0.9456648826599121,0.2659202516078949,0.281528502702713,0.8869088292121887,0.32195916771888733,0.42499953508377075,0.9562206268310547,0.26533636450767517,0.32195916771888733,0.0
esolv_base_BASELINE_EXP-GIN-esolv_base-2layer_fold,147,0.8616724014282227,0.8616724014282227,0.5525628924369812,0.5525628924369812,0.4091610610485077,0.4091610610485077,0.9415068030357361,0.9415068030357361,0.20493674278259277,0.20493674278259277,0.5525628924369812,0.5525628924369812,0.001350371865555644,0.8418360352516174,0.5193102359771729,0.469978004693985,0.9193249344825745,0.4047657549381256,0.5193102359771729,0.9090085029602051,0.2574763596057892,0.37653428316116333,0.9632641673088074,0.23010291159152985,0.2574763596057892,0.0
esolv_base_BASELINE_EXP-GIN-esolv_base-2layer_fold,74,0.8827792406082153,0.8827792406082153,0.3508397340774536,0.3508397340774536,0.4395792782306671,0.4395792782306671,0.9403275847434998,0.9403275847434998,0.47695791721343994,0.47695791721343994,0.3508397340774536,0.3508397340774536,0.001174884382635355,0.8104502558708191,0.4639940857887268,0.4901091158390045,0.9014216065406799,0.30737584829330444,0.4639940857887268,0.8614476323127747,0.3903970718383789,0.4739045798778534,0.9412407279014587,0.35987409949302673,0.3903970718383789,0.0
esolv_base_BASELINE_EXP-GIN-esolv_base-2layer_fold,77,0.9038700461387634,0.9038700461387634,0.23454132676124573,0.23454132676124573,0.3715020716190338,0.3715020716190338,0.9513155221939087,0.9513155221939087,0.16514597833156586,0.16514597833156586,0.23454132676124573,0.23454132676124573,0.0005622703465633094,0.8385944962501526,0.415047287940979,0.47752270102500916,0.9182693362236023,0.35424402356147766,0.415047287940979,0.8458740711212158,0.40996965765953064,0.4699245095252991,0.9388248920440674,0.3855742812156677,0.40996965765953064,0.0
esolv_base_BASELINE_EXP-GAT-esolv_base-2layer_fold,138,0.8795251250267029,0.8795251250267029,0.36204442381858826,0.36204442381858826,0.4330753684043884,0.4330753684043884,0.9422771334648132,0.9422771334648132,0.2609472870826721,0.2609472870826721,0.36204442381858826,0.36204442381858826,0.0025483036879450083,0.7503137588500977,0.6134142279624939,0.5725765228271484,0.8939195275306702,0.28063440322875977,0.6134142279624939,0.8126407861709595,0.4841916859149933,0.5290624499320984,0.9300980567932129,0.31781062483787537,0.4841916859149933,0.0
esolv_base_BASELINE_EXP-GAT-esolv_base-2layer_fold,75,0.7424492835998535,0.7424492835998535,0.43038132786750793,0.43038132786750793,0.5250081419944763,0.5250081419944763,0.9138259291648865,0.9138259291648865,0.25580325722694397,0.25580325722694397,0.43038132786750793,0.43038132786750793,0.0009058773866854608,0.726474404335022,0.6754509210586548,0.5831030607223511,0.8776050209999084,0.43109220266342163,0.6754509210586548,0.7895269989967346,0.5834473967552185,0.5681062340736389,0.9062486886978149,0.34294870495796204,0.5834473967552185,0.0
esolv_base_BASELINE_EXP-GAT-esolv_base-2layer_fold,59,0.8240668773651123,0.8240668773651123,0.4677248001098633,0.4677248001098633,0.5165619850158691,0.5165619850158691,0.9114315509796143,0.9114315509796143,0.338534951210022,0.338534951210022,0.4677248001098633,0.4677248001098633,0.005315749906003475,0.7153822183609009,0.9221086502075195,0.6508074998855591,0.8926172852516174,0.3555484414100647,0.9221086502075195,0.7704734802246094,0.6262167096138,0.5918436050415039,0.8972342014312744,0.38654661178588867,0.6262167096138,0.0
esolv_base_BASELINE_EXP-GAT-esolv_base-2layer_fold,47,0.7494211792945862,0.7494211792945862,0.8264287114143372,0.8264287114143372,0.6679137945175171,0.6679137945175171,0.8752186894416809,0.8752186894416809,0.4336051344871521,0.4336051344871521,0.8264287114143372,0.8264287114143372,0.008006296120584011,0.6599827408790588,0.8230709433555603,0.6401681900024414,0.836190938949585,0.3548755645751953,0.8230709433555603,0.7375321388244629,0.7373289465904236,0.6507601737976074,0.8755237460136414,0.45914286375045776,0.7373289465904236,0.0
esolv_base_BASELINE_EXP-GAT-esolv_base-2layer_fold,79,0.8488221168518066,0.8488221168518066,0.371025949716568,0.371025949716568,0.49377790093421936,0.49377790093421936,0.9503964781761169,0.9503964781761169,0.3275933563709259,0.3275933563709259,0.371025949716568,0.371025949716568,0.00029704163898713887,0.6156307458877563,1.038820743560791,0.7483474612236023,0.8645131587982178,0.34495097398757935,1.038820743560791,0.8132677674293518,0.4960935115814209,0.5366262197494507,0.9151453971862793,0.4165164530277252,0.4960935115814209,0.0
esolv_base_BASELINE_EXP-GCN-esolv_base-2layer_fold,56,0.7879334688186646,0.7879334688186646,0.6233632564544678,0.6233632564544678,0.6355558633804321,0.6355558633804321,0.9223538041114807,0.9223538041114807,0.4600144624710083,0.4600144624710083,0.6233632564544678,0.6233632564544678,0.00625769654288888,0.8350545167922974,0.41665640473365784,0.45772525668144226,0.9191027879714966,0.21358150243759155,0.41665640473365784,0.8226284384727478,0.4722885191440582,0.511016309261322,0.9244407415390015,0.3142749071121216,0.4722885191440582,0.0
esolv_base_BASELINE_EXP-GCN-esolv_base-2layer_fold,131,0.8800411820411682,0.8800411820411682,0.3178914487361908,0.3178914487361908,0.42082709074020386,0.42082709074020386,0.9386449456214905,0.9386449456214905,0.24181270599365234,0.24181270599365234,0.3178914487361908,0.3178914487361908,0.0035302182659506798,0.8824613690376282,0.2988402247428894,0.4073375165462494,0.9438159465789795,0.28255656361579895,0.2988402247428894,0.8696443438529968,0.36235174536705017,0.44908174872398376,0.9488016963005066,0.2773168385028839,0.36235174536705017,0.0
esolv_base_BASELINE_EXP-GCN-esolv_base-2layer_fold,135,0.8789457082748413,0.8789457082748413,0.271456241607666,0.271456241607666,0.4191237986087799,0.4191237986087799,0.956386387348175,0.956386387348175,0.5319187641143799,0.5319187641143799,0.271456241607666,0.271456241607666,0.0029325128998607397,0.8573014736175537,0.4193987250328064,0.4478055238723755,0.9271332025527954,0.2930552065372467,0.4193987250328064,0.8789995908737183,0.33423081040382385,0.43525171279907227,0.9540449976921082,0.25825169682502747,0.33423081040382385,0.0
esolv_base_BASELINE_EXP-GCN-esolv_base-2layer_fold,69,0.8101295232772827,0.8101295232772827,0.4201590120792389,0.4201590120792389,0.4746854901313782,0.4746854901313782,0.9290658235549927,0.9290658235549927,0.38346800208091736,0.38346800208091736,0.4201590120792389,0.4201590120792389,0.002325104083865881,0.768126904964447,0.5673239231109619,0.5283395648002625,0.8822322487831116,0.3092438578605652,0.5673239231109619,0.8315699100494385,0.4556601643562317,0.5101326704025269,0.9333968162536621,0.35523879528045654,0.4556601643562317,0.0
esolv_base_BASELINE_EXP-GCN-esolv_base-2layer_fold,133,0.8243827223777771,0.8243827223777771,0.44368335604667664,0.44368335604667664,0.520037055015564,0.520037055015564,0.9390933513641357,0.9390933513641357,0.4236428141593933,0.4236428141593933,0.44368335604667664,0.44368335604667664,0.0032287798821926117,0.8037745952606201,0.5313339233398438,0.5189192891120911,0.9019696712493896,0.4323616027832031,0.5313339233398438,0.8837215304374695,0.31497064232826233,0.41854390501976013,0.9544196724891663,0.30544692277908325,0.31497064232826233,0.0
freesolv_base_BASELINE_EXP-GIN-freesolv_base-2layer_fold,80,0.8403943181037903,0.8403943181037903,1.7784732580184937,1.7784732580184937,0.9957847595214844,0.9957847595214844,0.9341221451759338,0.9341221451759338,0.9020476341247559,0.9020476341247559,1.7784732580184937,1.7784732580184937,0.0038743787445127964,0.8495705723762512,2.1126296520233154,0.9471462368965149,0.9235084652900696,0.44657325744628906,2.1126296520233154,0.8165736794471741,2.328507900238037,1.1062418222427368,0.947178304195404,2655.947021484375,2.328507900238037,0.0
freesolv_base_BASELINE_EXP-GIN-freesolv_base-2layer_fold,80,0.843093752861023,0.843093752861023,1.7936038970947266,1.7936038970947266,0.9471443891525269,0.9471443891525269,0.9348745346069336,0.9348745346069336,0.299739807844162,0.299739807844162,1.7936038970947266,1.7936038970947266,0.0038743787445127964,0.8426654934883118,2.374878406524658,0.9677595496177673,0.9250774383544922,0.5529581308364868,2.374878406524658,0.8497275114059448,2.0835957527160645,1.0592217445373535,0.9412701725959778,3832.196044921875,2.0835957527160645,0.0
freesolv_base_BASELINE_EXP-GIN-freesolv_base-2layer_fold,105,0.8631308078765869,0.8631308078765869,1.7293554544448853,1.7293554544448853,0.9804239273071289,0.9804239273071289,0.9434451460838318,0.9434451460838318,0.5661908388137817,0.5661908388137817,1.7293554544448853,1.7293554544448853,1.1799517778854351e-05,0.8599220514297485,2.2306394577026367,0.9971597790718079,0.9350411891937256,3154.677978515625,2.2306394577026367,0.8337915539741516,1.9734750986099243,1.0096328258514404,0.9563375115394592,921.1982421875,1.9734750986099243,0.0
freesolv_base_BASELINE_EXP-GIN-freesolv_base-2layer_fold,123,0.8737735152244568,0.8737735152244568,2.141605854034424,2.141605854034424,1.1833314895629883,1.1833314895629883,0.9447778463363647,0.9447778463363647,0.6767368912696838,0.6767368912696838,2.141605854034424,2.141605854034424,0.007799284998327494,0.8408340215682983,2.2246243953704834,1.070043683052063,0.9201329350471497,2397.461181640625,2.2246243953704834,0.8654902577400208,1.844338059425354,0.9770467281341553,0.9449848532676697,1944.4686279296875,1.844338059425354,0.0
freesolv_base_BASELINE_EXP-GIN-freesolv_base-2layer_fold,99,0.8413294553756714,0.8413294553756714,2.0623250007629395,2.0623250007629395,1.0894784927368164,1.0894784927368164,0.9461978673934937,0.9461978673934937,0.35659629106521606,0.35659629106521606,2.0623250007629395,2.0623250007629395,0.00029541016556322575,0.751948893070221,4.345244407653809,0.9400914311408997,0.8848341703414917,0.6216413974761963,4.345244407653809,0.8688704967498779,1.8741564750671387,0.9912240505218506,0.9528511762619019,5768.9365234375,1.8741564750671387,0.0
freesolv_base_BASELINE_EXP-GAT-freesolv_base-2layer_fold,121,0.7879765033721924,0.7879765033721924,2.153322219848633,2.153322219848633,1.1106382608413696,1.1106382608413696,0.9360485672950745,0.9360485672950745,1.2881410121917725,1.2881410121917725,2.153322219848633,2.153322219848633,0.00789263378828764,0.8855515718460083,1.547961711883545,0.9225897192955017,0.9437253475189209,0.6534814238548279,1.547961711883545,0.8111750483512878,2.5745952129364014,1.1199496984481812,0.9375180602073669,4115.275390625,2.5745952129364014,0.0
freesolv_base_BASELINE_EXP-GAT-freesolv_base-2layer_fold,84,0.7937679290771484,0.7937679290771484,2.0738015174865723,2.0738015174865723,1.0112955570220947,1.0112955570220947,0.9225313067436218,0.9225313067436218,0.8260952830314636,0.8260952830314636,2.0738015174865723,2.0738015174865723,0.0028770987410098314,0.8718860745429993,1.8552154302597046,0.8949600458145142,0.9412007927894592,0.8517590761184692,1.8552154302597046,0.826982319355011,2.508885622024536,1.1427592039108276,0.9308243989944458,827.9873657226562,2.508885622024536,0.0
freesolv_base_BASELINE_EXP-GAT-freesolv_base-2layer_fold,138,0.881877064704895,0.881877064704895,1.6308091878890991,1.6308091878890991,0.9703102111816406,0.9703102111816406,0.9409911632537842,0.9409911632537842,0.32952946424484253,0.32952946424484253,1.6308091878890991,1.6308091878890991,0.006598203908652067,0.8955228328704834,1.6989905834197998,0.8536516427993774,0.9532917141914368,1763.7449951171875,1.6989905834197998,0.8377097249031067,2.124732732772827,1.0116207599639893,0.938463032245636,2279.83935546875,2.124732732772827,0.0
freesolv_base_BASELINE_EXP-GAT-freesolv_base-2layer_fold,95,0.8194882869720459,0.8194882869720459,2.1698970794677734,2.1698970794677734,1.0791361331939697,1.0791361331939697,0.9121615886688232,0.9121615886688232,0.6919312477111816,0.6919312477111816,2.1698970794677734,2.1698970794677734,0.0007786648930050433,0.856887936592102,1.9671814441680908,0.9526994228363037,0.9316909909248352,922.6995849609375,1.9671814441680908,0.8135652542114258,2.494544744491577,1.1694705486297607,0.9444177150726318,1046.9168701171875,2.494544744491577,0.0
freesolv_base_BASELINE_EXP-GAT-freesolv_base-2layer_fold,93,0.8242705464363098,0.8242705464363098,2.0115880966186523,2.0115880966186523,1.200244665145874,1.200244665145874,0.940328061580658,0.940328061580658,3.4065022468566895,3.4065022468566895,2.0115880966186523,2.0115880966186523,0.00116826337762177,0.8848353028297424,1.6593639850616455,0.7985582947731018,0.9600192904472351,0.6147186160087585,1.6593639850616455,0.829453706741333,2.4320881366729736,1.0833594799041748,0.9370478391647339,2695.5126953125,2.4320881366729736,0.0
freesolv_base_BASELINE_EXP-GCN-freesolv_base-2layer_fold,87,0.8798154592514038,0.8798154592514038,2.4090476036071777,2.4090476036071777,1.0505259037017822,1.0505259037017822,0.9602324962615967,0.9602324962615967,0.7684144973754883,0.7684144973754883,2.4090476036071777,2.4090476036071777,0.002311945427209139,0.851180374622345,1.9767005443572998,0.9822885990142822,0.9238113164901733,0.5360177159309387,1.9767005443572998,0.8312146663665771,2.1934521198272705,1.0591553449630737,0.9583241939544678,1855.4422607421875,2.1934521198272705,0.0
freesolv_base_BASELINE_EXP-GCN-freesolv_base-2layer_fold,78,0.8542078733444214,0.8542078733444214,3.1602256298065186,3.1602256298065186,1.1611210107803345,1.1611210107803345,0.9455329179763794,0.9455329179763794,0.4561423659324646,0.4561423659324646,3.1602256298065186,3.1602256298065186,0.004484854638576508,0.8568933010101318,2.1434214115142822,0.8630940914154053,0.9384663701057434,0.35328051447868347,2.1434214115142822,0.8230236768722534,2.655790090560913,1.1079647541046143,0.9422581195831299,5954.6640625,2.655790090560913,0.0
freesolv_base_BASELINE_EXP-GCN-freesolv_base-2layer_fold,41,0.906268298625946,0.906268298625946,1.421682596206665,1.421682596206665,0.9517484903335571,0.9517484903335571,0.9577653408050537,0.9577653408050537,0.6062132120132446,0.6062132120132446,1.421682596206665,1.421682596206665,0.003190668299794197,0.8332178592681885,2.784003734588623,1.1389137506484985,0.9240878224372864,1424.653076171875,2.784003734588623,0.8060958981513977,2.7946999073028564,1.2425179481506348,0.9236416220664978,1672.369873046875,2.7946999073028564,0.0
freesolv_base_BASELINE_EXP-GCN-freesolv_base-2layer_fold,74,0.8307370543479919,0.8307370543479919,1.9655195474624634,1.9655195474624634,1.1062015295028687,1.1062015295028687,0.9321873188018799,0.9321873188018799,4.897401332855225,4.897401332855225,1.9655195474624634,1.9655195474624634,0.005285593215376139,0.7790054082870483,3.4247872829437256,1.2752419710159302,0.8999723196029663,4602.47314453125,3.4247872829437256,0.8001946806907654,2.785400867462158,1.188448429107666,0.9372596144676208,922.8417358398438,2.785400867462158,0.0
freesolv_base_BASELINE_EXP-GCN-freesolv_base-2layer_fold,50,0.9013168215751648,0.9013168215751648,1.5188477039337158,1.5188477039337158,0.9356063008308411,0.9356063008308411,0.9541240930557251,0.9541240930557251,20571.638671875,20571.638671875,1.5188477039337158,1.5188477039337158,0.00014444121916312724,0.7713411450386047,3.5274481773376465,0.997747540473938,0.8940216302871704,0.6939619183540344,3.5274481773376465,0.8736250996589661,1.7703742980957031,0.9863971471786499,0.9537248611450195,1122.0311279296875,1.7703742980957031,0.0
lipo_base_BASELINE_EXP-GIN-lipo_base-2layer_fold,60,0.646884560585022,0.646884560585022,0.46710461378097534,0.46710461378097534,0.5665691494941711,0.5665691494941711,0.863180935382843,0.863180935382843,0.25524118542671204,0.25524118542671204,0.46710461378097534,0.46710461378097534,0.0004873212310485542,0.6060638427734375,0.4893648028373718,0.5283917188644409,0.7856460809707642,449.447021484375,0.4893648028373718,0.7497127056121826,0.35330116748809814,0.46522045135498047,0.8859567642211914,484.48724365234375,0.35330116748809814,0.0
lipo_base_BASELINE_EXP-GIN-lipo_base-2layer_fold,102,0.7271715402603149,0.7271715402603149,0.4289267659187317,0.4289267659187317,0.5225423574447632,0.5225423574447632,0.8737272620201111,0.8737272620201111,0.5983721017837524,0.5983721017837524,0.4289267659187317,0.4289267659187317,0.002530807163566351,0.6281188726425171,0.5222573280334473,0.5555692911148071,0.801659882068634,0.9416977167129517,0.5222573280334473,0.7445191740989685,0.3464781939983368,0.4624258875846863,0.8854968547821045,541.6563720703125,0.3464781939983368,0.0
lipo_base_BASELINE_EXP-GIN-lipo_base-2layer_fold,112,0.3380435109138489,0.3380435109138489,0.5018312931060791,0.5018312931060791,0.582610547542572,0.582610547542572,0.81328284740448,0.81328284740448,0.27260109782218933,0.27260109782218933,0.5018312931060791,0.5018312931060791,0.0013186311116442084,0.6055185794830322,0.5272688269615173,0.5411163568496704,0.7834962606430054,2763.759033203125,0.5272688269615173,0.7942671179771423,0.28571298718452454,0.4193165898323059,0.9105638861656189,48.907493591308594,0.28571298718452454,0.0
lipo_base_BASELINE_EXP-GIN-lipo_base-2layer_fold,57,0.5930727124214172,0.5930727124214172,0.4156268239021301,0.4156268239021301,0.5098850727081299,0.5098850727081299,0.8126006126403809,0.8126006126403809,1.2695870399475098,1.2695870399475098,0.4156268239021301,0.4156268239021301,0.0010103515814989805,0.6315743923187256,0.5385223627090454,0.5496296286582947,0.8034951090812683,0.6799924373626709,0.5385223627090454,0.7072787284851074,0.3844607472419739,0.49252545833587646,0.8662337064743042,502.8243408203125,0.3844607472419739,0.0
lipo_base_BASELINE_EXP-GIN-lipo_base-2layer_fold,83,0.7756724953651428,0.7756724953651428,0.31021174788475037,0.31021174788475037,0.46441033482551575,0.46441033482551575,0.8818931579589844,0.8818931579589844,24363.15625,24363.15625,0.31021174788475037,0.31021174788475037,0.004748869687318802,0.6293236613273621,0.5532371401786804,0.5570182800292969,0.803343653678894,0.9897015690803528,0.5532371401786804,0.6907644271850586,0.4093746244907379,0.5024444460868835,0.8625863790512085,926.4051513671875,0.4093746244907379,0.0
lipo_base_BASELINE_EXP-GAT-lipo_base-2layer_fold,78,0.2545793652534485,0.2545793652534485,0.8140102624893188,0.8140102624893188,0.7138825058937073,0.7138825058937073,0.7135416865348816,0.7135416865348816,0.4145771265029907,0.4145771265029907,0.8140102624893188,0.8140102624893188,0.005142711102962494,0.5475563406944275,0.5636662244796753,0.5638914704322815,0.7630099058151245,890.9522094726562,0.5636662244796753,0.5846948027610779,0.5845257043838501,0.6056354641914368,0.7936782240867615,575.4100952148438,0.5845257043838501,0.0
lipo_base_BASELINE_EXP-GAT-lipo_base-2layer_fold,114,0.7873547077178955,0.7873547077178955,0.29574301838874817,0.29574301838874817,0.4554017186164856,0.4554017186164856,0.8943973779678345,0.8943973779678345,0.39871808886528015,0.39871808886528015,0.29574301838874817,0.29574301838874817,0.0010952790034934878,0.6495575904846191,0.4913460314273834,0.53200364112854,0.8123931884765625,0.8294126391410828,0.4913460314273834,0.6368541121482849,0.4970211386680603,0.5540082454681396,0.8198773860931396,915.2696533203125,0.4970211386680603,0.0
lipo_base_BASELINE_EXP-GAT-lipo_base-2layer_fold,131,0.6926699876785278,0.6926699876785278,0.41017502546310425,0.41017502546310425,0.5045238733291626,0.5045238733291626,0.8334166407585144,0.8334166407585144,0.38518550992012024,0.38518550992012024,0.41017502546310425,0.41017502546310425,3.205698885722086e-05,0.6027597784996033,0.5231512784957886,0.5553358793258667,0.7843644618988037,1929.3546142578125,0.5231512784957886,0.675413191318512,0.45139867067337036,0.5284903645515442,0.8445509076118469,28.387317657470703,0.45139867067337036,0.0
lipo_base_BASELINE_EXP-GAT-lipo_base-2layer_fold,93,0.5933873653411865,0.5933873653411865,0.4145447015762329,0.4145447015762329,0.5157482624053955,0.5157482624053955,0.8082155585289001,0.8082155585289001,0.2690912187099457,0.2690912187099457,0.4145447015762329,0.4145447015762329,0.0036677690222859383,0.6243098974227905,0.5544721484184265,0.5759381651878357,0.8005735278129578,0.8820708990097046,0.5544721484184265,0.5869540572166443,0.540639340877533,0.5779340267181396,0.8003814816474915,944.9911499023438,0.540639340877533,0.0
lipo_base_BASELINE_EXP-GAT-lipo_base-2layer_fold,110,0.5869308710098267,0.5869308710098267,0.5824592113494873,0.5824592113494873,0.6283113956451416,0.6283113956451416,0.7825762629508972,0.7825762629508972,0.7465652823448181,0.7465652823448181,0.5824592113494873,0.5824592113494873,0.001540802652016282,0.6456038355827332,0.5299379825592041,0.5604333281517029,0.8113718032836914,1.0000799894332886,0.5299379825592041,0.6373164653778076,0.47554028034210205,0.5399426817893982,0.8274738192558289,1011.7430419921875,0.47554028034210205,0.0
lipo_base_BASELINE_EXP-GCN-lipo_base-2layer_fold,66,0.7633503079414368,0.7633503079414368,0.24293428659439087,0.24293428659439087,0.3714039623737335,0.3714039623737335,0.9003615975379944,0.9003615975379944,0.2720038592815399,0.2720038592815399,0.24293428659439087,0.24293428659439087,1.1407213605707511e-05,0.5492780208587646,0.5717759728431702,0.5652507543563843,0.7564941644668579,866.7418212890625,0.5717759728431702,0.7643886208534241,0.33692678809165955,0.45639854669570923,0.8902994990348816,404.6968078613281,0.33692678809165955,0.0
lipo_base_BASELINE_EXP-GCN-lipo_base-2layer_fold,63,0.8237566351890564,0.8237566351890564,0.23829971253871918,0.23829971253871918,0.4057886302471161,0.4057886302471161,0.9081383943557739,0.9081383943557739,0.24887709319591522,0.24887709319591522,0.23829971253871918,0.23829971253871918,0.00014531785564031452,0.6052049994468689,0.552268385887146,0.566828727722168,0.7884302735328674,0.9253977537155151,0.552268385887146,0.7380183339118958,0.3591912090778351,0.46345165371894836,0.8802781105041504,326.30877685546875,0.3591912090778351,0.0
lipo_base_BASELINE_EXP-GCN-lipo_base-2layer_fold,57,0.7090328931808472,0.7090328931808472,0.3937065899372101,0.3937065899372101,0.5374096632003784,0.5374096632003784,0.8460724949836731,0.8460724949836731,0.3922896683216095,0.3922896683216095,0.3937065899372101,0.3937065899372101,0.0010103515814989805,0.5693222284317017,0.573028564453125,0.5712761878967285,0.7599506378173828,3603.235107421875,0.573028564453125,0.7282983064651489,0.37234967947006226,0.48224321007728577,0.8771899938583374,124.44954681396484,0.37234967947006226,0.0
lipo_base_BASELINE_EXP-GCN-lipo_base-2layer_fold,61,0.8589121103286743,0.8589121103286743,0.18184269964694977,0.18184269964694977,0.33072569966316223,0.33072569966316223,0.9300839900970459,0.9300839900970459,0.18801340460777283,0.18801340460777283,0.18184269964694977,0.18184269964694977,0.0003461238811723888,0.6255475878715515,0.5516871809959412,0.5646129250526428,0.795065701007843,0.8697853684425354,0.5516871809959412,0.7595147490501404,0.32481446862220764,0.44643494486808777,0.888805091381073,553.6469116210938,0.32481446862220764,0.0
lipo_base_BASELINE_EXP-GCN-lipo_base-2layer_fold,64,0.719090461730957,0.719090461730957,0.4185287356376648,0.4185287356376648,0.4893891513347626,0.4893891513347626,0.8833879232406616,0.8833879232406616,0.4771941900253296,0.4771941900253296,0.4185287356376648,0.4185287356376648,7.423717761412263e-05,0.6347214579582214,0.5467879176139832,0.563477098941803,0.8028395175933838,0.9082992672920227,0.5467879176139832,0.7732187509536743,0.3048926591873169,0.4349794089794159,0.899356484413147,259.98236083984375,0.3048926591873169,0.0
mp_base_BASELINE_CROSS_EXP-GIN-mp_base-2layer_fold,102,0.8027151226997375,0.8027151226997375,1431.9432373046875,1431.9432373046875,29.002689361572266,29.002689361572266,0.8993620276451111,0.8993620276451111,0.8920823335647583,0.8920823335647583,1431.9432373046875,1431.9432373046875,0.0006220887298695743,0.6697413325309753,1834.881103515625,32.945858001708984,0.8269654512405396,8101.33740234375,1834.881103515625,0.7780008316040039,1195.5146484375,26.880535125732422,0.8984531760215759,24440.056640625,1195.5146484375,0.0
mp_base_BASELINE_CROSS_EXP-GIN-mp_base-2layer_fold,99,0.8450677990913391,0.8450677990913391,958.4102783203125,958.4102783203125,25.16984748840332,25.16984748840332,0.9211134910583496,0.9211134910583496,0.7566446661949158,0.7566446661949158,958.4102783203125,958.4102783203125,0.0006769208121113479,0.6634383797645569,1670.31298828125,30.875024795532227,0.8285800814628601,5650.5517578125,1670.31298828125,0.7681988477706909,1291.851318359375,28.247045516967773,0.8908644914627075,18285.79296875,1291.851318359375,0.0
mp_base_BASELINE_CROSS_EXP-GIN-mp_base-2layer_fold,108,0.7991454601287842,0.7991454601287842,1199.8914794921875,1199.8914794921875,27.338293075561523,27.338293075561523,0.8941782712936401,0.8941782712936401,0.9972498416900635,0.9972498416900635,1199.8914794921875,1199.8914794921875,0.000501306145451963,0.7062751054763794,1610.4268798828125,30.91615867614746,0.8479347229003906,0.7238892912864685,1610.4268798828125,0.7608516216278076,1303.4808349609375,28.23988151550293,0.8884772658348083,33803.9921875,1303.4808349609375,0.0
mp_base_BASELINE_CROSS_EXP-GIN-mp_base-2layer_fold,107,0.8619399666786194,0.8619399666786194,718.8016357421875,718.8016357421875,20.624889373779297,20.624889373779297,0.9288764595985413,0.9288764595985413,0.9321973323822021,0.9321973323822021,718.8016357421875,718.8016357421875,0.0005188114591874182,0.6514953374862671,1909.175048828125,32.92296600341797,0.8209674954414368,4176.689453125,1909.175048828125,0.7858085036277771,1160.8172607421875,26.36801528930664,0.901857316493988,27538.740234375,1160.8172607421875,0.0
mp_base_BASELINE_CROSS_EXP-GIN-mp_base-2layer_fold,122,0.8279938101768494,0.8279938101768494,905.004150390625,905.004150390625,23.731081008911133,23.731081008911133,0.9153287410736084,0.9153287410736084,1.2970367670059204,1.2970367670059204,905.004150390625,905.004150390625,0.00022942422947380692,0.666294515132904,1858.4730224609375,33.363887786865234,0.8221773505210876,92568.4765625,1858.4730224609375,0.7897304892539978,1098.2615966796875,25.687246322631836,0.9074541926383972,21475.18359375,1098.2615966796875,0.0
esolv_base_BASELINE_CROSS_EXP-GIN-esolv_base-2layer_fold,71,0.8664274215698242,0.8664274215698242,0.3746798634529114,0.3746798634529114,0.4592651426792145,0.4592651426792145,0.946092963218689,0.946092963218689,0.23433078825473785,0.23433078825473785,0.3746798634529114,0.3746798634529114,0.0017969385953620076,0.7902031540870667,0.5024089217185974,0.47611919045448303,0.8972192406654358,0.21827369928359985,0.5024089217185974,0.8599401712417603,0.38401031494140625,0.4762555658817291,0.9415929317474365,0.31703856587409973,0.38401031494140625,0.0
esolv_base_BASELINE_CROSS_EXP-GIN-esolv_base-2layer_fold,138,0.8902775049209595,0.8902775049209595,0.33711767196655273,0.33711767196655273,0.441532701253891,0.441532701253891,0.9499846696853638,0.9499846696853638,0.493751585483551,0.493751585483551,0.33711767196655273,0.33711767196655273,0.0025483036879450083,0.8911949992179871,0.28595107793807983,0.3722730278968811,0.9461115598678589,0.3597840666770935,0.28595107793807983,0.8734450936317444,0.34544867277145386,0.4565286636352539,0.9562102556228638,0.2637993097305298,0.34544867277145386,0.0
esolv_base_BASELINE_CROSS_EXP-GIN-esolv_base-2layer_fold,52,0.7854546904563904,0.7854546904563904,0.6189908981323242,0.6189908981323242,0.5790044665336609,0.5790044665336609,0.9187159538269043,0.9187159538269043,0.20808519423007965,0.20808519423007965,0.6189908981323242,0.6189908981323242,0.007219410967081785,0.8422880172729492,0.4619511067867279,0.496214896440506,0.9189914464950562,0.30717477202415466,0.4619511067867279,0.7920946478843689,0.5592160820960999,0.5698657035827637,0.9133812785148621,0.3823988139629364,0.5592160820960999,0.0
esolv_base_BASELINE_CROSS_EXP-GIN-esolv_base-2layer_fold,70,0.9121806025505066,0.9121806025505066,0.23107092082500458,0.23107092082500458,0.3751201331615448,0.3751201331615448,0.9567711353302002,0.9567711353302002,0.15481120347976685,0.15481120347976685,0.23107092082500458,0.23107092082500458,0.0021439953707158566,0.7941910624504089,0.5194920301437378,0.4952794313430786,0.8933029770851135,0.30955636501312256,0.5194920301437378,0.8552179336547852,0.39565426111221313,0.46879854798316956,0.9365083575248718,0.3000800311565399,0.39565426111221313,0.0
esolv_base_BASELINE_CROSS_EXP-GIN-esolv_base-2layer_fold,149,0.8841903209686279,0.8841903209686279,0.3174205720424652,0.3174205720424652,0.42611896991729736,0.42611896991729736,0.949867308139801,0.949867308139801,0.2525077760219574,0.2525077760219574,0.3174205720424652,0.3174205720424652,0.0011326198000460863,0.8699266314506531,0.3552912473678589,0.3915581703186035,0.935206949710846,0.2496439665555954,0.3552912473678589,0.8811205625534058,0.3081435561180115,0.4177686274051666,0.9619905352592468,0.23551535606384277,0.3081435561180115,0.0
freesolv_base_BASELINE_CROSS_EXP-GIN-freesolv_base-2layer_fold,50,0.751698911190033,0.751698911190033,2.156944751739502,2.156944751739502,1.167891263961792,1.167891263961792,0.9431546330451965,0.9431546330451965,1.591679573059082,1.591679573059082,2.156944751739502,2.156944751739502,0.00014444121916312724,0.8121408224105835,2.4449617862701416,0.9869776964187622,0.9050737023353577,0.5096046924591064,2.4449617862701416,0.8254531621932983,2.307619571685791,1.1559385061264038,0.9387409687042236,1112.189453125,2.307619571685791,0.0
freesolv_base_BASELINE_CROSS_EXP-GIN-freesolv_base-2layer_fold,89,0.8649224638938904,0.8649224638938904,1.5564631223678589,1.5564631223678589,0.9502418637275696,0.9502418637275696,0.9447932243347168,0.9447932243347168,0.5713370442390442,0.5713370442390442,1.5564631223678589,1.5564631223678589,0.0017867819406092167,0.8460593819618225,2.3383970260620117,0.942604660987854,0.9307229518890381,0.9522548913955688,2.3383970260620117,0.8508106470108032,1.9926584959030151,0.9907180666923523,0.9550383687019348,3882.896240234375,1.9926584959030151,0.0
freesolv_base_BASELINE_CROSS_EXP-GIN-freesolv_base-2layer_fold,140,0.9362656474113464,0.9362656474113464,0.9220829010009766,0.9220829010009766,0.7548508644104004,0.7548508644104004,0.9682478904724121,0.9682478904724121,0.3715457320213318,0.3715457320213318,0.9220829010009766,0.9220829010009766,0.006344649940729141,0.9220113158226013,1.2758326530456543,0.8256217837333679,0.9655445218086243,1540.7899169921875,1.2758326530456543,0.8347977995872498,2.163106679916382,1.060571312904358,0.9524428844451904,1856.7662353515625,2.163106679916382,0.0
freesolv_base_BASELINE_CROSS_EXP-GIN-freesolv_base-2layer_fold,64,0.9208496809005737,0.9208496809005737,1.2268333435058594,1.2268333435058594,0.8718916773796082,0.8718916773796082,0.9637623429298401,0.9637623429298401,0.6461743116378784,0.6461743116378784,1.2268333435058594,1.2268333435058594,0.007314459886401892,0.7880898714065552,2.9234225749969482,1.195304274559021,0.8931602239608765,3811.656982421875,2.9234225749969482,0.778047502040863,3.196239471435547,1.2118629217147827,0.9182292819023132,1263.60009765625,3.196239471435547,0.0
freesolv_base_BASELINE_CROSS_EXP-GIN-freesolv_base-2layer_fold,195,0.9163692593574524,0.9163692593574524,1.0148086547851562,1.0148086547851562,0.7002408504486084,0.7002408504486084,0.9595435857772827,0.9595435857772827,4477.2685546875,4477.2685546875,1.0148086547851562,1.0148086547851562,0.0005291443085297942,0.8509612679481506,1.9675496816635132,0.8364136815071106,0.9353168606758118,0.7268397808074951,1.9675496816635132,0.9086830019950867,1.3336726427078247,0.851036012172699,0.9702338576316833,854.4578857421875,1.3336726427078247,0.0
lipo_base_BASELINE_CROSS_EXP-GIN-lipo_base-2layer_fold,66,0.8052680492401123,0.8052680492401123,0.3002687990665436,0.3002687990665436,0.42509177327156067,0.42509177327156067,0.9137515425682068,0.9137515425682068,1.7509452104568481,1.7509452104568481,0.3002687990665436,0.3002687990665436,1.1407213605707511e-05,0.5731338262557983,0.5371199250221252,0.5415986776351929,0.7640047669410706,1043.9071044921875,0.5371199250221252,0.7492285966873169,0.3419516086578369,0.4608515202999115,0.8923342227935791,206.67376708984375,0.3419516086578369,0.0
lipo_base_BASELINE_CROSS_EXP-GIN-lipo_base-2layer_fold,57,0.7552370429039001,0.7552370429039001,0.39874398708343506,0.39874398708343506,0.49900171160697937,0.49900171160697937,0.8717851042747498,0.8717851042747498,0.3970603048801422,0.3970603048801422,0.39874398708343506,0.39874398708343506,0.0010103515814989805,0.6455094218254089,0.4982796311378479,0.532249391078949,0.8136501908302307,0.8882624506950378,0.4982796311378479,0.7109063267707825,0.3937787115573883,0.49111586809158325,0.866219699382782,520.0907592773438,0.3937787115573883,0.0
lipo_base_BASELINE_CROSS_EXP-GIN-lipo_base-2layer_fold,130,0.8522322177886963,0.8522322177886963,0.16605912148952484,0.16605912148952484,0.3338719606399536,0.3338719606399536,0.9383111000061035,0.9383111000061035,0.4340764880180359,0.4340764880180359,0.16605912148952484,0.16605912148952484,5.246267028269358e-05,0.6107357144355774,0.5103585720062256,0.5417805910110474,0.7877745628356934,2377.316650390625,0.5103585720062256,0.8325743675231934,0.2268790602684021,0.374506413936615,0.9344353675842285,92.09681701660156,0.2268790602684021,0.0
lipo_base_BASELINE_CROSS_EXP-GIN-lipo_base-2layer_fold,119,0.8706204891204834,0.8706204891204834,0.18355774879455566,0.18355774879455566,0.3427717387676239,0.3427717387676239,0.941379725933075,0.941379725933075,0.24126486480236053,0.24126486480236053,0.18355774879455566,0.18355774879455566,0.0006332772318273783,0.6383187174797058,0.5311996340751648,0.5365612506866455,0.8092375993728638,0.8150293231010437,0.5311996340751648,0.8193355202674866,0.24047276377677917,0.38731643557548523,0.9268080592155457,610.275634765625,0.24047276377677917,0.0
lipo_base_BASELINE_CROSS_EXP-GIN-lipo_base-2layer_fold,66,0.5535423159599304,0.5535423159599304,0.33366936445236206,0.33366936445236206,0.4770200848579407,0.4770200848579407,0.8641382455825806,0.8641382455825806,1.4811961650848389,1.4811961650848389,0.33366936445236206,0.33366936445236206,1.1407213605707511e-05,0.6443685293197632,0.5332537293434143,0.5566977858543396,0.8096780776977539,0.8472592234611511,0.5332537293434143,0.734822690486908,0.34985315799713135,0.4657095968723297,0.8814279437065125,661.5056762695312,0.34985315799713135,0.0
