entry_id,smiles,cation_family,anion_family,value
AYHyc,CC[n+]1ccn(C)c1.N#C[N-]C#N,imidazolium,amides,1.7867
AfygE,CCCC[P+](CC)(CCCC)CCCC.CCOP(=O)([O-])OCC,phosphonium,organic phosphates,1.4223
AhLGM,CC[NH+](CC)CC.O=S(=O)([O-])O,ammonium,sulfates,1.874
AhWrV,CC[n+]1ccn(C)c1.CCOS(=O)(=O)[O-],imidazolium,sulfates,1.6823
AiOut,CCCCCCCCn1cc[n+](C)c1.[Cl-],imidazolium,inorganics,1.715
AkXVn,CCCC[n+]1ccn(C)c1.F[P-](F)(F)(F)(F)F,imidazolium,phosphates,1.4424000000000001
AoGgh,CC[n+]1ccn(C)c1.COS(=O)(=O)[O-],imidazolium,sulfates,1.762
AsTXR,CCCC[n+]1ccn(C)c1.CC(=O)[O-],imidazolium,carboxylates,1.65
AwFVr,CCCCCCCCn1cc[n+](C)c1.[Cl-],imidazolium,inorganics,1.721
AyWur,CCCC[n+]1ccccc1.O=S(=O)([N-]S(=O)(=O)C(F)(F)F)C(F)(F)F,pyridinium,bistriflamides,1.2455999999999998
BCyjp,C[NH2+]CCO.O=C[O-],ammonium,carboxylates,1.81555
BPEci,CCCCCC[n+]1ccn(C)c1.O=S(=O)([N-]S(=O)(=O)C(F)(F)F)C(F)(F)F,imidazolium,bistriflamides,1.22652
BPvFw,CCC[N+]1(C)CCCC1.O=S(=O)([N-]S(=O)(=O)C(F)(F)F)C(F)(F)F,pyrrolidinium,bistriflamides,1.2712999999999999
BQmlj,CCCC[n+]1ccn(C)c1.N#C[N-]C#N,imidazolium,amides,1.737
Bdchc,CCCCCCCC[P+](CCCC)(CCCC)CCCC.[Cl-],phosphonium,inorganics,1.5957999999999999
BpJHU,CCCC[N+]1(C)CCCC1.O=S(=O)([O-])C(F)(F)F,pyrrolidinium,sulfonates,1.461
BrMoX,CC[n+]1ccccc1.O=S(=O)([N-]S(=O)(=O)C(F)(F)F)C(F)(F)F,pyridinium,bistriflamides,1.2681
Bswyp,CC[n+]1ccn(C)c1.CC(=O)[O-],imidazolium,carboxylates,1.74
Bzesh,CC[N+]1(C)CCOCC1.CC(=O)NC(CC(C)C)C(=O)[O-],morpholinium,carboxylates,1.8635
CFyij,CCCC[n+]1ccn(C)c1.O=S(=O)([N-]S(=O)(=O)C(F)(F)F)C(F)(F)F,imidazolium,bistriflamides,1.2278
CMkus,CCCCCC[n+]1ccn(C)c1.O=S(=O)([N-]S(=O)(=O)C(F)(F)F)C(F)(F)F,imidazolium,bistriflamides,1.2259
CXPvv,CCCC[n+]1ccn(C)c1.[Cl-],imidazolium,inorganics,1.868
CYInd,CCCCCn1cc[n+](C)c1.O=S(=O)([N-]S(=O)(=O)C(F)(F)F)C(F)(F)F,imidazolium,bistriflamides,1.227
CzSFD,CCCC[n+]1ccn(C)c1.[Cl-],imidazolium,inorganics,1.868
DDwik,CCCC[n+]1ccn(C)c1.COS(=O)(=O)[O-],imidazolium,sulfates,1.658
DIFRW,CC[n+]1ccn(C)c1.CS(=O)(=O)[O-],imidazolium,sulfonates,1.7657
DJudV,CCCCCCCC[n+]1ccn(C)c1.F[P-](F)(F)(F)(F)F,imidazolium,phosphates,1.408
DTIHo,CC[N+](C)(C)CCO.CCOS(=O)(=O)[O-],ammonium,sulfates,1.714
DTfSP,C[N+]1=C(O)CCC1.CCCC(=O)[O-],amidium,carboxylates,1.418
DZNUG,CCCCCC[n+]1ccn(C)c1.[Br-],imidazolium,inorganics,1.5875
Dlydc,CC[N+](C)(C)CCO.CCCCS(=O)(=O)[O-],ammonium,sulfonates,1.694
DmXQo,CC[NH2+]CC.O=S(=O)([O-])O,ammonium,sulfates,1.432
DqLHY,CC(C)OC(=O)C(C)[NH3+].CCCCCCCCCCCCOS(=O)(=O)[O-],ammonium,sulfates,1.4014000000000002
DwpjB,CCCC[N+]1(C)CCCC1.O=S(=O)([N-]S(=O)(=O)C(F)(F)F)C(F)(F)F,pyrrolidinium,bistriflamides,1.2692999999999999
EFBJs,CCCCCC[NH+](CCCCCC)CCCCCC.CCCC(=O)[O-],ammonium,carboxylates,1.3267
EKfmH,Cc1ccc[n+](C)c1.COS(=O)(=O)[O-],pyridinium,sulfates,1.8222
EQPgK,Cn1cc[n+](C)c1.COS(=O)(=O)[O-],imidazolium,sulfates,1.813
EotRr,CCCCn1cc[n+](CC)c1.O=S(=O)([O-])C(F)(F)F,imidazolium,sulfonates,1.3731
FCpSU,CC(C)OC(=O)CCC([NH3+])C(=O)OC(C)C.CCCCCCCCCCCCOS(=O)(=O)[O-],ammonium,sulfates,1.389
FNExZ,CCCC[N+]1(C)CCCC1.O=S(=O)([N-]S(=O)(=O)C(F)(F)F)C(F)(F)F,pyrrolidinium,bistriflamides,1.27
FTrEM,CCCC[n+]1cccc(C)c1.O=S(=O)([N-]S(=O)(=O)C(F)(F)F)C(F)(F)F,pyridinium,bistriflamides,1.248
FtZsM,CCCC[n+]1ccn(C)c1.O=S(=O)([N-]S(=O)(=O)C(F)(F)F)C(F)(F)F,imidazolium,bistriflamides,1.2279
GUHga,CCCC[n+]1ccn(C)c1.N#C[S-],imidazolium,inorganics,1.7672
Gxshz,CCCC[n+]1ccn(C)c1.O=S(=O)([N-]S(=O)(=O)C(F)(F)F)C(F)(F)F,imidazolium,bistriflamides,1.2279
HLMnr,CCCC[n+]1ccn(CCC(C)C)c1.O=S(=O)([N-]S(=O)(=O)C(F)(F)F)C(F)(F)F,imidazolium,bistriflamides,1.21745
HPwzu,CC[NH2+]CC.CC(=O)[O-],ammonium,carboxylates,1.608
HTWkQ,CCCC[n+]1ccn(C)c1.O=S(=O)([N-]S(=O)(=O)C(F)(F)F)C(F)(F)F,imidazolium,bistriflamides,1.2278
Hglel,CCCCCCCCn1cc[n+](C)c1.[Br-],imidazolium,inorganics,1.5617999999999999
Hlxus,CCCC[n+]1ccn(C)c1.N#C[N-]C#N,imidazolium,amides,1.7381
HqujR,CCCCCC[NH+](CCCCCC)CCCCCC.CCCCCCCC(=O)[O-],ammonium,carboxylates,1.3477000000000001
HrwQI,CC[n+]1ccn(C)c1.CCOS(=O)(=O)[O-],imidazolium,sulfates,1.6807999999999998
HxrSo,CCCC[n+]1ccn(C)c1.O=S(=O)([N-]S(=O)(=O)C(F)(F)F)C(F)(F)F,imidazolium,bistriflamides,1.2282
IDLQK,CCCC[N+]1(C)CCCC1.O=S(=O)([N-]S(=O)(=O)C(F)(F)F)C(F)(F)F,pyrrolidinium,bistriflamides,1.2677
IJWeB,CC(C)COC(=O)C([NH3+])C(C)C.CCCCCCCCCCCCOS(=O)(=O)[O-],ammonium,sulfates,1.4085999999999999
ILzmn,C[N+]1=C(O)CCC1.CCCCC(=O)[O-],amidium,carboxylates,1.4105
INdlX,OCC[NH2+]CCO.O=C[O-],ammonium,carboxylates,1.79885
IQDvb,CCCC[n+]1ccn(C)c1.COS(=O)(=O)[O-],imidazolium,sulfates,1.6584
IWwQI,CC[n+]1ccn(C)c1.CC(=O)[O-],imidazolium,carboxylates,1.737
IZuUy,CCCCCCCCCC[n+]1ccn(COC2CC(C)CCC2C(C)C)c1.O=S(=O)([N-]S(=O)(=O)C(F)(F)F)C(F)(F)F,imidazolium,bistriflamides,1.2832999999999999
IpOSe,CC[n+]1cccc(C)c1.O=S(=O)([N-]S(=O)(=O)C(F)(F)F)C(F)(F)F,pyridinium,bistriflamides,1.26
IpwmJ,C[NH+](C)C.O=S(=O)([O-])O,ammonium,sulfates,1.564
JURnF,CC[n+]1ccn(C)c1.O=S(=O)([O-])C(F)(F)F,imidazolium,sulfonates,1.4356
JYmMu,CC[n+]1ccn(C)c1.O=S(=O)([N-]S(=O)(=O)C(F)(F)F)C(F)(F)F,imidazolium,bistriflamides,1.2395999999999998
JgvJW,CCCC[n+]1ccn(C)c1.F[P-](F)(F)(F)(F)F,imidazolium,phosphates,1.443
JkesW,CCCC[n+]1ccn(C)c1.F[P-](F)(F)(F)(F)F,imidazolium,phosphates,1.4436
JmDwK,CCCCCCCCCn1cc[n+](C)c1.O=S(=O)([N-]S(=O)(=O)C(F)(F)F)C(F)(F)F,imidazolium,bistriflamides,1.239
JyMva,CCCC[n+]1ccn(C)c1.O=S(=O)([N-]S(=O)(=O)C(F)(F)F)C(F)(F)F,imidazolium,bistriflamides,1.2278
Jzjoc,CCCC[N+](C)(CCCC)CCCC.O=S(=O)([N-]S(=O)(=O)C(F)(F)F)C(F)(F)F,ammonium,bistriflamides,1.276
KEoTN,CCCCCn1cc[n+](C)c1.O=S(=O)([N-]S(=O)(=O)C(F)(F)F)C(F)(F)F,imidazolium,bistriflamides,1.228
KJlaV,CC[n+]1ccn(C)c1.O=S(=O)([O-])C(F)(F)F,imidazolium,sulfonates,1.4356
KOtGW,CC[n+]1ccn(C)c1.COS(=O)(=O)[O-],imidazolium,sulfates,1.756
KPSln,CCCCCC[n+]1ccn(C)c1.O=S(=O)([N-]S(=O)(=O)C(F)(F)F)C(F)(F)F,imidazolium,bistriflamides,1.228
KXGem,CC[n+]1cccc(C)c1.O=S(=O)([N-]S(=O)(=O)C(F)(F)F)C(F)(F)F,pyridinium,bistriflamides,1.2595999999999998
KffFt,CCCC[n+]1ccn(C)c1.O=S(=O)([N-]S(=O)(=O)C(F)(F)F)C(F)(F)F,imidazolium,bistriflamides,1.2267000000000001
Kqrha,CCCCCC[n+]1ccn(C)c1.O=S(=O)([N-]S(=O)(=O)C(F)(F)F)C(F)(F)F,imidazolium,bistriflamides,1.227
KsXpe,CCCC[n+]1ccn(CC)c1.O=S(=O)([N-]S(=O)(=O)C(F)(F)F)C(F)(F)F,imidazolium,bistriflamides,1.222
KyZEg,CCCC[P+](C)(CCCC)CCCC.COS(=O)(=O)[O-],phosphonium,sulfates,1.546
Kycyb,CCCC[N+]1(C)CCOCC1.CC(=O)NC(C)C(=O)[O-],morpholinium,carboxylates,1.8665
LLtXz,CCCC[n+]1ccn(C)c1.O=S(=O)([O-])O,imidazolium,sulfates,1.6898
LQZfQ,CCCC[n+]1cccc(C)c1.O=S(=O)([O-])C(F)(F)F,pyridinium,sulfonates,1.4122999999999999
LTRqy,CCCC[N+]1(C)CCOCC1.CC(=O)NC(CC(C)C)C(=O)[O-],morpholinium,carboxylates,1.7955999999999999
LZQoD,CCCCCCCCn1cc[n+](C)c1.[Cl-],imidazolium,inorganics,1.715
LeWgA,CC[n+]1ccn(C)c1.CS(=O)(=O)[O-],imidazolium,sulfonates,1.766
LvoSq,Cn1cc[n+](C)c1.COS(=O)(=O)[O-],imidazolium,sulfates,1.813
LwMVS,CCCCCC[n+]1ccn(C)c1.N#C[N-]C#N,imidazolium,amides,1.687
MHDvd,CCCC[n+]1ccn(C)c1.[I-],imidazolium,inorganics,1.4975
MIGpS,CC[n+]1ccn(C)c1.O=S(=O)([O-])C(F)(F)F,imidazolium,sulfonates,1.4358
MJyHT,CCn1cc[n+](C)c1.CC(O)C(=O)[O-],imidazolium,carboxylates,1.73205
MNWpd,CC[n+]1ccccc1.O=S(=O)([N-]S(=O)(=O)C(F)(F)F)C(F)(F)F,pyridinium,bistriflamides,1.2674
MOdfa,CCCC[n+]1ccn(C)c1.F[P-](F)(F)(F)(F)F,imidazolium,phosphates,1.4424000000000001
MWRQN,CCCC[n+]1ccn(C)c1.CCCCCCCCOS(=O)(=O)[O-],imidazolium,sulfates,1.4847000000000001
MbrCu,CCCC[n+]1ccn(C)c1.N#C[S-],imidazolium,inorganics,1.7675
MfeAl,CC[n+]1ccn(C)c1.CC(=O)[O-],imidazolium,carboxylates,1.735
MlcdX,CC[n+]1ccn(C)c1.CC(=O)[O-],imidazolium,carboxylates,1.735
NKimN,CC[NH2+]CC.O=S(=O)([O-])O,ammonium,sulfates,1.432
NdcGQ,CCCCCCCC[n+]1ccn(C)c1.F[P-](F)(F)(F)(F)F,imidazolium,phosphates,1.408
Njjqs,CCCC[n+]1ccn(C)c1.F[P-](F)(F)(F)(F)F,imidazolium,phosphates,1.4423
NmzBi,CCCC[N+]1(C)CCCC1.O=S(=O)([N-]S(=O)(=O)C(F)(F)F)C(F)(F)F,pyrrolidinium,bistriflamides,1.2694
NpsXK,CCCCCC[n+]1ccn(C)c1.O=S(=O)([N-]S(=O)(=O)C(F)(F)F)C(F)(F)F,imidazolium,bistriflamides,1.226
Nstov,CCCC[n+]1ccn(C)c1.CCCCCCCCOS(=O)(=O)[O-],imidazolium,sulfates,1.4713500000000002
NxQhm,CCCn1cc[n+](C)c1.[Br-],imidazolium,inorganics,1.672
OEuiJ,CCCC[P+](C)(CCCC)CCCC.COS(=O)(=O)[O-],phosphonium,sulfates,1.546
OItsF,CC(C)C[P+](C)(CC(C)C)CC(C)C.Cc1ccc(S(=O)(=O)[O-])cc1,phosphonium,sulfonates,1.6288
Oemtf,CCCCCCCC[n+]1ccn(C)c1.F[P-](F)(F)(F)(F)F,imidazolium,phosphates,1.4064
OhfWK,[NH3+]CCO.CC(O)C(=O)[O-],ammonium,carboxylates,1.8656
OxZml,CCCCCC[n+]1ccn(C)c1.[Br-],imidazolium,inorganics,1.5872
PAOlK,CC[n+]1ccn(COC2CC(C)CCC2C(C)C)c1.O=S(=O)([N-]S(=O)(=O)C(F)(F)F)C(F)(F)F,imidazolium,bistriflamides,1.2686
PDLfk,CCCC[N+]1(C)CCCC1.O=S(=O)([N-]S(=O)(=O)C(F)(F)F)C(F)(F)F,pyrrolidinium,bistriflamides,1.2677
PFkBv,CC[n+]1ccn(C)c1.CCOS(=O)(=O)[O-],imidazolium,sulfates,1.6802000000000001
PMNdH,CCCCCC[n+]1ccccc1.O=S(=O)([N-]S(=O)(=O)C(F)(F)F)C(F)(F)F,pyridinium,bistriflamides,1.2307000000000001
PWDZP,Cn1cc[n+](C)c1.COS(=O)(=O)[O-],imidazolium,sulfates,1.8115
PeQce,CCCCCC[N+]1(C)CCOCC1.CC(=O)NC(C(=O)[O-])C(C)C,morpholinium,carboxylates,1.7467000000000001
PftMo,CCC[n+]1ccccc1C.O=S(=O)([N-]S(=O)(=O)C(F)(F)F)C(F)(F)F,pyridinium,bistriflamides,1.2858
Pqhud,CCC[n+]1ccn(COC2CC(C)CCC2C(C)C)c1.O=S(=O)([N-]S(=O)(=O)C(F)(F)F)C(F)(F)F,imidazolium,bistriflamides,1.2708
PspXL,CCCC[n+]1ccn(C)c1.O=S(=O)([N-]S(=O)(=O)C(F)(F)F)C(F)(F)F,imidazolium,bistriflamides,1.228
PzXBr,CCCC[n+]1ccccc1.O=S(=O)([O-])C(F)(F)F,pyridinium,sulfonates,1.4161
QHkVT,CCCC[n+]1ccn(C)c1.F[P-](F)(F)(F)(F)F,imidazolium,phosphates,1.443
QNtom,CCCC[n+]1ccn(C)c1.O=S(=O)([N-]S(=O)(=O)C(F)(F)F)C(F)(F)F,imidazolium,bistriflamides,1.22752
QZbfX,CCC[NH3+].O=C[O-],ammonium,carboxylates,1.5407
Qqzdv,C[NH+](C)C.O=P([O-])(O)O,ammonium,organic phosphates,1.672
QtFhi,OCC[NH2+]c1ccccc1.CCCC(=O)[O-],ammonium,carboxylates,1.5263
Quvvv,CCCC[n+]1ccn(C)c1.O=S(=O)([O-])C(F)(F)F,imidazolium,sulfonates,1.3932
QwxZU,CCCCCc1c(C)cc(C)c[n+]1CC.O=S(=O)([N-]S(=O)(=O)C(F)(F)F)C(F)(F)F,pyridinium,bistriflamides,1.309
RPjtD,CCC[N+]1(C)CCOCC1.CC(=O)NC(CC(C)C)C(=O)[O-],morpholinium,carboxylates,1.8234000000000001
RUXNe,CCCCCc1c(C)cc(C)c[n+]1CCCC.O=S(=O)([N-]S(=O)(=O)C(F)(F)F)C(F)(F)F,pyridinium,bistriflamides,1.293
RZjQo,CCCC[NH+](CCCC)CCCC.[Cl-],ammonium,inorganics,1.3182
Rezes,CCCCCC[N+](CC)(CC)CC.O=S(=O)([N-]S(=O)(=O)C(F)(F)F)C(F)(F)F,ammonium,bistriflamides,1.2827
RrQPr,CCCCCC[n+]1cc(C)cc(C)c1CCCCC.O=S(=O)([N-]S(=O)(=O)C(F)(F)F)C(F)(F)F,pyridinium,bistriflamides,1.291
Rvcmm,CCCC[n+]1ccccc1.O=S(=O)([N-]S(=O)(=O)C(F)(F)F)C(F)(F)F,pyridinium,bistriflamides,1.2466
SdOHb,CC[n+]1ccn(C)c1.O=S(=O)([N-]S(=O)(=O)C(F)(F)F)C(F)(F)F,imidazolium,bistriflamides,1.2408
SeRCV,CCCCCCCCCCCC[n+]1ccn(C)c1.O=S(=O)([N-]S(=O)(=O)C(F)(F)F)C(F)(F)F,imidazolium,bistriflamides,1.3353
SmybT,CC[n+]1ccn(C)c1.N#C[S-],imidazolium,inorganics,1.851
SrfPr,CCCn1cc[n+](C)c1.O=S(=O)([N-]S(=O)(=O)C(F)(F)F)C(F)(F)F,imidazolium,bistriflamides,1.233
SusvA,CCCC[n+]1ccn(C)c1.F[P-](F)(F)(F)(F)F,imidazolium,phosphates,1.4415
TBZEi,C[NH2+]CCO.CCC(=O)[O-],ammonium,carboxylates,1.6384
THgwi,C[NH+](C)C.O=P([O-])(O)O,ammonium,organic phosphates,1.672
TLAbd,CC[n+]1ccn(C)c1.O=S(=O)([O-])O,imidazolium,sulfates,1.9828
TUAcI,CC[n+]1ccn(C)c1.CS(=O)(=O)[O-],imidazolium,sulfonates,1.7666
TZmcn,C[NH+](C)C.O=S(=O)([O-])O,ammonium,sulfates,1.564
ThWgC,CCCCCCCC[n+]1ccn(C)c1.F[P-](F)(F)(F)(F)F,imidazolium,phosphates,1.4065
TkYLI,C[N+]1=C(O)CCC1.CC(=O)[O-],amidium,carboxylates,1.4735
TmMUk,CCCC[n+]1ccn(C)c1.N#C[S-],imidazolium,inorganics,1.7672
TpPNm,CC[n+]1ccn(C)c1.CCOS(=O)(=O)[O-],imidazolium,sulfates,1.6782000000000001
TpgdN,CC[n+]1ccn(C)c1.CC(=O)[O-],imidazolium,carboxylates,1.74
TwSQW,CCCCCCCC[N+](C)(CCCCCCCC)CCCCCCCC.O=S(=O)([N-]S(=O)(=O)C(F)(F)F)C(F)(F)F,ammonium,bistriflamides,1.26
UGNDf,CCCCCC[n+]1ccn(C)c1.F[P-](F)(F)(F)(F)F,imidazolium,phosphates,1.424
UJmdv,CCCCCCCC[N+]1(C)CCOCC1.CC(=O)NC(C)C(=O)[O-],morpholinium,carboxylates,1.7307000000000001
UJxib,CCCCCCCCn1cc[n+](C)c1.N#C[S-],imidazolium,inorganics,1.6149
UaUGS,CC[n+]1ccn(C)c1.COS(=O)(=O)[O-],imidazolium,sulfates,1.758
UirVr,CC[NH+](CC)CC.O=P([O-])(O)O,ammonium,organic phosphates,1.794
UrAKy,CN(C)C(=[NH2+])N(C)C.CCCCCC(=O)[O-],guanidinium,carboxylates,1.522
Usiwh,CC(C)COC(=O)C([NH3+])C(C)C.CCCCCCCCCCCCOS(=O)(=O)[O-],ammonium,sulfates,0.00100929
VJfjF,CC(C)OC(=O)C1CCC[NH2+]1.CCCCCCCCCCCCOS(=O)(=O)[O-],pyrrolidinium,sulfates,1.4192
VQaJO,CCCCCC[n+]1ccn(C)c1.N#C[N-]C#N,imidazolium,amides,1.6877
VfiVK,CC[n+]1ccn(C)c1.COS(=O)(=O)[O-],imidazolium,sulfates,1.7621
VyVUj,CCCCCC[n+]1cc(C)cc(C)c1C.O=S(=O)([N-]S(=O)(=O)C(F)(F)F)C(F)(F)F,pyridinium,bistriflamides,1.288
WBZRV,CCCC[n+]1ccn(C)c1.O=S(=O)([N-]S(=O)(=O)C(F)(F)F)C(F)(F)F,imidazolium,bistriflamides,1.2274
WJEOG,Cn1cc[n+](Cc2ccccc2)c1.O=S(=O)([N-]S(=O)(=O)C(F)(F)F)C(F)(F)F,imidazolium,bistriflamides,1.334
WKcyi,CC[n+]1ccccc1.O=S(=O)([N-]S(=O)(=O)C(F)(F)F)C(F)(F)F,pyridinium,bistriflamides,1.2686
WPPnQ,CC[n+]1ccn(C)c1.N#C[C-](C#N)C#N,imidazolium,methanides,1.674
WTScB,CC[n+]1ccn(C)c1.O=S(=O)([O-])C(F)(F)F,imidazolium,sulfonates,1.4356
WagBB,CCCC[n+]1ccn(C)c1.O=S(=O)([O-])C(F)(F)F,imidazolium,sulfonates,1.3914000000000002
WezUV,CCCC[n+]1ccn(C)c1.F[P-](F)(F)(F)(F)F,imidazolium,phosphates,1.4422000000000001
WhYYS,CCCC[P+](C)(CCCC)CCCC.COS(=O)(=O)[O-],phosphonium,sulfates,1.5462
WmZLi,CCCCn1cc[n+](C2CCCC2)c1.O=S(=O)([N-]S(=O)(=O)C(F)(F)F)C(F)(F)F,imidazolium,bistriflamides,1.271
XFnGZ,CCCCCC[n+]1ccn(C)c1.N#C[S-],imidazolium,inorganics,1.6692
XQGjv,CC[N+]1(C)CCOCC1.CC(=O)NC(C)C(=O)[O-],morpholinium,carboxylates,1.9839
XQzeO,CCCC[n+]1ccn(C)c1.F[P-](F)(F)(F)(F)F,imidazolium,phosphates,1.4425999999999999
XRbZv,CCCCCCCC[N+]1(C)CCOCC1.CC(=O)NC(C(=O)[O-])C(C)C,morpholinium,carboxylates,1.685
XSHVY,CCCCCCCCn1cc[n+](C)c1.O=S(=O)([N-]S(=O)(=O)C(F)(F)F)C(F)(F)F,imidazolium,bistriflamides,1.234
XSMyR,CC(C)OC(=O)C([NH3+])C(C)C.CCCCCCCCCCCCOS(=O)(=O)[O-],ammonium,sulfates,1.4005
XTwOL,CCCC[n+]1ccn(C)c1.CC(=O)[O-],imidazolium,carboxylates,1.65
XVSgT,CCCC[n+]1ccn(C)c1.O=S(=O)([N-]S(=O)(=O)C(F)(F)F)C(F)(F)F,imidazolium,bistriflamides,1.226
XYMap,CC[N+]1(C)CCOCC1.CC(=O)NC(C(=O)[O-])C(C)C,morpholinium,carboxylates,1.9243
XoyCL,CC[n+]1ccn(C)c1.CS(=O)(=O)[O-],imidazolium,sulfonates,1.7668
XsrFW,CCCCCn1cc[n+](CCCC)c1.O=S(=O)([N-]S(=O)(=O)C(F)(F)F)C(F)(F)F,imidazolium,bistriflamides,1.21365
YFHKN,CCCCn1cc[n+](C)c1.FC(F)(F)C(F)(F)[P-](F)(F)(F)(C(F)(F)C(F)(F)F)C(F)(F)C(F)(F)F,imidazolium,phosphates,1.1087
YIqSf,CCc1cccc[n+]1CC.CCOS(=O)(=O)[O-],pyridinium,sulfates,1.7452
YMPUD,CCCCCCCC[n+]1ccn(C)c1.F[P-](F)(F)(F)(F)F,imidazolium,phosphates,1.4047
YSvNU,C=CC[n+]1ccn(C)c1.O=S(=O)([N-]S(=O)(=O)C(F)(F)F)C(F)(F)F,imidazolium,bistriflamides,1.2402
YUyyo,CCCC[n+]1ccccc1.O=S(=O)([O-])C(F)(F)F,pyridinium,sulfonates,1.4161
YdNNi,C[NH2+]CCO.CC(C)C(=O)[O-],ammonium,carboxylates,1.611675
YfXUG,CCCC[n+]1ccn(C)c1.CCCCCCCCOS(=O)(=O)[O-],imidazolium,sulfates,1.4847000000000001
YfpTk,CCCCCC[N+]1(C)CCOCC1.CC(=O)NC(C)C(=O)[O-],morpholinium,carboxylates,1.8182
YkCJm,CCCCCCCCn1cc[n+](C)c1.N#C[S-],imidazolium,inorganics,1.615
YnHKQ,CC[n+]1ccn(C)c1.COS(=O)(=O)[O-],imidazolium,sulfates,1.755
ZFuaZ,CCCC[n+]1ccn(C)c1.O=S(=O)([N-]S(=O)(=O)C(F)(F)F)C(F)(F)F,imidazolium,bistriflamides,1.2275
ZNAhb,CCCC[n+]1ccn(C)c1.O=S(=O)([O-])C(F)(F)F,imidazolium,sulfonates,1.3921
ZRWIJ,CCCCCC[n+]1ccn(C)c1.F[P-](F)(F)(F)(F)F,imidazolium,phosphates,1.4244
ZVDqb,CC[NH+](CC)CC.O=S(=O)([O-])O,ammonium,sulfates,1.874
ZfWHB,CCCCCCCC[n+]1ccn(C)c1.F[P-](F)(F)(F)(F)F,imidazolium,phosphates,1.3734000000000002
ZnVOG,CCCC[n+]1ccn(C)c1.O=S(=O)([O-])C(F)(F)F,imidazolium,sulfonates,1.3921
Zzxfe,CCCC[N+]1(C)CCCC1.N#C[N-]C#N,pyrrolidinium,amides,1.8111
aBxqH,CCCCCn1cc[n+](C)c1.O=S(=O)([N-]S(=O)(=O)C(F)(F)F)C(F)(F)F,imidazolium,bistriflamides,1.2262
aWCcB,C[NH+](C)C.CC(=O)[O-],ammonium,carboxylates,1.544
aafbj,OCC[NH2+]c1ccccc1.CCCCC(=O)[O-],ammonium,carboxylates,1.5112999999999999
adgYs,CCCCCC[NH+](CCCCCC)CCCCCC.CCCCCC(=O)[O-],ammonium,carboxylates,1.3357
aefaz,CCCCCCCC[NH+](CCCCCCCC)CCCCCCCC.CCCC(=O)[O-],ammonium,carboxylates,1.3596
ahhFV,[NH3+]CCO.CC(O)C(=O)[O-],ammonium,carboxylates,1.8655
axyRs,CCCCC[n+]1ccn(C)c1.[Br-],imidazolium,inorganics,1.6175
bGxYc,CCCCCC[n+]1ccn(C)c1.O=S(=O)([N-]S(=O)(=O)C(F)(F)F)C(F)(F)F,imidazolium,bistriflamides,1.2257
bTUaL,CCCCCC[n+]1ccn(C)c1.F[P-](F)(F)(F)(F)F,imidazolium,phosphates,1.4242000000000001
bUcSR,CCCCCCCCn1cc[n+](C)c1.O=S(=O)([N-]S(=O)(=O)C(F)(F)F)C(F)(F)F,imidazolium,bistriflamides,1.2342
bcFgi,CCCC[n+]1ccn(C)c1.F[P-](F)(F)(F)(F)F,imidazolium,phosphates,1.4429
bgFmf,CC[n+]1ccn(C)c1.N#C[S-],imidazolium,inorganics,1.8509
btEOa,CCCCCC[n+]1cn(CCCCS(=O)(=O)O)cn1.O=S(=O)([O-])C(F)(F)F,triazolium,sulfonates,1.32079
bwbIf,CC[n+]1ccn(C)c1.CCOS(=O)(=O)[O-],imidazolium,sulfates,1.6807999999999998
bzccl,CCc1cccc[n+]1CC.CCOS(=O)(=O)[O-],pyridinium,sulfates,1.7455999999999998
cPcJL,CCC[n+]1cccc(C)c1.O=S(=O)([N-]S(=O)(=O)C(F)(F)F)C(F)(F)F,pyridinium,bistriflamides,1.25
cfJMg,CC[n+]1ccn(C)c1.O=S(=O)([N-]S(=O)(=O)C(F)(F)F)C(F)(F)F,imidazolium,bistriflamides,1.24012
cnrQD,CCCCCC[n+]1ccccc1.O=S(=O)([N-]S(=O)(=O)C(F)(F)F)C(F)(F)F,pyridinium,bistriflamides,1.2401
ctkon,CCCC[n+]1ccn(C)c1.F[P-](F)(F)(F)(F)F,imidazolium,phosphates,1.4427999999999999
dBCYB,CCC[n+]1ccccc1.O=S(=O)([O-])C(F)(F)F,pyridinium,sulfonates,1.4235
dRiqa,CCCCCC[n+]1ccn(C)c1.O=S(=O)([O-])C(F)(F)F,imidazolium,sulfonates,1.3648
dUrEE,CC(C)COC(=O)C(C)[NH3+].CCCCCCCCCCCCOS(=O)(=O)[O-],ammonium,sulfates,1.4019000000000001
dhAcV,CCCC[n+]1ccn(C)c1.O=S(=O)([O-])C(F)(F)F,imidazolium,sulfonates,1.393
dlqiF,C[NH2+]CCO.CCCC(=O)[O-],ammonium,carboxylates,1.5629000000000002
dqlih,CC[n+]1ccccc1.CCOS(=O)(=O)[O-],pyridinium,sulfates,1.711
eTAGc,CC[S+](CC)CC.O=S(=O)([N-]S(=O)(=O)C(F)(F)F)C(F)(F)F,sulfonium,bistriflamides,1.2425
eYHgz,CCCn1cc[n+](C)c1.O=S(=O)([N-]S(=O)(=O)C(F)(F)F)C(F)(F)F,imidazolium,bistriflamides,1.2305
emAFD,CC[NH2+]CC.CC(=O)[O-],ammonium,carboxylates,1.608
fLukf,CC[n+]1ccn(C)c1.O=S(=O)([N-]S(=O)(=O)C(F)(F)F)C(F)(F)F,imidazolium,bistriflamides,1.24
fOjKC,CCC[NH3+].CC(=O)[O-],ammonium,carboxylates,1.508
fTLpO,CCCC[N+]1(C)CCCC1.N#C[N-]C#N,pyrrolidinium,amides,1.81
fdjwz,C[N+](C)(C)CCO.NCC(=O)[O-],ammonium,carboxylates,2.1424000000000003
fkono,CC(C)CCn1c[n+](CCCCS(=O)(=O)O)cn1.O=S(=O)([O-])C(F)(F)F,triazolium,sulfonates,1.3449200000000001
fksbP,C[NH+](C)C.O=S(=O)([O-])O,ammonium,sulfates,1.564
fqaBc,CCCCn1cc[n+](C)c1C.O=S(=O)([N-]S(=O)(=O)C(F)(F)F)C(F)(F)F,imidazolium,bistriflamides,1.278
fqeEs,CC[n+]1ccn(C)c1.CCOS(=O)(=O)[O-],imidazolium,sulfates,1.6792
ftAgt,CCCCCC[n+]1ccn(C)c1.F[P-](F)(F)(F)(F)F,imidazolium,phosphates,1.4235
fzmyb,CCCC[n+]1ccn(C)c1.COS(=O)(=O)[O-],imidazolium,sulfates,1.658
gMuhs,CCCCCCCCn1cc[n+](C)c1.[Cl-],imidazolium,inorganics,1.721
gdtZL,CCC[NH3+].CC(=O)[O-],ammonium,carboxylates,1.4907000000000001
gkAJk,C[N+]1=C(O)CCC1.CCC(=O)[O-],amidium,carboxylates,1.4425999999999999
gnfnp,CCCC[n+]1ccn(C)c1.COS(=O)(=O)[O-],imidazolium,sulfates,1.6571
gpOQm,OCC[NH2+]c1ccccc1.CCCCCC(=O)[O-],ammonium,carboxylates,1.4825
gsuWP,CCn1cc[n+](CC)c1.CCOS(=O)(=O)[O-],imidazolium,sulfates,1.6228
hUeak,CCCC[N+]1(C)CCCC1.COS(=O)(=O)[O-],pyrrolidinium,sulfates,1.7415999999999998
hdWGY,CCCCCC[n+]1ccn(C)c1.O=S(=O)([N-]S(=O)(=O)C(F)(F)F)C(F)(F)F,imidazolium,bistriflamides,1.22682
htNiq,CCCC[N+]1(C)CCCC1.N#C[N-]C#N,pyrrolidinium,amides,1.8095999999999999
iIRcy,CC[n+]1ccccc1C.O=S(=O)([N-]S(=O)(=O)C(F)(F)F)C(F)(F)F,pyridinium,bistriflamides,1.299
iOSoG,CCCC[n+]1ccn(C)c1.O=S(=O)([N-]S(=O)(=O)C(F)(F)F)C(F)(F)F,imidazolium,bistriflamides,1.2279
iUgmZ,CC[n+]1ccn(C)c1.CCOS(=O)(=O)[O-],imidazolium,sulfates,1.679
iiQmk,CCCCCC[n+]1ccccc1.O=S(=O)([N-]S(=O)(=O)C(F)(F)F)C(F)(F)F,pyridinium,bistriflamides,1.2408
itYqA,CC[n+]1ccn(C)c1.CCOS(=O)(=O)[O-],imidazolium,sulfates,1.679
ivUzp,CC[n+]1ccn(C)c1.O=S(=O)([N-]S(=O)(=O)C(F)(F)F)C(F)(F)F,imidazolium,bistriflamides,1.2399
ivtcj,CCC[N+]1(C)CCOCC1.CC(=O)NC(C)C(=O)[O-],morpholinium,carboxylates,1.9
jQqJN,CCC[N+]1(C)CCCC1.O=S(=O)([N-]S(=O)(=O)C(F)(F)F)C(F)(F)F,pyrrolidinium,bistriflamides,1.2688
jzNrL,C[N+]1=C(O)CCC1.O=C[O-],amidium,carboxylates,1.4783
kBZxx,CC[n+]1ccc(C)cc1.O=S(=O)([N-]S(=O)(=O)C(F)(F)F)C(F)(F)F,pyridinium,bistriflamides,1.2638
kSjMN,CCc1cccc[n+]1C.COS(=O)(=O)[O-],pyridinium,sulfates,1.856
kZSkn,CCCC[N+]1(C)CCCC1.O=S(=O)([O-])C(F)(F)F,pyrrolidinium,sulfonates,1.4601
kdwof,CCCCC[n+]1ccn(COC2CC(C)CCC2C(C)C)c1.O=S(=O)([N-]S(=O)(=O)C(F)(F)F)C(F)(F)F,imidazolium,bistriflamides,1.2691
kezmH,CCCC[N+](C)(C)C.O=S(=O)([N-]S(=O)(=O)C(F)(F)F)C(F)(F)F,ammonium,bistriflamides,1.2289
kfOGW,CCCCCCCC[NH+](CCCCCCCC)CCCCCCCC.CCCCCC(=O)[O-],ammonium,carboxylates,1.3662
kiCrn,CCCCCC[N+]1(C)CCOCC1.CC(=O)NC(CC(C)C)C(=O)[O-],morpholinium,carboxylates,1.7664000000000002
kkexO,CCCCCCCC[NH+](CCCCCCCC)CCCCCCCC.CCCCCCCC(=O)[O-],ammonium,carboxylates,1.3753
knnmS,CCCCCC[n+]1ccn(C)c1.N#C[S-],imidazolium,inorganics,1.6695
koxLB,CCCC[n+]1ccn(C)c1.CC(=O)[O-],imidazolium,carboxylates,1.6498
lJQTF,C[n+]1ccccc1.COS(=O)(=O)[O-],pyridinium,sulfates,1.8758
lJfAB,CCCCCCCC[n+]1ccn(C)c1.F[P-](F)(F)(F)(F)F,imidazolium,phosphates,1.408
lKuix,CCCCCCCC[n+]1ccn(COC2CC(C)CCC2C(C)C)c1.O=S(=O)([N-]S(=O)(=O)C(F)(F)F)C(F)(F)F,imidazolium,bistriflamides,1.2783
lPBgi,CCCC[n+]1ccn(C)c1.F[P-](F)(F)(F)(F)F,imidazolium,phosphates,1.4228
lVvzi,CCCC[n+]1ccn(C)c1.COS(=O)(=O)[O-],imidazolium,sulfates,1.6545999999999998
lYAXY,CCC[NH3+].O=C[O-],ammonium,carboxylates,1.5427
llasK,CCCCn1cc[n+](C)c1.CC(C)Cc1ccc(C(C)C(=O)[O-])cc1,imidazolium,carboxylates,1.6022
lxguD,CCCC[n+]1ccn(C)c1.N#C[S-],imidazolium,inorganics,1.768
lyIdb,C[NH2+]CCO.CCCCC(=O)[O-],ammonium,carboxylates,1.5163
mFqmi,CC[n+]1ccn(C)c1.N#C[N-]C#N,imidazolium,amides,1.787
mVEBH,C[NH2+]CCO.CC(=O)[O-],ammonium,carboxylates,1.79509375
mWCxM,CCCC[n+]1cccc(C)c1.N#C[N-]C#N,pyridinium,amides,1.7572
mgfmH,CC[n+]1ccn(C)c1.O=S(=O)([N-]S(=O)(=O)C(F)(F)F)C(F)(F)F,imidazolium,bistriflamides,1.24
mldLC,CCCCCC[n+]1cc(C)cc(C)c1CC.O=S(=O)([N-]S(=O)(=O)C(F)(F)F)C(F)(F)F,pyridinium,bistriflamides,1.303
mngBm,CCCC[n+]1ccn(C)c1.COS(=O)(=O)[O-],imidazolium,sulfates,1.6549
mulgo,CCCC[N+](C)(C)CC.CCOS(=O)(=O)[O-],ammonium,sulfates,1.8179
mvXQu,CC[n+]1ccn(C)c1C.O=S(=O)([N-]S(=O)(=O)C(F)(F)F)C(F)(F)F,imidazolium,bistriflamides,1.2866
mvbuV,CCCC[n+]1ccn(C)c1.COS(=O)(=O)[O-],imidazolium,sulfates,1.6584
nSAPV,CC[NH+](CC)CC.CC(=O)[O-],ammonium,carboxylates,1.84
nTtjI,CCCC[n+]1ccn(C)c1.O=S(=O)([O-])C(F)(F)F,imidazolium,sulfonates,1.393
natnY,CN(C)C(=[NH2+])N(C)C.CCCCCCCC(=O)[O-],guanidinium,carboxylates,1.481
navld,CC[n+]1ccn(C)c1.CCOS(=O)(=O)[O-],imidazolium,sulfates,1.683
neQHR,CCCCCCCCn1cc[n+](C)c1.N#C[S-],imidazolium,inorganics,1.6151
nibcG,CCCCCCCCCCCC[n+]1ccn(COC2CC(C)CCC2C(C)C)c1.O=S(=O)([N-]S(=O)(=O)C(F)(F)F)C(F)(F)F,imidazolium,bistriflamides,1.2953
nkJXS,C[N+]1=C(O)CCC1.CCCCCC(=O)[O-],amidium,carboxylates,1.4142000000000001
oSUfz,CC[n+]1ccn(C)c1.N#C[S-],imidazolium,inorganics,1.851
odHZY,CCCCCC[n+]1ccn(C)c1.[Br-],imidazolium,inorganics,1.5872
oebRM,C[NH2+]CCO.CCCCC(=O)[O-],ammonium,carboxylates,1.5491625
ofvfQ,CCCCCC[n+]1ccn(C)c1.O=S(=O)([N-]S(=O)(=O)C(F)(F)F)C(F)(F)F,imidazolium,bistriflamides,1.22685
osgcq,CCCCCC[n+]1ccn(COC2CC(C)CCC2C(C)C)c1.O=S(=O)([N-]S(=O)(=O)C(F)(F)F)C(F)(F)F,imidazolium,bistriflamides,1.2764000000000002
owUJK,CCCCCCCC[n+]1ccccc1.O=S(=O)([N-]S(=O)(=O)C(F)(F)F)C(F)(F)F,pyridinium,bistriflamides,1.255
pDFPr,CCCC[N+]1(C)CCCC1.O=S(=O)([O-])C(F)(F)F,pyrrolidinium,sulfonates,1.4614
pHdup,CCCC[n+]1ccn(C)c1.F[P-](F)(F)(F)(F)F,imidazolium,phosphates,1.4435
pZrXl,CCCCCC[n+]1ccn(C)c1.N#C[S-],imidazolium,inorganics,1.669
qCgCC,CC[NH+](CC)CC.CC(=O)[O-],ammonium,carboxylates,1.84
qHjmR,CC(C)COC(=O)C1CCC[NH2+]1.CCCCCCCCCCCCOS(=O)(=O)[O-],pyrrolidinium,sulfates,1.4292
qVGlI,CC[N+]1(C)CCOCC1.CCC(C)C(NC(C)=O)C(=O)[O-],morpholinium,carboxylates,1.8562
qeCzF,CCCCCC[n+]1ccn(C)c1.F[P-](F)(F)(F)(F)F,imidazolium,phosphates,1.424
qzsje,CC[n+]1ccn(C)c1.CCOS(=O)(=O)[O-],imidazolium,sulfates,1.679
rHpWJ,CC[n+]1ccn(C)c1.COS(=O)(=O)[O-],imidazolium,sulfates,1.73
rIZIM,CCCC[n+]1ccn(C)c1.O=S(=O)([O-])C(F)(F)F,imidazolium,sulfonates,1.3932
rPLWf,CC[NH2+]CC.CC(=O)[O-],ammonium,carboxylates,1.608
rTglz,CCCC[n+]1ccn(COC2CC(C)CCC2C(C)C)c1.O=S(=O)([N-]S(=O)(=O)C(F)(F)F)C(F)(F)F,imidazolium,bistriflamides,1.2652999999999999
rVjkt,CCCC[n+]1ccn(C)c1.COS(=O)(=O)[O-],imidazolium,sulfates,1.658
rXqCQ,C[N+](C)(C)CCO.CC(O)C(=O)[O-],ammonium,carboxylates,1.9118
rbDpC,CCCCCCCC[n+]1ccn(C)c1.F[P-](F)(F)(F)(F)F,imidazolium,phosphates,1.4078
rcdmU,C[NH+](C)C.CC(=O)[O-],ammonium,carboxylates,1.544
rjKhF,CCCC[n+]1ccn(C)c1.F[P-](F)(F)(F)(F)F,imidazolium,phosphates,1.4437
rypeB,CCCC[n+]1ccn(C)c1.O=S(=O)([O-])C(F)(F)F,imidazolium,sulfonates,1.391
sCKoY,CC[n+]1ccn(C)c1.O=S(=O)([O-])C(F)(F)F,imidazolium,sulfonates,1.436
sJqbu,CCCCCCC[n+]1ccn(C)c1.O=S(=O)([N-]S(=O)(=O)C(F)(F)F)C(F)(F)F,imidazolium,bistriflamides,1.231
sRaEK,CN(C)C(=[NH2+])N(C)C.CCCCCCC(=O)[O-],guanidinium,carboxylates,1.518
sRclO,CCC[N+]1(C)CCCC1.O=S(=O)([N-]S(=O)(=O)C(F)(F)F)C(F)(F)F,pyrrolidinium,bistriflamides,1.2706
sYCnM,CCCC[n+]1ccn(C)c1.F[P-](F)(F)(F)(F)F,imidazolium,phosphates,1.4424000000000001
semlF,CC[n+]1ccn(C)c1.CCOS(=O)(=O)[O-],imidazolium,sulfates,1.6714
swDdZ,OCC[NH2+]c1ccccc1.CCC(=O)[O-],ammonium,carboxylates,1.539
syjLG,CCCCCC[n+]1ccn(C)c1.[Br-],imidazolium,inorganics,1.5875
tLGLF,CCCC[n+]1cccc(C)c1.N#C[N-]C#N,pyridinium,amides,1.7572
tLidM,CC1CCC(C(C)C)C(OCn2cc[n+](C)c2)C1.O=S(=O)([N-]S(=O)(=O)C(F)(F)F)C(F)(F)F,imidazolium,bistriflamides,1.2832000000000001
tSXUF,CCCCCCCCCCC[n+]1ccn(COC2CC(C)CCC2C(C)C)c1.O=S(=O)([N-]S(=O)(=O)C(F)(F)F)C(F)(F)F,imidazolium,bistriflamides,1.2886
tUoae,CCCCCCCCn1cc[n+](C)c1.[Cl-],imidazolium,inorganics,1.6872
tiyJw,CCCC[n+]1ccn(C)c1.F[P-](F)(F)(F)(F)F,imidazolium,phosphates,1.4438
tszqv,CCCC[NH+](CCCC)CCCC.O=S(=O)([N-]S(=O)(=O)C(F)(F)F)C(F)(F)F,ammonium,bistriflamides,1.192
tyDXb,CC[n+]1ccccc1.O=S(=O)([N-]S(=O)(=O)C(F)(F)F)C(F)(F)F,pyridinium,bistriflamides,1.2681
tyUFF,CC[n+]1ccn(C)c1.O=S(=O)([O-])C(F)(F)F,imidazolium,sulfonates,1.436
uLEUE,CCCn1cc[n+](C)c1.O=S(=O)([N-]S(=O)(=O)C(F)(F)F)C(F)(F)F,imidazolium,bistriflamides,1.232
uXBTW,CC[n+]1ccn(C)c1.O=S(=O)([N-]S(=O)(=O)C(F)(F)F)C(F)(F)F,imidazolium,bistriflamides,1.2402
ummaR,CC[NH+](CC)CC.CC(=O)[O-],ammonium,carboxylates,1.84
usCJq,CCCC[n+]1cccc(C)c1.O=S(=O)([N-]S(=O)(=O)C(F)(F)F)C(F)(F)F,pyridinium,bistriflamides,1.2483
uuAuK,CCCCCCCCCC[n+]1ccn(C)c1.O=S(=O)([N-]S(=O)(=O)C(F)(F)F)C(F)(F)F,imidazolium,bistriflamides,1.244
vIeit,C[n+]1ccccc1.COS(=O)(=O)[O-],pyridinium,sulfates,1.8764
vMKTM,CC[n+]1ccn(C)c1.COS(=O)(=O)[O-],imidazolium,sulfates,1.755
vVbpp,CCCC[n+]1ccn(C)c1.O=S(=O)([O-])C(F)(F)F,imidazolium,sulfonates,1.39275
vYOOa,CC[n+]1ccn(C)c1.CCOS(=O)(=O)[O-],imidazolium,sulfates,1.682
vifUc,CCC[N+]1(C)CCCC1.O=S(=O)([N-]S(=O)(=O)C(F)(F)F)C(F)(F)F,pyrrolidinium,bistriflamides,1.2688
wAmKA,Cn1cc[n+](C)c1.COS(=O)(=O)[O-],imidazolium,sulfates,1.813
wBYhS,CC[n+]1ccccc1C.O=S(=O)([N-]S(=O)(=O)C(F)(F)F)C(F)(F)F,pyridinium,bistriflamides,1.2995
wHSFl,CCCC[n+]1ccn(C)c1.[Cl-],imidazolium,inorganics,1.874
wRWaX,CC[NH+](CC)CC.O=P([O-])(O)O,ammonium,organic phosphates,1.794
wTPfm,C[NH2+]CCO.CCC(=O)[O-],ammonium,carboxylates,1.69036875
wWPkN,C[NH2+]CCO.CCCC(=O)[O-],ammonium,carboxylates,1.6149499999999999
wYGum,CC[NH+](CC)CC.O=S(=O)([O-])O,ammonium,sulfates,1.874
wgiNR,CCCC[n+]1ccn(C)c1.O=S(=O)([N-]S(=O)(=O)C(F)(F)F)C(F)(F)F,imidazolium,bistriflamides,1.2273
wnkQX,CCCCCC[n+]1ccn(C)c1.F[P-](F)(F)(F)(F)F,imidazolium,phosphates,1.4235
wshtb,CCCC[N+]1(C)CCCC1.O=S(=O)([N-]S(=O)(=O)C(F)(F)F)C(F)(F)F,pyrrolidinium,bistriflamides,1.269
wtpSE,CCCC[N+]1(C)CCOCC1.CC(=O)NC(C(=O)[O-])C(C)C,morpholinium,carboxylates,1.7855999999999999
wvtBF,CCCC[N+]1(C)CCCC1.O=S(=O)([O-])C(F)(F)F,pyrrolidinium,sulfonates,1.461
xCDjj,CCCCCC[n+]1ccn(C)c1.[Br-],imidazolium,inorganics,1.5880999999999998
xNmKR,CC[NH3+].O=[N+]([O-])[O-],ammonium,inorganics,1.64
xqVWo,CCCCCCC[n+]1ccn(C)c1.O=S(=O)([N-]S(=O)(=O)C(F)(F)F)C(F)(F)F,imidazolium,bistriflamides,1.2304000000000002
xutTm,[NH3+]CCO.CC(O)C(=O)[O-],ammonium,carboxylates,1.8654000000000002
xvdBM,CCCCn1c[n+](CCCCS(=O)(=O)O)cn1.O=S(=O)([O-])C(F)(F)F,triazolium,sulfonates,1.3874300000000002
yJWTc,CC[n+]1ccn(C)c1.[Cl-],imidazolium,inorganics,1.935
yJbGc,CCCCCCCCC[n+]1ccn(COC2CC(C)CCC2C(C)C)c1.O=S(=O)([N-]S(=O)(=O)C(F)(F)F)C(F)(F)F,imidazolium,bistriflamides,1.2812000000000001
yORiv,CCCC[N+]1(C)CCCC1.O=S(=O)([N-]S(=O)(=O)C(F)(F)F)C(F)(F)F,pyrrolidinium,bistriflamides,1.269
yiIMZ,CCCCn1cc[n+](C)c1C.O=S(=O)([N-]S(=O)(=O)C(F)(F)F)C(F)(F)F,imidazolium,bistriflamides,1.2792999999999999
yjSem,Cn1cc[n+](C)c1.COS(=O)(=O)[O-],imidazolium,sulfates,1.811
yjxaH,C[NH+](C)C.CC(=O)[O-],ammonium,carboxylates,1.544
ylMfj,CCCn1cc[n+](CC)c1.O=S(=O)([N-]S(=O)(=O)C(F)(F)F)C(F)(F)F,imidazolium,bistriflamides,1.222
zDgMu,CCCCCCCCCCCCCC[P+](CCCCCC)(CCCCCC)CCCCCC.N#C[N-]C#N,phosphonium,amides,1.526
zERgW,CCCCCC[n+]1ccn(C)c1.F[P-](F)(F)(F)(F)F,imidazolium,phosphates,1.4203
zFKsY,CCC[N+]1(C)CCOCC1.CC(=O)NC(C(=O)[O-])C(C)C,morpholinium,carboxylates,1.8525
zQuDb,CCCC[n+]1ccn(C(CC)CC)c1.O=S(=O)([N-]S(=O)(=O)C(F)(F)F)C(F)(F)F,imidazolium,bistriflamides,1.2121499999999998
znRLa,CC[n+]1ccn(C)c1.O=S(=O)([N-]S(=O)(=O)C(F)(F)F)C(F)(F)F,imidazolium,bistriflamides,1.2403
znogF,CCCCCC[n+]1ccn(C)c1.F[P-](F)(F)(F)(F)F,imidazolium,phosphates,1.4243
znpnx,CC[n+]1ccn(C)c1.O=S(=O)([O-])C(F)(F)F,imidazolium,sulfonates,1.4358
